ntaname,type,lon,lat,residents,subway,jobs,dist_2pm_m,dist_9pm_m,poverty,borough,demand_pct,gap_type,n_broken,n_day_only,n_day_only_park,broken_names,day_names,first_action,order,stable_weights,stable_settings
Midtown South-Flatiron-Union Square,busy_street,-73.98988,40.7482,12016,51233354,203038,125,1062,0.188,Manhattan,99,evening-only,0,3,0,"",Herald Square; Greeley Square Park; Penn Station LIRR Restroom,Extend another operator's hours,1,1,1
Midtown-Times Square,busy_street,-73.98717,40.75701,9292,69013975,194672,430,758,0.458,Manhattan,100,evening-only,0,1,1,"",McCaffrey Playground,Keep a nearby park restroom open later,2,1,0.83
Chelsea-Hudson Yards,busy_street,-73.99853,40.75345,14124,27069615,54533,316,903,0.037,Manhattan,88,evening-only,0,3,3,"",Chelsea Park; The High Line Zone 2; Bella Abzug Park,Keep a nearby park restroom open later,3,1,0.83
Midtown South-Flatiron-Union Square,busy_street,-73.98411,40.74334,27358,25386756,96761,359,908,0.2,Manhattan,92,evening-only,0,2,0,"","Madison Square Park APT; Kips Bay Library, NYPL",Extend another operator's hours,4,1,1
Chelsea-Hudson Yards,busy_street,-73.99999,40.74195,27157,34083435,56820,520,736,0.072,Manhattan,94,all-day,0,0,0,"","",Build a new unit,5,1,1
Upper East Side-Lenox Hill-Roosevelt Island,busy_street,-73.95861,40.76846,37309,13007064,29941,350,905,0.044,Manhattan,85,evening-only,0,2,1,"","St. Catherine's Park; 67th Street Library, NYPL",Keep a nearby park restroom open later,6,1,0.83
East Midtown-Turtle Bay,busy_street,-73.968,40.75138,20031,0,39848,79,657,0.087,Manhattan,73,evening-only,0,4,2,"",Robert Moses Playground; MacArthur Playground; Dag Hammarskjold Food Kiosk; 805 Third Avenue POPS,Keep a nearby park restroom open later,7,0.99,0.64
Gramercy,busy_street,-73.98097,40.73332,33129,9224266,18247,274,830,0.098,Manhattan,85,evening-only,0,1,1,"",Augustus St. Gaudens Playground,Keep a nearby park restroom open later,8,1,0.83
Midtown-Times Square,busy_street,-73.98299,40.7652,21852,46926767,90404,469,658,0.077,Manhattan,93,evening-only,0,2,1,"",Central Park West; 825 Eighth Avenue POPS,Keep a nearby park restroom open later,9,1,1
Harlem (South),busy_street,-73.94707,40.80932,25463,9687632,9400,326,2225,0.187,Manhattan,85,evening-only,1,2,1,St. Nicholas Playground South,"Langston Hughes Playground; Harlem Library, NYPL",Repair or reopen nearby,10,1,0.83
Upper East Side-Carnegie Hill,busy_street,-73.95235,40.78107,46073,17663785,17007,501,1431,0.034,Manhattan,79,all-day,0,0,0,"","",Build a new unit,11,1,1
Chelsea-Hudson Yards,busy_street,-73.9972,40.74629,24708,11849348,50808,499,955,0.144,Manhattan,91,evening-only,0,1,1,"",Chelsea Park,Keep a nearby park restroom open later,12,1,1
Fort Greene,busy_street,-73.97654,40.68699,17701,16452774,17420,173,2144,0.102,Brooklyn,80,evening-only,0,5,2,"","Sixteen Sycamores Playground; Edmonds Playground; Pacific Library, BPL; Atlantic Ave Terminal LIRR Restroom; Library for Arts & Culture",Keep a nearby park restroom open later,13,1,0.83
East Harlem (North),busy_street,-73.93676,40.80436,15039,5914319,6513,219,1957,0.317,Manhattan,84,evening-only,1,1,0,Alice Kornegay Triangle,"125th Street Library, NYPL",Repair or reopen nearby,14,1,0.83
Upper East Side-Carnegie Hill,busy_street,-73.96981,40.76578,9953,20584715,53216,400,516,0.192,Manhattan,87,evening-only,0,2,0,"","Central Park Ice Rinks; 58th Street Library, NYPL",Extend another operator's hours,15,1,1
Tribeca-Civic Center,busy_street,-74.00251,40.71447,14009,19657397,63784,208,1052,0.141,Manhattan,77,evening-only,0,3,2,"","Columbus Park; New Amsterdam Library, NYPL",Keep a nearby park restroom open later,16,0.96,0.83
Hamilton Heights-Sugar Hill,busy_street,-73.94919,40.82598,29804,7458113,4690,103,3104,0.306,Manhattan,82,evening-only,1,2,1,Alexander Hamilton Playground,"Riverbank Playground; Hamilton Grange Library, NYPL",Repair or reopen nearby,17,1,0.67
Fordham Heights,busy_street,-73.89579,40.86106,28108,3999924,10168,240,2385,0.238,Bronx,78,evening-only,1,5,3,Poe Park,"Rose Hill Park; Slattery Playground; Webster Playground; Fordham Plaza APT; Bronx Library Center, NYPL",Repair or reopen nearby,18,1,0.67
Park Slope,busy_street,-73.98025,40.67673,19244,2005303,5796,151,2488,0.108,Brooklyn,75,evening-only,0,1,1,"",Park Slope Playground,Keep a nearby park restroom open later,19,0.78,0.67
Upper West Side-Lincoln Square,busy_street,-73.98266,40.77905,40748,10124348,14555,461,864,0.052,Manhattan,78,evening-only,0,1,1,"",Tecumseh Playground,Keep a nearby park restroom open later,20,0.7,0.94
The Battery-Governors Island-Ellis Island-Liberty Island,park,-74.01495,40.70442,9453,20646400,71556,168,803,0.119,Manhattan,79,evening-only,0,2,1,"",Battery Park City Zone 1; Castle Clinton National Monument,Keep a nearby park restroom open later,21,0.94,1
Inwood,busy_street,-73.92069,40.86648,26722,3322313,3433,312,1199,0.358,Manhattan,80,evening-only,0,2,1,"","Inwood Hill Park Zone 1; Inwood Library, NYPL",Keep a nearby park restroom open later,22,1,1
Washington Heights (North),busy_street,-73.93536,40.85,35527,7034997,10650,268,1215,0.15,Manhattan,83,evening-only,0,2,1,"","Bennett Park; Fort Washington Library, NYPL",Keep a nearby park restroom open later,23,1,1
Morningside Heights,park,-73.95631,40.81112,22427,6318735,20100,131,1622,0.338,Manhattan,83,evening-only,0,4,3,"","Playground 123; Morningside Playground; Sheltering Arms Playground; George Bruce Library, NYPL",Keep a nearby park restroom open later,24,1,0.67
Midtown South-Flatiron-Union Square,busy_street,-73.99379,40.7401,23466,27964633,93340,55,522,0.088,Manhattan,94,evening-only,0,1,0,"","Andrew Heiskell Braille and Talking Book Library, NYPL",Extend another operator's hours,25,1,1
SoHo-Little Italy-Hudson Square,busy_street,-73.99286,40.72344,23516,23357061,37151,179,1466,0.199,Manhattan,82,evening-only,2,1,0,Houston St Playground; Allen Street Malls,"Mulberry Street Library, NYPL",Repair or reopen nearby,26,1,0.83
Midtown-Times Square,busy_street,-73.98225,40.74874,19188,32932583,161358,354,487,0.058,Manhattan,97,evening-only,0,3,0,"","Herald Square; Starvos Niarchos Foundation Library, NYPL; Stephen A. Schwarzman Building, NYPL",Extend another operator's hours,27,1,0.92
Long Island City-Hunters Point,busy_street,-73.94109,40.746,9145,10645753,17219,674,2173,0.025,Queens,75,all-day,0,0,0,"","",Build a new unit,28,1,1
Park Slope,busy_street,-73.98656,40.6693,13803,3162853,4929,287,2431,0.05,Brooklyn,76,evening-only,0,2,1,"","Washington Park; Park Slope Library, BPL",Keep a nearby park restroom open later,29,0.95,1
Upper East Side-Carnegie Hill,busy_street,-73.95811,40.7733,33071,6603753,17637,152,712,0.054,Manhattan,78,evening-only,0,1,0,"","Yorkville Library, NYPL",Extend another operator's hours,30,0.93,1
East Harlem (North),busy_street,-73.94173,40.7956,29269,5577323,5037,312,1940,0.393,Manhattan,83,evening-only,1,0,0,Poor Richard's Playground,"",Repair or reopen nearby,31,1,0.83
West Village,busy_street,-74.00236,40.72933,19315,22725568,47673,89,784,0.058,Manhattan,78,evening-only,1,3,2,Downing Street Playground,"Vesuvio Playground; Washington Square Park Western Half; Hudson Park Library, NYPL",Repair or reopen nearby,32,0.84,0.83
Prospect Park,park,-73.96705,40.672,10104,2975347,1160,99,2318,0.076,Brooklyn,63,evening-only,0,3,1,"","Mt Prospect Park Playground; Grand Army Plaza APT; Brooklyn Central Library, BPL",Keep a nearby park restroom open later,33,0.35,0.56
Upper West Side (Central),park,-73.9741,40.78276,22662,3484039,8888,366,936,0.097,Manhattan,75,evening-only,0,2,1,"","Tecumseh Playground; St. Agnes Library, NYPL",Keep a nearby park restroom open later,34,0.89,1
Upper East Side-Carnegie Hill,busy_street,-73.96407,40.765,26246,22117273,35224,382,724,0.073,Manhattan,90,evening-only,0,2,1,"","St. Catherine's Park; 67th Street Library, NYPL",Keep a nearby park restroom open later,35,1,1
Coney Island-Sea Gate,park,-73.97418,40.57339,3709,691765,1092,146,768,0.601,Brooklyn,67,evening-only,3,1,1,Asser Levy Park; Luna Playground; Coney Island Beach Zone 4a (PIP B169-ZN04A),Coney Island Beach Zone 4b,Repair or reopen nearby,36,0.99,0.44
Downtown Brooklyn-DUMBO-Boerum Hill,park,-73.9901,40.69902,10513,8410902,9970,76,593,0.105,Brooklyn,70,evening-only,0,4,3,"","McLaughlin Park; Cadman Plaza Park; Susan Smith McKinney Steward Park; Brooklyn Heights Library, BPL",Keep a nearby park restroom open later,37,1,0.61
Jamaica,busy_street,-73.80374,40.70155,10012,14202255,5889,201,3763,0.123,Queens,76,evening-only,0,2,1,"",Rufus King Park; Jamaica LIRR Restroom,Keep a nearby park restroom open later,38,1,0.67
Chinatown-Two Bridges,busy_street,-73.99365,40.71388,27211,9875006,14251,247,1251,0.396,Manhattan,78,evening-only,2,4,2,Coleman Playground; Alfred E. Smith Playground,"Hester St Playground; Little Flower Playground; Chatham Square Library, NYPL; Seward Park Library, NYPL",Repair or reopen nearby,39,1,0.67
Financial District-Battery Park City,busy_street,-74.00743,40.7116,19884,50956894,101080,185,721,0.094,Manhattan,78,evening-only,0,2,0,"","New Amsterdam Library, NYPL; Fulton St (A-C) MTA Restroom",Extend another operator's hours,40,1,1
Upper West Side-Lincoln Square,busy_street,-73.99009,40.77331,24383,0,12435,236,471,0.192,Manhattan,68,evening-only,0,4,2,"","Gertrude Ederle Recreation Center; Damrosch Park; Library for the Performing Arts, Dorothy and Lewis B. Cullman Center Library, NYPL; Riverside Library, NYPL",Keep a nearby park restroom open later,41,0.95,0.89
Chelsea-Hudson Yards,busy_street,-73.99938,40.75718,11633,6753333,41825,99,642,0.083,Manhattan,85,evening-only,0,1,1,"",Bella Abzug Park,Keep a nearby park restroom open later,42,1,0.83
Flushing Meadows-Corona Park,park,-73.85156,40.74755,6485,0,1224,207,1062,0.235,Queens,61,evening-only,0,2,1,"",Corona Golf Playground; Fmcp Heliport,Keep a nearby park restroom open later,43,0.99,0.78
East Village,busy_street,-73.981,40.73072,32215,9224266,11921,383,985,0.172,Manhattan,85,evening-only,0,2,1,"","Tompkins Square Park; Tompkins Square Library, NYPL",Keep a nearby park restroom open later,44,1,1
Gramercy,busy_street,-73.97944,40.73549,27297,0,27483,225,890,0.185,Manhattan,73,evening-only,0,2,1,"","Augustus St. Gaudens Playground; Epiphany Library, NYPL",Keep a nearby park restroom open later,45,1,0.81
Williamsburg,busy_street,-73.95992,40.71522,19829,9837921,9387,345,630,0.21,Brooklyn,82,evening-only,1,1,1,Jaime Campiz Playground,William Sheridan Playground,Repair or reopen nearby,46,1,0.83
Prospect Park,park,-73.97592,40.66389,7485,4481029,1645,85,1482,0.057,Brooklyn,67,evening-only,0,2,2,"",Harmony Playground; Middle Long Meadow,Keep a nearby park restroom open later,47,0.32,0.5
Morningside Heights,park,-73.96698,40.80842,12690,6524585,19755,314,770,0.094,Manhattan,75,evening-only,0,2,1,"","Wildlife Sanct. & 119 St Tennis Courts; Morningside Heights Library, NYPL",Keep a nearby park restroom open later,48,1,0.83
Central Park,busy_street,-73.95834,40.7844,14754,0,8473,467,1337,0.03,Manhattan,62,evening-only,0,2,2,"",Ancient Playground,Keep a nearby park restroom open later,49,0.36,0.89
Mott Haven-Port Morris,park,-73.9172,40.80975,19749,1099074,5811,30,1863,0.539,Bronx,82,evening-only,2,2,2,Willis Playground; Saw Mill Playground,St Mary's Playground West; People's Park,Repair or reopen nearby,50,1,0.67
Elmhurst,busy_street,-73.87446,40.73472,15032,9056441,6233,316,3447,0.116,Queens,78,evening-only,1,2,1,Hoffman Park,"Newtown Playground; Elmhurst Library, QPL",Repair or reopen nearby,51,0.97,1
Manhattanville-West Harlem,park,-73.94919,40.81652,16033,1230629,3767,99,2463,0.194,Manhattan,74,evening-only,0,3,3,"",Jacob H. Schiff Playground; St Nicholas,Keep a nearby park restroom open later,52,1,0.56
University Heights (South)-Morris Heights,busy_street,-73.91217,40.84796,29770,3172546,3701,472,950,0.383,Bronx,77,evening-only,0,2,0,"","Sedgwick Library, NYPL; Grand Concourse Library, NYPL",Extend another operator's hours,53,1,1
Concourse-Concourse Village,park,-73.92607,40.82326,8507,0,4777,210,2042,0.345,Bronx,62,evening-only,0,2,2,"",Franz Sigel Park Zone 1; Mill Pond Park,Keep a nearby park restroom open later,54,1,0.67
Bedford-Stuyvesant (West),busy_street,-73.94752,40.68009,16369,4317977,3295,355,3734,0.234,Brooklyn,72,evening-only,0,2,2,"",St. Andrew's Playground; Potomac Playground,Keep a nearby park restroom open later,55,1,0.56
Washington Heights (South),busy_street,-73.94384,40.83543,35696,3358880,3319,362,2270,0.315,Manhattan,82,evening-only,0,2,1,"","Wright Brothers Playground; Washington Heights Library, NYPL",Keep a nearby park restroom open later,56,1,1
Tribeca-Civic Center,park,-74.00608,40.72198,11045,7192079,55570,506,604,0.035,Manhattan,71,all-day,0,0,0,"","",Build a new unit,57,0.55,0.83
Upper West Side (Central),busy_street,-73.97587,40.78681,39878,8259326,11922,256,1405,0.171,Manhattan,76,evening-only,0,1,0,"","St. Agnes Library, NYPL",Extend another operator's hours,58,0.94,1
Mount Eden-Claremont (West),park,-73.91005,40.83811,24178,1189146,1690,180,706,0.257,Bronx,71,evening-only,1,1,1,Claremont Zone 1,Claremont Zone 3,Repair or reopen nearby,59,1,0.5
Coney Island-Sea Gate,park,-73.96355,40.57474,10234,3242354,2351,81,1677,0.601,Brooklyn,68,evening-only,1,3,2,Coney Island Beach Zone 1b (PIP B169-ZN01B),"Coney Island Beach Zone 2a; Coney Island Beach Zone 2b; Brighton Beach Library, BPL",Repair or reopen nearby,60,0.99,0.5
Melrose,busy_street,-73.91772,40.81608,17854,4326279,15616,376,2562,0.543,Bronx,86,evening-only,0,1,1,"",Clark Playground,Keep a nearby park restroom open later,61,1,0.67
Morningside Heights,park,-73.95987,40.80167,25947,1872944,5161,253,1020,0.34,Manhattan,78,evening-only,0,2,2,"",The Great Hill; Anibal Aviles Playground,Keep a nearby park restroom open later,62,1,0.67
Kingsbridge-Marble Hill,busy_street,-73.90633,40.87695,20182,3075104,3922,156,2828,0.186,Bronx,75,evening-only,0,2,1,"","Marble Hill Playground; Kingsbridge Library, NYPL",Keep a nearby park restroom open later,63,1,0.67
Dyker Heights,park,-74.01316,40.63148,10063,2951046,3843,23,4162,0.226,Brooklyn,74,evening-only,0,2,1,"","Leif Ericson Park Playground; McKinley Park Library, BPL",Keep a nearby park restroom open later,64,1,0.67
Jackson Heights,busy_street,-73.8716,40.74893,25582,11461377,3309,761,1972,0.296,Queens,76,all-day,0,0,0,"","",Build a new unit,65,1,1
Concourse-Concourse Village,busy_street,-73.91754,40.82528,25453,0,5201,145,1694,0.302,Bronx,67,evening-only,1,3,2,Railroad Park,"Arcilla Playground; Yolanda García Park; Melrose Library, NYPL",Repair or reopen nearby,66,0.8,0.5
Norwood,park,-73.87797,40.87725,21425,1399996,6897,84,2002,0.225,Bronx,73,evening-only,1,2,1,Mosholu Parkway Zone 2 (PIP X033-ZN02),"Williamsbridge Oval; Mosholu Library, NYPL",Repair or reopen nearby,67,1,0.67
Washington Heights (South),park,-73.94561,40.84624,7118,0,2131,119,1944,0.2,Manhattan,48,evening-only,0,2,2,"",Fort Washington Park Zone 2A; J. Hood Wright Park,Keep a nearby park restroom open later,68,1,0.67
Van Cortlandt Park,park,-73.88507,40.88401,7025,1494474,11533,295,1231,0.305,Bronx,66,evening-only,0,3,2,"",Sachkerah Woods Playground; Van Cortlandt Classic Playground; Mosholu Golf Course,Keep a nearby park restroom open later,69,0.99,0.44
Highbridge Park,park,-73.92604,40.85163,18243,1748269,3598,164,1162,0.173,Manhattan,69,evening-only,0,1,1,"",Wallenberg Playground,Keep a nearby park restroom open later,70,1,0.44
Upper West Side (Central),park,-73.97587,40.79627,20452,8784987,4131,72,777,0.173,Manhattan,69,evening-only,0,2,2,"",Hippo Playground; Dinosaur Playground,Keep a nearby park restroom open later,71,0.95,0.67
Ridgewood,plaza,-73.90938,40.69999,20718,6348452,3652,488,4340,0.1,Queens,69,evening-only,0,1,1,"",Bushwick Playground,Keep a nearby park restroom open later,72,0.86,0.67
Midtown-Times Square,busy_street,-73.9901,40.75575,10562,68837815,172654,395,1003,0.544,Manhattan,100,evening-only,0,1,1,"",McCaffrey Playground,Keep a nearby park restroom open later,73,1,1
Sunnyside,park,-73.92261,40.74086,18400,5935513,3825,30,3233,0.108,Queens,79,evening-only,0,2,1,"","L/CPL Thomas P. Noonan Jr. Playground; Sunnyside Library, QPL",Keep a nearby park restroom open later,74,1,0.67
Hamilton Heights-Sugar Hill,park,-73.94208,40.82462,31360,5975206,2588,158,2706,0.21,Manhattan,80,evening-only,0,3,3,"",Playground One Fifty Two CLII; Playground One Forty Nine CIL; Renaissance Playground,Keep a nearby park restroom open later,75,1,0.67
East Harlem (South),park,-73.94211,40.7841,16055,4512150,5210,247,2188,0.478,Manhattan,77,evening-only,0,1,1,"",Stanley Isaacs Playground,Keep a nearby park restroom open later,76,1,0.67
Jackson Heights,park,-73.89064,40.74759,19801,14907349,10076,475,3100,0.09,Queens,78,evening-only,0,1,1,"",Frank D. O'Connor Playground,Keep a nearby park restroom open later,77,1,0.83
Park Slope,busy_street,-73.97769,40.6801,16559,12302456,7421,348,2406,0.063,Brooklyn,75,evening-only,0,3,2,"","Dean Playground; Park Slope Playground; Pacific Library, BPL",Keep a nearby park restroom open later,78,0.75,0.83
Flatbush,busy_street,-73.94756,40.63282,11648,4169321,2814,326,2808,0.099,Brooklyn,72,evening-only,0,1,0,"","Clarendon Library, BPL",Extend another operator's hours,79,0.61,0.67
Morningside Heights,park,-73.96342,40.81518,9823,2115489,2708,108,1571,0.297,Manhattan,64,evening-only,0,2,2,"",Claremont; Wildlife Sanct. & 119 St Tennis Courts,Keep a nearby park restroom open later,80,1,0.56
Central Park,park,-73.96343,40.79086,11897,2286376,3454,325,1485,0.083,Manhattan,66,evening-only,0,2,2,"",North Meadow Recreation Center; Sol Bloom Playground,Keep a nearby park restroom open later,81,0.28,0.5
Lincoln Terrace Park,park,-73.92802,40.66522,19694,1394873,1444,132,3893,0.35,Brooklyn,67,evening-only,0,1,1,"",Lincoln Terrace Park / Arthur S. Somers Playground,Keep a nearby park restroom open later,82,0.92,0.44
Gravesend (East)-Homecrest,park,-73.95822,40.60445,11692,4503120,10697,777,3804,0.321,Brooklyn,82,all-day,0,0,0,"","",Build a new unit,83,1,1
Flushing-Willets Point,park,-73.82489,40.75832,26211,15017678,10744,39,1493,0.161,Queens,78,evening-only,0,3,2,"","Bowne Playground; Maple Playground; Flushing Library, QPL",Keep a nearby park restroom open later,84,1,0.67
Flushing-Willets Point,busy_street,-73.83555,40.75833,7480,15017678,17848,566,855,0.244,Queens,78,all-day,0,0,0,"","",Build a new unit,85,1,1
Long Island City-Hunters Point,busy_street,-73.9521,40.74283,9427,5886234,10543,561,1942,0.051,Queens,79,all-day,0,0,0,"","",Build a new unit,86,0.66,1
Corona,park,-73.86222,40.74891,22388,5569769,2673,35,1789,0.147,Queens,79,evening-only,0,3,1,"","Park Of The Americas; Corona Plaza APT; Corona Library, QPL",Keep a nearby park restroom open later,87,0.97,0.67
Bay Ridge,park,-74.02203,40.63688,14584,1871589,3124,278,4662,0.188,Brooklyn,78,evening-only,0,2,2,"",Millennium Playground; John Allen Payne Playground,Keep a nearby park restroom open later,88,1,0.67
Harlem (North),park,-73.93675,40.81922,24598,690355,3419,64,2858,0.245,Manhattan,77,evening-only,0,4,4,"",Fred Samuel Playground; Brigadier General Charles Young Playground; Renaissance Playground; Mill Pond Playground,Keep a nearby park restroom open later,89,1,0.67
Woodside,park,-73.9084,40.74626,13603,5426306,4375,155,4358,0.122,Queens,77,evening-only,0,2,1,"","Lawrence Virgilio Playground; Woodside Library, QPL",Keep a nearby park restroom open later,90,0.9,0.67
Tremont,busy_street,-73.89937,40.84756,14137,0,4895,187,956,0.415,Bronx,64,evening-only,0,2,1,"","Richman (Echo) Park; Tremont Library, NYPL",Keep a nearby park restroom open later,91,1,0.67
West Farms,park,-73.87803,40.84078,10561,3128901,1456,272,1441,0.489,Bronx,75,evening-only,0,2,2,"",River Park; Vidalia Park,Keep a nearby park restroom open later,92,0.99,0.5
Yankee Stadium-Macombs Dam Park,park,-73.92429,40.83137,18557,6323559,2853,40,1157,0.397,Bronx,75,evening-only,2,1,1,Nelson Playground; Joyce Kilmer Park,Foster Park Zone 1,Repair or reopen nearby,93,1,0.67
University Heights (North)-Fordham,park,-73.90468,40.86377,22459,2082445,4057,21,2391,0.236,Bronx,72,evening-only,0,1,1,"",Devoe Park,Keep a nearby park restroom open later,94,1,0.5
Van Cortlandt Park,park,-73.89753,40.88673,7796,2411831,2099,221,1555,0.652,Bronx,69,evening-only,0,3,2,"","Van Cortlandt Pool; Van Cortlandt Library, NYPL; Van Cortlandt Stadium",Keep a nearby park restroom open later,95,1,0.83
University Heights (South)-Morris Heights,park,-73.91181,40.85297,25509,3189989,2602,538,1469,0.288,Bronx,68,all-day,0,0,0,"","",Build a new unit,96,1,0.67
South Williamsburg,park,-73.94928,40.70306,23586,2995714,12734,357,1978,0.484,Brooklyn,74,evening-only,2,1,1,Sternberg Park; De Hostos Playground,Bartlett Playground,Repair or reopen nearby,97,0.99,0.44
Bedford-Stuyvesant (West),park,-73.94396,40.69495,21198,1268340,3773,237,2927,0.214,Brooklyn,67,evening-only,0,3,3,"",Sumner Playground; Stockton Playground; Willoughby Playground,Keep a nearby park restroom open later,98,0.99,0.44
Jamaica Hills-Briarwood,park,-73.79839,40.711,13550,1796908,4093,52,2745,0.125,Queens,71,evening-only,0,2,1,"","Captain Tilly Park; Queens Central Library, QPL",Keep a nearby park restroom open later,99,0.63,0.44
Crotona Park East,park,-73.88339,40.83133,15324,1397012,2013,270,1345,0.298,Bronx,65,evening-only,0,1,1,"",Starlight Park Zone 1,Keep a nearby park restroom open later,100,1,0.5
Flushing Meadows-Corona Park,park,-73.85155,40.7543,6422,3447109,1310,316,1019,0.325,Queens,69,evening-only,0,1,1,"",Louis Armstrong Playground,Keep a nearby park restroom open later,101,0.95,0.56
Concourse-Concourse Village,park,-73.93141,40.82327,10250,707211,3164,132,2236,0.345,Bronx,68,evening-only,1,3,2,Frederick Johnson Playground,"Mill Pond Park; Macomb's Bridge Library, NYPL; Mill Pond Playground",Repair or reopen nearby,102,1,0.44
Bedford Park,park,-73.8922,40.87591,4455,1117629,2793,82,2263,0.039,Bronx,69,evening-only,0,1,1,"",Harris Playground,Keep a nearby park restroom open later,103,0.26,0.44
Prospect Heights,plaza,-73.96468,40.68066,17385,1893810,5615,452,3298,0.131,Brooklyn,67,evening-only,0,2,2,"",Crispus Attucks Playground; James Forten Playground,Keep a nearby park restroom open later,104,0.43,0.56
Bushwick (West),park,-73.93331,40.7017,14350,2084920,4076,49,2746,0.145,Brooklyn,68,evening-only,0,2,2,"",Fermi Playground; Green Central Knoll,Keep a nearby park restroom open later,105,0.77,0.56
Brownsville,park,-73.91384,40.66251,14593,2089113,2336,80,4932,0.252,Brooklyn,66,evening-only,0,2,2,"",Betsy Head Park; Imagination Playground at Betsy Head,Keep a nearby park restroom open later,106,0.93,0.44
Brownsville,park,-73.90495,40.67196,13190,1242833,3279,312,5981,0.498,Brooklyn,67,evening-only,0,1,0,"","Brownsville Library, BPL",Extend another operator's hours,107,0.92,0.67
Hell's Kitchen,busy_street,-73.98832,40.7598,18228,68269407,109290,270,937,0.295,Manhattan,96,evening-only,0,3,2,"",Mathews-Palmer Playground; McCaffrey Playground; 825 Eighth Avenue POPS,Keep a nearby park restroom open later,108,1,1
Hamilton Heights-Sugar Hill,park,-73.95452,40.82463,24496,4974743,4150,122,2854,0.248,Manhattan,78,evening-only,1,1,1,Alexander Hamilton Playground,Riverbank Playground,Repair or reopen nearby,109,1,0.67
Greenwich Village,park,-73.9972,40.73008,23574,16364897,42338,119,938,0.058,Manhattan,82,evening-only,1,1,1,Downing Street Playground,Washington Square Park Western Half,Repair or reopen nearby,110,0.84,0.83
Upper West Side-Manhattan Valley,park,-73.97409,40.79762,22446,8784987,4006,141,581,0.097,Manhattan,71,evening-only,0,2,2,"",Dinosaur Playground; 101st St. Soccer Field,Keep a nearby park restroom open later,111,0.92,0.67
East Harlem (North),park,-73.94387,40.80436,17729,3368897,8260,83,2373,0.127,Manhattan,80,evening-only,1,1,0,Marcus Garvey Park Zone 1,"Harlem Library, NYPL",Repair or reopen nearby,112,1,0.67
Harlem (North),park,-73.93853,40.81381,20334,2693604,4988,42,2836,0.207,Manhattan,79,evening-only,0,6,4,"","Fred Samuel Playground; Abraham Lincoln Playground; Moore Playground; Howard Bennett Playground; Schomburg Center for Research in Black Culture, NYPL; Countee Cullen Library, NYPL",Keep a nearby park restroom open later,113,1,0.67
Queensbridge-Ravenswood-Dutch Kills,park,-73.93325,40.75708,10221,2602417,6632,76,2274,0.331,Queens,78,evening-only,0,2,1,"","Dutch Kills Playground; Ravenswood Library, QPL",Keep a nearby park restroom open later,114,1,0.67
Long Island City-Hunters Point,plaza,-73.94828,40.75022,4751,6443955,11832,333,1410,0.05,Queens,78,evening-only,1,0,0,Murray Playground,"",Repair or reopen nearby,115,0.6,0.67
Forest Hills,park,-73.84806,40.72593,20755,1845040,5464,371,2912,0.109,Queens,78,evening-only,0,1,1,"",Russell Sage Playground,Keep a nearby park restroom open later,116,0.92,0.67
Upper East Side-Yorkville,busy_street,-73.94922,40.7814,43095,14951045,14354,425,1675,0.11,Manhattan,81,evening-only,0,2,2,"",Stanley Isaacs Playground; Samuel Seabury Playground,Keep a nearby park restroom open later,117,1,1
Highbridge Park,park,-73.93495,40.83813,12267,6386185,7106,203,1472,0.097,Manhattan,71,evening-only,1,1,1,Adventure Playground,Audubon Playground,Repair or reopen nearby,118,1,0.67
Sunset Park (Central),park,-74.00253,40.64634,19553,0,4995,257,2784,0.213,Brooklyn,65,evening-only,0,1,1,"",Sunset Park Playground,Keep a nearby park restroom open later,119,1,0.67
Longwood,park,-73.89763,40.81919,20366,2673909,3390,74,2277,0.369,Bronx,76,evening-only,0,3,2,"","Fox Park; Bill Rainey Park; Hunts Point Library, NYPL",Keep a nearby park restroom open later,120,1,0.67
Astoria (East)-Woodside (North),park,-73.91193,40.75977,13084,1913413,2879,149,3742,0.136,Queens,76,evening-only,0,1,1,"",Astoria Heights Playground,Keep a nearby park restroom open later,121,0.91,0.67
Fordham Heights,busy_street,-73.90113,40.85566,31099,2161924,3834,297,1857,0.371,Bronx,75,evening-only,0,1,1,"",Slattery Playground,Keep a nearby park restroom open later,122,1,0.67
Washington Heights (South),park,-73.9474,40.83813,16389,0,3565,760,2512,0.192,Manhattan,63,all-day,0,0,0,"","",Build a new unit,123,0.99,0.89
Carroll Gardens-Cobble Hill-Gowanus-Red Hook,park,-73.99366,40.67065,6464,4228398,4312,809,2534,0.036,Brooklyn,75,all-day,0,0,0,"","",Build a new unit,124,0.43,0.67
Williamsburg,park,-73.95104,40.71927,11689,0,4127,185,313,0.041,Brooklyn,60,evening-only,0,1,1,"",McCarren Park Zone 1,Keep a nearby park restroom open later,125,0.41,0.56
Elmhurst,park,-73.8729,40.73272,11859,4524888,5191,122,3466,0.115,Queens,73,evening-only,1,1,1,Hoffman Park,Newtown Playground,Repair or reopen nearby,126,0.97,1
Downtown Brooklyn-DUMBO-Boerum Hill,park,-73.98123,40.68686,17022,23639674,16794,25,1776,0.119,Brooklyn,80,evening-only,0,4,1,"","Sixteen Sycamores Playground; Pacific Library, BPL; Atlantic Ave Terminal LIRR Restroom; Library for Arts & Culture",Keep a nearby park restroom open later,127,1,0.83
East Williamsburg,plaza,-73.9409,40.70356,17768,3851275,10957,156,2249,0.339,Brooklyn,71,evening-only,0,2,1,"","Bushwick Playground; Bushwick Library, BPL",Keep a nearby park restroom open later,128,0.97,0.44
Longwood,park,-73.89407,40.82459,19061,2369975,3938,27,1669,0.336,Bronx,71,evening-only,0,3,3,"",Horseshoe Playground; Rev J Polite Playground; Tiffany Playground,Keep a nearby park restroom open later,129,1,0.44
Fort Greene,busy_street,-73.97591,40.68956,14044,5274328,13047,314,2128,0.096,Brooklyn,78,evening-only,0,5,4,"",Fort Greene Playground; Fort Greene Park Zone 3; Albert J. Parham Playground; Edmonds Playground; Library for Arts & Culture,Keep a nearby park restroom open later,130,0.99,0.67
Elmhurst,busy_street,-73.88064,40.74157,32620,3256579,3184,171,3056,0.14,Queens,71,evening-only,0,2,1,"","Moore Homestead Playground; Elmhurst Library, QPL",Keep a nearby park restroom open later,131,0.66,0.44
Castle Hill-Unionport,busy_street,-73.86133,40.83276,19905,2834403,2546,190,1926,0.187,Bronx,70,evening-only,0,2,1,"","Virginia Playground; Parkchester Library, NYPL",Keep a nearby park restroom open later,132,0.88,0.44
Mott Haven-Port Morris,park,-73.91721,40.803,8503,611022,2733,150,1117,0.396,Bronx,70,evening-only,0,1,1,"",Millbrook Playground,Keep a nearby park restroom open later,133,0.99,0.56
East Flatbush-Farragut,park,-73.94756,40.63822,16519,1643460,1119,21,2405,0.229,Brooklyn,70,evening-only,0,2,1,"","Nostrand Playground; Clarendon Library, BPL",Keep a nearby park restroom open later,134,0.91,0.44
Lower East Side,park,-73.983,40.70982,9182,0,1850,71,1303,0.287,Manhattan,51,evening-only,0,2,2,"",Corlears Hook Park; Pier 42,Keep a nearby park restroom open later,135,0.66,0.44
Westchester Square,park,-73.84246,40.84074,4092,993324,4311,349,566,0.263,Bronx,66,evening-only,0,2,1,"","The Pearly Gates; Westchester Square Library, NYPL",Keep a nearby park restroom open later,136,0.96,0.67
Gravesend (East)-Homecrest,park,-73.9724,40.60041,8726,1155880,5979,85,2529,0.3,Brooklyn,69,evening-only,0,1,1,"",McDonald Playground,Keep a nearby park restroom open later,137,0.98,0.44
Bedford Park,park,-73.88508,40.87861,13231,1494474,12571,587,1825,0.203,Bronx,69,all-day,1,0,0,Mosholu Parkway Zone 2 (PIP X033-ZN02),"",Repair or reopen nearby,138,0.79,0.67
Midtown-Times Square,busy_street,-73.97766,40.76385,9944,25163114,130444,338,361,0.077,Manhattan,86,evening-only,0,1,0,"","53rd Street Library, NYPL",Extend another operator's hours,139,1,0.83
Mott Haven-Port Morris,park,-73.91187,40.80975,14432,418507,3387,117,1951,0.3,Bronx,68,evening-only,0,3,3,"",St Mary's Playground East; St Mary's Playground West; People's Park,Keep a nearby park restroom open later,140,1,0.56
Carroll Gardens-Cobble Hill-Gowanus-Red Hook,park,-73.98478,40.6801,11861,2005303,4238,569,1952,0.118,Brooklyn,69,all-day,0,0,0,"","",Build a new unit,141,0.36,0.67
Central Park,park,-73.96165,40.79221,8453,3403732,3325,210,1440,0.048,Manhattan,66,evening-only,0,1,1,"",North Meadow Recreation Center,Keep a nearby park restroom open later,142,0.94,0.5
Mapleton-Midwood (West),park,-73.96885,40.61662,9504,602095,4453,351,3651,0.32,Brooklyn,68,evening-only,0,1,1,"",Friends Field,Keep a nearby park restroom open later,143,0.97,0.44
Highbridge Park,park,-73.92426,40.85568,13266,1748269,2000,303,913,0.225,Manhattan,64,evening-only,0,2,2,"",Wallenberg Playground; Sherman Creek,Keep a nearby park restroom open later,144,1,0.44
Mapleton-Midwood (West),park,-73.97061,40.62607,9110,347315,9136,710,2798,0.074,Brooklyn,68,all-day,0,0,0,"","",Build a new unit,145,0.22,0.67
Bushwick (West),park,-73.92443,40.70304,15574,2613770,11801,37,3129,0.271,Brooklyn,68,evening-only,0,2,2,"",Maria Hernandez Park; Fermi Playground,Keep a nearby park restroom open later,146,0.83,0.44
East Midtown-Turtle Bay,busy_street,-73.96701,40.75304,21747,0,37030,145,500,0.087,Manhattan,73,evening-only,0,3,1,"",MacArthur Playground; Dag Hammarskjold Food Kiosk; 805 Third Avenue POPS,Keep a nearby park restroom open later,147,0.56,0.58
Flushing Meadows-Corona Park,park,-73.8321,40.71916,5546,785198,8192,558,3649,0.086,Queens,66,all-day,0,0,0,"","",Build a new unit,148,0.23,0.56
Bedford-Stuyvesant (West),park,-73.95816,40.69226,19139,3585044,7693,70,2580,0.311,Brooklyn,68,evening-only,0,2,2,"",Star Spangled Playground; Pratt Playground,Keep a nearby park restroom open later,149,0.84,0.44
Ozone Park (North),park,-73.85703,40.68137,11405,1599973,840,21,7913,0.276,Queens,67,evening-only,0,1,1,"",Ampere Playground,Keep a nearby park restroom open later,150,0.86,0.44
Jamaica Hills-Briarwood,park,-73.82146,40.71239,8912,1183353,1726,237,4436,0.166,Queens,67,evening-only,0,2,1,"","Hoover - Manton Playgrounds; Briarwood Library, QPL",Keep a nearby park restroom open later,151,0.45,0.44
Washington Heights (North),park,-73.93137,40.86244,13058,2450715,1524,221,219,0.166,Manhattan,66,evening-only,1,1,0,Anne Loftus Playground,Fort Tryon Park Zone 1,Repair or reopen nearby,152,0.43,0.39
Central Park,park,-73.96877,40.78411,11823,6187760,4386,637,972,0.064,Manhattan,64,all-day,0,0,0,"","",Build a new unit,153,0.55,0.72
Hamilton Heights-Sugar Hill,busy_street,-73.95452,40.82733,17225,2190118,3196,197,3115,0.306,Manhattan,72,evening-only,0,2,2,"",Riverbank Playground; Ten Mile River Playground,Keep a nearby park restroom open later,154,1,0.67
Ozone Park,plaza,-73.86326,40.67928,15947,2149479,1723,563,8250,0.197,Queens,67,all-day,0,0,0,"","",Build a new unit,155,0.55,0.67
Sunset Park (East)-Borough Park (West),park,-74.00075,40.63688,17333,0,12562,12,3034,0.278,Brooklyn,67,evening-only,0,1,1,"",Rappaport Playground,Keep a nearby park restroom open later,156,0.75,0.44
