ntaname,share_revealed_draws,share_any_weights,revealed_by_pilots,equal_law_factors,footfall_heavy,transit_heavy,equity_heavy,access_heavy,no_population,named_count,stability
Chelsea-Hudson Yards,1,0.996,TRUE,TRUE,TRUE,TRUE,TRUE,TRUE,TRUE,7,robust
East Village,1,0.994,TRUE,TRUE,TRUE,TRUE,TRUE,TRUE,TRUE,7,robust
Midtown-Times Square,1,0.9925,TRUE,TRUE,TRUE,TRUE,TRUE,TRUE,TRUE,7,robust
Midtown South-Flatiron-Union Square,1,0.9775,TRUE,TRUE,TRUE,TRUE,TRUE,TRUE,TRUE,7,robust
East Harlem (North),1,0.924,TRUE,TRUE,TRUE,TRUE,TRUE,TRUE,TRUE,7,robust
Upper East Side-Carnegie Hill,1,0.9105,TRUE,TRUE,TRUE,TRUE,TRUE,TRUE,TRUE,7,robust
Flushing-Willets Point,1,0.8,TRUE,TRUE,TRUE,TRUE,TRUE,TRUE,TRUE,7,robust
Williamsburg,0.9995,0.8735,TRUE,TRUE,TRUE,TRUE,TRUE,TRUE,TRUE,7,robust
Harlem (South),0.9995,0.856,TRUE,TRUE,TRUE,TRUE,TRUE,TRUE,TRUE,7,robust
East Harlem (South),0.9985,0.937,TRUE,TRUE,TRUE,TRUE,TRUE,TRUE,TRUE,7,robust
Murray Hill-Kips Bay,0.9985,0.7955,TRUE,TRUE,TRUE,TRUE,FALSE,TRUE,TRUE,6,robust
Washington Heights (South),0.998,0.8435,TRUE,TRUE,TRUE,TRUE,TRUE,TRUE,TRUE,7,robust
Jackson Heights,0.996,0.683,TRUE,TRUE,TRUE,TRUE,TRUE,TRUE,TRUE,7,robust
Upper East Side-Yorkville,0.9925,0.716,TRUE,TRUE,TRUE,TRUE,FALSE,TRUE,TRUE,6,robust
East Midtown-Turtle Bay,0.9915,0.776,TRUE,TRUE,TRUE,TRUE,FALSE,TRUE,TRUE,6,robust
Upper West Side-Lincoln Square,0.9895,0.945,TRUE,TRUE,TRUE,TRUE,TRUE,TRUE,TRUE,7,robust
Gravesend (East)-Homecrest,0.989,0.7175,TRUE,TRUE,TRUE,TRUE,TRUE,TRUE,TRUE,7,robust
Mott Haven-Port Morris,0.9875,0.7625,TRUE,TRUE,TRUE,TRUE,TRUE,TRUE,TRUE,7,robust
Inwood,0.9735,0.7515,TRUE,TRUE,TRUE,TRUE,TRUE,TRUE,TRUE,7,robust
Long Island City-Hunters Point,0.968,0.411,TRUE,FALSE,FALSE,TRUE,FALSE,TRUE,TRUE,4,robust to model uncertainty only
Upper East Side-Lenox Hill-Roosevelt Island,0.9585,0.8445,TRUE,TRUE,TRUE,TRUE,TRUE,FALSE,FALSE,5,robust
Tribeca-Civic Center,0.9515,0.7485,TRUE,TRUE,FALSE,TRUE,TRUE,TRUE,TRUE,6,robust
University Heights (South)-Morris Heights,0.9495,0.6365,TRUE,TRUE,FALSE,TRUE,TRUE,TRUE,TRUE,6,robust
Financial District-Battery Park City,0.946,0.503,TRUE,TRUE,FALSE,TRUE,FALSE,FALSE,TRUE,4,robust
Fordham Heights,0.865,0.644,TRUE,TRUE,FALSE,TRUE,TRUE,TRUE,TRUE,6,robust
Greenwich Village,0.855,0.7655,TRUE,TRUE,TRUE,TRUE,FALSE,TRUE,TRUE,6,robust
Washington Heights (North),0.803,0.427,TRUE,FALSE,TRUE,FALSE,FALSE,FALSE,FALSE,2,robust to model uncertainty only
Park Slope,0.7685,0.158,TRUE,FALSE,FALSE,FALSE,FALSE,TRUE,FALSE,2,depends on weights
Sunnyside,0.698,0.741,TRUE,TRUE,TRUE,TRUE,TRUE,TRUE,TRUE,7,depends on weights
Elmhurst,0.645,0.583,TRUE,TRUE,FALSE,TRUE,FALSE,TRUE,TRUE,5,depends on weights
Carroll Gardens-Cobble Hill-Gowanus-Red Hook,0.581,0.094,TRUE,FALSE,FALSE,FALSE,FALSE,FALSE,FALSE,1,depends on weights
Ridgewood,0.492,0.0755,TRUE,FALSE,FALSE,FALSE,FALSE,TRUE,FALSE,2,weak
Upper West Side (Central),0.41,0.222,FALSE,FALSE,FALSE,FALSE,FALSE,FALSE,FALSE,0,weak
Morningside Heights,0.328,0.6935,FALSE,TRUE,TRUE,FALSE,TRUE,FALSE,TRUE,4,weak
Gramercy,0.3225,0.751,FALSE,TRUE,TRUE,TRUE,FALSE,FALSE,TRUE,4,weak
Mapleton-Midwood (West),0.204,0.042,FALSE,FALSE,FALSE,FALSE,FALSE,FALSE,FALSE,0,weak
Bedford Park,0.149,0.12,FALSE,FALSE,FALSE,FALSE,FALSE,TRUE,FALSE,1,weak
Central Park,0.101,0.043,FALSE,FALSE,FALSE,FALSE,FALSE,FALSE,FALSE,0,weak
Yankee Stadium-Macombs Dam Park,0.0925,0.3095,FALSE,FALSE,FALSE,FALSE,TRUE,FALSE,FALSE,1,weak
Crotona Park East,0.087,0.069,FALSE,FALSE,FALSE,FALSE,FALSE,TRUE,FALSE,1,weak
West Village,0.077,0.1195,FALSE,FALSE,FALSE,FALSE,FALSE,FALSE,FALSE,0,weak
Brighton Beach,0.0715,0.1465,FALSE,FALSE,FALSE,FALSE,FALSE,TRUE,FALSE,1,weak
SoHo-Little Italy-Hudson Square,0.0635,0.3265,FALSE,FALSE,FALSE,TRUE,FALSE,FALSE,FALSE,1,weak
Hamilton Heights-Sugar Hill,0.0575,0.4615,FALSE,TRUE,TRUE,FALSE,TRUE,FALSE,FALSE,3,weak
Hell's Kitchen,0.055,0.529,FALSE,FALSE,TRUE,FALSE,FALSE,FALSE,FALSE,1,weak
Flatlands,0.052,0.0465,FALSE,FALSE,FALSE,FALSE,FALSE,FALSE,FALSE,0,weak
Concourse-Concourse Village,0.043,0.4085,FALSE,TRUE,FALSE,FALSE,TRUE,FALSE,TRUE,3,weak
Ocean Hill,0.034,0.1505,FALSE,FALSE,FALSE,FALSE,FALSE,TRUE,FALSE,1,weak
Stuyvesant Town-Peter Cooper Village,0.0305,0.074,FALSE,FALSE,FALSE,FALSE,FALSE,FALSE,FALSE,0,weak
Hutchinson Metro Center,0.0255,0.1475,FALSE,FALSE,FALSE,FALSE,TRUE,TRUE,FALSE,2,weak
Ozone Park,0.025,0.057,FALSE,FALSE,FALSE,FALSE,FALSE,TRUE,FALSE,1,weak
East New York (North),0.023,0.106,FALSE,FALSE,FALSE,FALSE,FALSE,TRUE,FALSE,1,weak
Upper West Side-Manhattan Valley,0.0215,0.2015,FALSE,FALSE,TRUE,FALSE,FALSE,FALSE,FALSE,1,weak
Kingsbridge-Marble Hill,0.0165,0.227,FALSE,FALSE,FALSE,FALSE,TRUE,FALSE,TRUE,2,weak
South Williamsburg,0.014,0.293,FALSE,FALSE,FALSE,FALSE,TRUE,FALSE,FALSE,1,weak
Bedford-Stuyvesant (West),0.0125,0.063,FALSE,FALSE,FALSE,FALSE,FALSE,FALSE,FALSE,0,weak
Co-op City,0.006,0.0435,FALSE,FALSE,FALSE,FALSE,FALSE,FALSE,FALSE,0,weak
New Springville-Willowbrook-Bulls Head-Travis,0.0045,0.033,FALSE,FALSE,FALSE,FALSE,FALSE,FALSE,FALSE,0,weak
Chinatown-Two Bridges,0.0035,0.4275,FALSE,FALSE,FALSE,TRUE,TRUE,FALSE,FALSE,2,weak
Freshkills Park (North),0.0035,0.0645,FALSE,FALSE,FALSE,FALSE,FALSE,FALSE,FALSE,0,weak
Mount Eden-Claremont (West),0.003,0.1025,FALSE,FALSE,FALSE,FALSE,FALSE,FALSE,FALSE,0,weak
Soundview-Clason Point,0.003,0.0435,FALSE,FALSE,FALSE,FALSE,FALSE,FALSE,FALSE,0,weak
University Heights (North)-Fordham,0.0025,0.1915,FALSE,FALSE,FALSE,FALSE,FALSE,FALSE,FALSE,0,weak
Rosedale,0.0025,0.0695,FALSE,FALSE,FALSE,FALSE,FALSE,FALSE,FALSE,0,weak
St. George-New Brighton,0.0025,0.0575,FALSE,FALSE,FALSE,FALSE,FALSE,FALSE,FALSE,0,weak
Rosebank-Shore Acres-Park Hill,0.0025,0.048,FALSE,FALSE,FALSE,FALSE,FALSE,FALSE,FALSE,0,weak
Downtown Brooklyn-DUMBO-Boerum Hill,0.002,0.2695,FALSE,FALSE,FALSE,TRUE,FALSE,FALSE,FALSE,1,weak
Tremont,0.002,0.125,FALSE,FALSE,FALSE,FALSE,FALSE,FALSE,FALSE,0,weak
Marine Park-Plumb Island,0.002,0.0395,FALSE,FALSE,FALSE,FALSE,FALSE,FALSE,FALSE,0,weak
Todt Hill-Emerson Hill-Lighthouse Hill-Manor Heights,0.002,0.039,FALSE,FALSE,FALSE,FALSE,FALSE,FALSE,FALSE,0,weak
Flushing Meadows-Corona Park,0.0015,0.0535,FALSE,FALSE,FALSE,FALSE,FALSE,FALSE,FALSE,0,weak
Gravesend (South),0.0015,0.033,FALSE,FALSE,FALSE,FALSE,FALSE,FALSE,FALSE,0,weak
Manhattanville-West Harlem,0.001,0.1095,FALSE,FALSE,FALSE,FALSE,FALSE,FALSE,FALSE,0,weak
Harlem (North),0.0005,0.113,FALSE,FALSE,FALSE,FALSE,FALSE,FALSE,FALSE,0,weak
Highbridge Park,0.0005,0.0995,FALSE,FALSE,FALSE,FALSE,FALSE,FALSE,FALSE,0,weak
West Farms,0.0005,0.088,FALSE,FALSE,FALSE,FALSE,TRUE,FALSE,FALSE,1,weak
Coney Island-Sea Gate,0.0005,0.0555,FALSE,FALSE,FALSE,FALSE,FALSE,FALSE,FALSE,0,weak
Soundview Park,0.0005,0.034,FALSE,FALSE,FALSE,FALSE,FALSE,FALSE,FALSE,0,weak
Alley Pond Park,0.0005,0.0335,FALSE,FALSE,FALSE,FALSE,FALSE,FALSE,FALSE,0,weak
Great Kills-Eltingville,0.0005,0.022,FALSE,FALSE,FALSE,FALSE,FALSE,FALSE,FALSE,0,weak
Rego Park,0.0005,0.018,FALSE,FALSE,FALSE,FALSE,FALSE,FALSE,FALSE,0,weak
Melrose,0,0.106,FALSE,FALSE,FALSE,FALSE,FALSE,FALSE,FALSE,0,weak
Soundview-Bruckner-Bronx River,0,0.0835,FALSE,FALSE,FALSE,FALSE,FALSE,FALSE,FALSE,0,weak
Belmont,0,0.0565,FALSE,FALSE,FALSE,FALSE,FALSE,FALSE,FALSE,0,weak
Morrisania,0,0.0335,FALSE,FALSE,FALSE,FALSE,FALSE,FALSE,FALSE,0,weak
Rockaway Beach-Arverne-Edgemere,0,0.0255,FALSE,FALSE,FALSE,FALSE,FALSE,FALSE,FALSE,0,weak
Lower East Side,0,0.0245,FALSE,FALSE,FALSE,FALSE,FALSE,FALSE,FALSE,0,weak
Springfield Gardens (South)-Brookville,0,0.019,FALSE,FALSE,FALSE,FALSE,FALSE,FALSE,FALSE,0,weak
Rockaway Community Park,0,0.0175,FALSE,FALSE,FALSE,FALSE,FALSE,FALSE,FALSE,0,weak
Brownsville,0,0.015,FALSE,FALSE,FALSE,FALSE,FALSE,FALSE,FALSE,0,weak
Spring Creek-Starrett City,0,0.0135,FALSE,FALSE,FALSE,FALSE,FALSE,FALSE,FALSE,0,weak
Mariner's Harbor-Arlington-Graniteville,0,0.013,FALSE,FALSE,FALSE,FALSE,FALSE,FALSE,FALSE,0,weak
Westerleigh-Castleton Corners,0,0.0115,FALSE,FALSE,FALSE,FALSE,FALSE,FALSE,FALSE,0,weak
Mount Hope,0,0.01,FALSE,FALSE,FALSE,FALSE,FALSE,FALSE,FALSE,0,weak
East New York-New Lots,0,0.0095,FALSE,FALSE,FALSE,FALSE,FALSE,FALSE,FALSE,0,weak
Arden Heights-Rossville,0,0.009,FALSE,FALSE,FALSE,FALSE,FALSE,FALSE,FALSE,0,weak
Bedford-Stuyvesant (East),0,0.009,FALSE,FALSE,FALSE,FALSE,FALSE,FALSE,FALSE,0,weak
Randall's Island,0,0.009,FALSE,FALSE,FALSE,FALSE,FALSE,FALSE,FALSE,0,weak
Breezy Point-Belle Harbor-Rockaway Park-Broad Channel,0,0.0085,FALSE,FALSE,FALSE,FALSE,FALSE,FALSE,FALSE,0,weak
Tottenville-Charleston,0,0.008,FALSE,FALSE,FALSE,FALSE,FALSE,FALSE,FALSE,0,weak
Madison,0,0.007,FALSE,FALSE,FALSE,FALSE,FALSE,FALSE,FALSE,0,weak
Bushwick (East),0,0.006,FALSE,FALSE,FALSE,FALSE,FALSE,FALSE,FALSE,0,weak
College Point,0,0.006,FALSE,FALSE,FALSE,FALSE,FALSE,FALSE,FALSE,0,weak
Longwood,0,0.0055,FALSE,FALSE,FALSE,FALSE,FALSE,FALSE,FALSE,0,weak
Prospect Park,0,0.0055,FALSE,FALSE,FALSE,FALSE,FALSE,FALSE,FALSE,0,weak
Lincoln Terrace Park,0,0.005,FALSE,FALSE,FALSE,FALSE,FALSE,FALSE,FALSE,0,weak
St. Albans,0,0.005,FALSE,FALSE,FALSE,FALSE,FALSE,FALSE,FALSE,0,weak
East Williamsburg,0,0.004,FALSE,FALSE,FALSE,FALSE,FALSE,FALSE,FALSE,0,weak
North & South Brother Islands,0,0.004,FALSE,FALSE,FALSE,FALSE,FALSE,FALSE,FALSE,0,weak
Annadale-Huguenot-Prince's Bay-Woodrow,0,0.0035,FALSE,FALSE,FALSE,FALSE,FALSE,FALSE,FALSE,0,weak
Jamaica,0,0.003,FALSE,FALSE,FALSE,FALSE,FALSE,FALSE,FALSE,0,weak
Van Cortlandt Park,0,0.003,FALSE,FALSE,FALSE,FALSE,FALSE,FALSE,FALSE,0,weak
West New Brighton-Silver Lake-Grymes Hill,0,0.0025,FALSE,FALSE,FALSE,FALSE,FALSE,FALSE,FALSE,0,weak
Fort Greene,0,0.002,FALSE,FALSE,FALSE,FALSE,FALSE,FALSE,FALSE,0,weak
Queensbridge-Ravenswood-Dutch Kills,0,0.002,FALSE,FALSE,FALSE,FALSE,FALSE,FALSE,FALSE,0,weak
Bronx Park,0,0.0015,FALSE,FALSE,FALSE,FALSE,FALSE,FALSE,FALSE,0,weak
Crotona Park,0,0.0015,FALSE,FALSE,FALSE,FALSE,FALSE,FALSE,FALSE,0,weak
Pelham Bay Park,0,0.0015,FALSE,FALSE,FALSE,FALSE,FALSE,FALSE,FALSE,0,weak
Corona,0,0.001,FALSE,FALSE,FALSE,FALSE,FALSE,FALSE,FALSE,0,weak
Bay Terrace-Clearview,0,0.0005,FALSE,FALSE,FALSE,FALSE,FALSE,FALSE,FALSE,0,weak
Castle Hill-Unionport,0,0.0005,FALSE,FALSE,FALSE,FALSE,FALSE,FALSE,FALSE,0,weak
East Elmhurst,0,0.0005,FALSE,FALSE,FALSE,FALSE,FALSE,FALSE,FALSE,0,weak
Grasmere-Arrochar-South Beach-Dongan Hills,0,0.0005,FALSE,FALSE,FALSE,FALSE,FALSE,FALSE,FALSE,0,weak
Oakwood-Richmondtown,0,0.0005,FALSE,FALSE,FALSE,FALSE,FALSE,FALSE,FALSE,0,weak
Queens Village,0,0.0005,FALSE,FALSE,FALSE,FALSE,FALSE,FALSE,FALSE,0,weak
Sunset Park (East)-Borough Park (West),0,0.0005,FALSE,FALSE,FALSE,FALSE,FALSE,FALSE,FALSE,0,weak
