period,eligible,k,known_failures,rated_slots,unrated_slots,no_followup_slots,precision_among_rated,precision_lower,precision_upper,recall_observed,model,budget
2025H1,685,69,7.05109489051096,55.703649635037,11.785401459854,1.51094890510949,0.126582278481012,0.102189781021898,0.294890510948898,0.100729927007299,random,10pct
2025H2,683,69,6.86969253294289,61.322108345535,6.36456808199121,1.31332357247438,0.112026359143327,0.0995607613469984,0.210834553440695,0.101024890190337,random,10pct
2026H1,682,69,10.7243401759531,53.1158357771263,14.5689149560118,1.31524926686217,0.201904761904762,0.155425219941349,0.385630498533722,0.101173020527859,random,10pct
2025H1,685,137,14,110.600000000001,23.4,3,0.126582278481011,0.102189781021898,0.294890510948897,0.2,random,20pct
2025H2,683,137,13.6398243045388,121.755490483164,12.6368960468521,2.60761346998536,0.112026359143327,0.0995607613469984,0.210834553440694,0.200585651537335,random,20pct
2026H1,682,137,21.2932551319648,105.461876832845,28.9266862170087,2.61143695014663,0.20190476190476,0.155425219941349,0.385630498533719,0.200879765395894,random,20pct
2025H1,685,206,21.051094890511,166.303649635035,35.185401459854,4.51094890510949,0.126582278481014,0.102189781021898,0.294890510948911,0.3007299270073,random,30pct
2025H2,683,205,20.4099560761347,182.188872620792,18.9092240117131,3.90190336749634,0.112026359143327,0.0995607613469987,0.210834553440697,0.300146412884334,random,30pct
2026H1,682,205,31.8621700879766,157.807917888563,43.2844574780058,3.90762463343109,0.201904761904762,0.155425219941349,0.385630498533724,0.30058651026393,random,30pct
2025H1,685,50,5.10948905109489,40.3649635036495,8.54014598540144,1.09489051094891,0.126582278481013,0.102189781021898,0.294890510948908,0.072992700729927,random,50
2025H2,683,50,4.97803806734993,44.4363103953151,4.61200585651537,0.951683748169839,0.112026359143327,0.0995607613469985,0.210834553440697,0.0732064421669107,random,50
2026H1,682,50,7.77126099706744,38.4897360703813,10.5571847507332,0.953079178885631,0.201904761904762,0.155425219941349,0.385630498533724,0.0733137829912023,random,50
2025H1,685,69,10.7777777777778,46.9166666666668,19.0833333333333,3,0.229721728833629,0.156199677938808,0.476247987117551,0.153968253968254,last_three,10pct
2025H2,683,69,13.9605263157895,53.3289473684211,12.0986842105263,3.57236842105263,0.261781396496422,0.202326468344775,0.429443173150266,0.205301857585139,last_three,10pct
2026H1,682,69,20.6266666666667,44.3733333333335,22.4,2.22666666666667,0.464843749999998,0.298937198067633,0.655845410628017,0.194591194968553,last_three,10pct
2025H1,685,137,18.3333333333333,100.75,33.25,3,0.181968569065343,0.1338199513382,0.398418491484186,0.261904761904762,last_three,20pct
2025H2,683,137,25.5921052631579,115.065789473684,17.0197368421053,4.91447368421053,0.222412807318469,0.186803688052247,0.346907414521709,0.376354489164087,last_three,20pct
2026H1,682,137,35.1333333333333,97.8666666666666,36,3.13333333333333,0.358991825613079,0.256447688564477,0.542092457420925,0.331446540880503,last_three,20pct
2025H1,685,206,25.5079051383399,156.357707509882,46.001976284585,3.6403162055336,0.163138137189225,0.123824782224951,0.364806784604164,0.364398644833427,last_three,30pct
2025H2,683,205,35.8737270875764,176.702647657841,22.112016293279,6.18533604887984,0.203017484814606,0.174993790671104,0.313029655754807,0.527554810111417,last_three,30pct
2026H1,682,205,49.3562500000001,151.349999999999,49.5937500000001,4.05625,0.326106706309881,0.240762195121951,0.502469512195128,0.465625,last_three,30pct
2025H1,685,50,8.66666666666667,31.8750000000001,15.125,3,0.271895424836601,0.173333333333333,0.535833333333332,0.123809523809524,last_three,50
2025H2,683,50,10.7105263157895,36.078947368421,10.7236842105263,3.19736842105263,0.296863603209337,0.21421052631579,0.492631578947369,0.157507739938081,last_three,50
2026H1,682,50,15.6666666666667,29.6666666666667,18.3333333333333,2,0.52808988764045,0.313333333333333,0.72,0.147798742138365,last_three,50
2025H1,685,69,10.4545454545455,43.9090909090909,22.0909090909091,3,0.238095238095238,0.151515151515152,0.515151515151515,0.149350649350649,smoothed_history,10pct
2025H2,683,69,11.0769230769231,54,11,4,0.205128205128205,0.160535117056856,0.377926421404682,0.16289592760181,smoothed_history,10pct
2026H1,682,69,21.1282051282051,43.3846153846154,23.6153846153846,2,0.486997635933806,0.306205871423263,0.677443329617243,0.199322689888728,smoothed_history,10pct
2025H1,685,137,21.1578947368421,96.2631578947368,37.7368421052632,3,0.219792236194642,0.154437187860161,0.451786400307338,0.302255639097744,smoothed_history,20pct
2025H2,683,137,27.4,118.6,13.4,5,0.231028667790894,0.2,0.334306569343066,0.402941176470588,smoothed_history,20pct
2026H1,682,137,37.5,93.5,40.3333333333333,3.16666666666667,0.401069518716577,0.273722627737226,0.591240875912409,0.35377358490566,smoothed_history,20pct
2025H1,685,206,29.9438202247191,158.303370786517,44.6966292134832,3,0.189154659663567,0.145358350605433,0.37689538562234,0.42776886035313,smoothed_history,30pct
2025H2,683,205,34.3333333333333,179,20,6,0.191806331471136,0.167479674796748,0.29430894308943,0.504901960784314,smoothed_history,30pct
2026H1,682,205,47.6708860759494,143.544303797468,57.4556962025317,4,0.332098765432099,0.232540907687558,0.532324791602346,0.449725340339145,smoothed_history,30pct
2025H1,685,50,7.45454545454546,29.3636363636364,19.6363636363636,1,0.253869969040248,0.149090909090909,0.561818181818182,0.106493506493507,smoothed_history,50
2025H2,683,50,8.5,37,9,4,0.22972972972973,0.17,0.43,0.125,smoothed_history,50
2026H1,682,50,8.76923076923077,27.8461538461538,20.1538461538462,2,0.314917127071823,0.175384615384615,0.618461538461539,0.0827285921625544,smoothed_history,50
2025H1,685,69,10,47,20,2,0.212765957446809,0.144927536231884,0.463768115942029,0.142857142857143,logistic_basic,10pct
2025H2,683,69,16,53,12,4,0.30188679245283,0.231884057971015,0.463768115942029,0.235294117647059,logistic_basic,10pct
2026H1,682,69,20,44,21,4,0.454545454545455,0.289855072463768,0.652173913043478,0.188679245283019,logistic_basic,10pct
2025H1,685,137,20,97,37,3,0.206185567010309,0.145985401459854,0.437956204379562,0.285714285714286,logistic_basic,20pct
2025H2,683,137,28,117,15,5,0.239316239316239,0.204379562043796,0.35036496350365,0.411764705882353,logistic_basic,20pct
2026H1,682,137,40,98,35,4,0.408163265306122,0.291970802919708,0.576642335766423,0.377358490566038,logistic_basic,20pct
2025H1,685,206,28,148,53,5,0.189189189189189,0.135922330097087,0.41747572815534,0.4,logistic_basic,30pct
2025H2,683,205,36,171,24,10,0.210526315789474,0.175609756097561,0.341463414634146,0.529411764705882,logistic_basic,30pct
2026H1,682,205,48,146.5,49.5,9,0.327645051194539,0.234146341463415,0.519512195121951,0.452830188679245,logistic_basic,30pct
2025H1,685,50,9,33,15,2,0.272727272727273,0.18,0.52,0.128571428571429,logistic_basic,50
2025H2,683,50,12,37,9,4,0.324324324324324,0.24,0.5,0.176470588235294,logistic_basic,50
2026H1,682,50,17,30,18,2,0.566666666666667,0.34,0.74,0.160377358490566,logistic_basic,50
