prop_id,lon,lat,register_matches,register_id,register_name,listed_status,nearest_alternative_m,alternatives_within400m
Q004-01,-73.9227076923077,40.7795692307692,1,438,Charybdis Playground,Operational,455.61833325821,0
Q014,-73.9113142857143,40.7610142857143,1,453,Astoria Heights Playground,Operational,675.790738850544,0
M239,-73.93532,40.79752,1,681,P.S. 155 Playground,Operational,416.880779147815,0
M047,-73.9347,40.7938,1,1065,Thomas Jefferson Park,Operational,418.399497433445,0
X002-07,-73.8773285714286,40.8431428571429,1,5,River Park,Operational,358.781414752116,1
X344,-73.9315444444445,40.8244333333333,2,,,,,
X013-01,-73.9049,40.86368,1,19,Devoe Park,Operational,573.870664970504,0
X092-ZN03,-73.8974133333334,40.8906533333333,1,45,Van Cortlandt Pool,Operational,229.320649266173,2
X196,-73.8393,40.8735142857143,1,101,Haffen Park Playground,Operational,613.188787509138,0
X118-ZN04,-73.8782842105263,40.8190842105263,1,61,Soundview Park Zone 4,Operational,675.567893875234,0
X201,-73.9170909090909,40.8861318181818,1,104,Seton Park Playground,Operational,135.729618843492,2
X044,-73.8985153846154,40.8654461538462,1,36,St. James Park,Operational,324.805586202182,1
X042,-73.8907933333333,40.86174,1,35,Rose Hill Park,Operational,105.2291775741,3
X034-ZN01,-73.9246923076923,40.8312076923077,1,27,Foster Park Zone 1,Operational,314.032910576078,1
X010-ZN03,-73.8953538461538,40.8399923076923,2,,,,,
X255,-73.8983090909091,40.8187545454545,1,118,Bill Rainey Park,Operational,352.332835763071,1
B018-ZN01,-73.8959333333333,40.6289555555556,1,131,Canarsie Park Zone 1,Operational,484.305247925885,0
B218,-73.93814,40.63807,1,222,Paerdegat Park,Operational,792.64267266711,0
B251-ZN02,-73.944095522388,40.5769791044776,1,245,Manhattan Beach Zone 2,Operational,178.246344612906,1
B028-ZN01,-74.0177684210527,40.6056684210526,1,137,Dyker Beach Park Zone 1,Operational,642.244418887991,0
B054,-73.92754,40.66636,1,146,Lincoln Terrace Park / Arthur S. Somers Playground,Operational,568.596106305394,0
B254,-73.9446428571429,40.6592714285714,1,247,Wingate Park,Operational,362.54657684462,1
Q134,-73.7289117647059,40.7260411764706,1,1054,Jack Breininger Park,Operational,732.807451384388,0
Q129,-73.8215142857143,40.6946714285714,1,508,"Phil """"Scooter"""" Rizzuto Park",Operational,900.782354294508,0
B007,-73.9999777777778,40.5978444444445,1,125,Bensonhurst Park,Operational,330.922959888777,1
Q026,-73.86176,40.748932,1,470,Park Of The Americas,Operational,108.882791611106,2
B113A,-73.9906363636364,40.6984545454545,1,180,Cadman Plaza Park,Operational,312.740097320703,1
Q015-ZN04,-73.85448,40.70126,1,457,Victory Field,Operational,83.8879580077826,1
M011,-74.0008285714286,40.7498428571429,1,326,Chelsea Park,Operational,313.999118075592,2
Q102-ZN01,-73.8845444444445,40.7187333333333,1,497,Juniper Valley Park Zone 1,Operational,640.802707721227,0
M076,-73.9732285714286,40.7449428571429,1,671,St. Vartan Park,Operational,518.092831830187,0
Q085,-73.8841727272727,40.7619454545455,1,482,Gorman Playground,Operational,717.166200982674,0
B372,-73.9719857142857,40.6186285714286,1,298,Friends Field,Operational,974.865654524457,0
Q021-03,-73.76506,40.73922,1,682,210 St Playground,Operational,555.910585540595,0
X344-01,-73.9315846153846,40.8204692307692,1,1058,Mill Pond Playground,Operational,340.969502152234,1
M022,-73.9946352941177,40.7682,1,334,De Witt Clinton Park,Operational,362.105725750556,1
M194,-73.99736,40.71104,1,394,Alfred E. Smith Playground,Operational,265.862888610175,1
B305,-73.892803125,40.644196875,1,271,P.S. 279 Playground,Operational,609.690568534684,0
Q300-ZN01,-73.82314,40.74964,1,529,Silent Springs Playground,Operational,710.872631421824,0
X159,-73.87786,40.83432,1,78,Captain William Harry Thompson Playground,Operational,429.068733814659,0
B243,-73.9828363636364,40.6979636363636,1,238,Golconda Playground,Operational,301.907332971657,3
M198,-73.9503142857143,40.8003142857143,1,395,"Martin Luther King, Jr. Playground",Operational,373.913091395343,1
R065-ZN03A,-74.12366,40.58288,0,,,,,
QR-06,-73.7835,40.70186,1,505,173 St Playground,Operational,271.490635512612,1
R017-ZN01,-74.19642,40.56048,1,1060,Owl Hollow Fields,Operational,1215.43512495612,0
M045,-73.9490485714286,40.7690971428571,1,344,John Jay Park,Operational,260.159986677249,1
Q339,-73.74246,40.68852,1,554,Cambria Playground,Operational,808.222323663134,0
Q053,-73.8536428571429,40.6913857142857,1,478,Equity Playground,Operational,608.686295115795,0
Q328,-73.71766,40.73284,1,547,Bellerose Playground,Operational,262.831024003973,1
Q131,-73.9043285714286,40.7272285714286,1,509,Virginia Principe Playground,Operational,798.119692776201,0
B125,-73.9902428571429,40.5881285714286,1,183,Calvert Vaux Park Playground,Operational,349.555846387095,1
B166D,-73.8987769230769,40.6185769230769,1,201,McGuire Fields,Operational,723.047353704999,0
B058-ZN03,-73.9518333333334,40.7220266666667,1,153,McCarren Park Zone 3,Operational,202.288716761324,2
X045-03,-73.9134307692308,40.8128538461538,1,38,St Mary's Playground West,Operational,409.901972574759,0
X136,-73.8927,40.8753090909091,1,69,Harris Playground,Operational,713.564620726215,0
X092-06,-73.87224,40.89992,1,43,Woodlawn Playground,Operational,366.78836416369,1
X092-05,-73.89064,40.8852,1,309,Van Cortlandt Classic Playground,Operational,367.582604999724,1
M220,-73.9676666666667,40.797,1,405,Frederick Douglass Playground,Operational,124.251726498885,3
R061,-74.07914,40.62268,1,628,Rev. Dr. Maggie Howard Playground,Operational,412.460270981247,0
Q423,-73.9019571428571,40.7188428571429,1,596,Reiff Playground,Operational,869.692712810057,0
Q364,-73.77152,40.75708,1,575,Marie Curie Playground,Operational,431.372729989464,0
M144-ZN03,-73.97518,40.71588,1,383,East River Park Zone 3,Not Operational,207.998864002971,1
Q099_temp1,-73.8494652173914,40.7409108695652,1,616,Playground For All Children,Operational,166.95372165915,1
M071-ZN08,-73.9779923076923,40.7933538461539,1,354,Hippo Playground,Operational,437.203015963403,0
B223F,-73.99536,40.70106,1,226,Squibb Park,Operational,83.170328251281,2
B350,-73.96226,40.675,1,292,Stroud Playground,Operational,328.943313523343,1
B310,-73.93944,40.7017,1,190,Bushwick Playground,Operational,318.737108070166,1
M010-ZN41,-73.9548840336135,40.7957403361345,0,,,,,
B139,-73.91862,40.6951,1,415,Heckscher Playground,Operational,570.012626036562,0
B311,-73.93894,40.70906,1,277,Ten Eyck Playground,Operational,502.236068616115,0
B169-ZN06B,-73.98854,40.57238,1,208,Coney Island Beach Zone 6b,Operational,236.109107621816,3
M360-ZN02,-74.0015636363637,40.7527727272727,1,429,The High Line Zone 2,Operational,196.02676667084,2
Q005-ZN01,-73.78718,40.68138,1,442,Baisley Pond Park Zone 1,Operational,363.6675027911,2
M089,-73.9899035714286,40.7364285714286,2,,,,,
B223Pc,-73.95584,40.7097,1,228,Strawberry Playground,Operational,291.316860172718,3
Q027,-73.72696,40.685,1,471,Laurelton Parkway West Playground,Operational,152.138283667387,1
R087,-74.08982,40.5828,1,638,Dongan Playground,Operational,992.441028064594,0
M009,-73.93794,40.8532,1,308,Bennett Park,Operational,683.558381626541,0
Q371-01,-73.7848714285714,40.5983,1,696,Rockaway Community Playground,Not Operational,575.641757588891,0
B127,-73.9443714285714,40.7089857142857,1,653,Martinez Playground,Not Operational,421.445906606766,0
X028,-73.9216,40.8296,1,1055,Joyce Kilmer Park,Operational,315.516931031584,1
M010_temp2,-73.9514565217391,40.7970739130435,1,324,Frawleys' Run,Operational,337.011767638325,2
X170,-73.84572,40.83878,1,87,The Pearly Gates,Operational,247.915784998846,1
X203,-73.84974,40.81928,1,106,Randall Playground,Operational,470.794781274529,0
X010-ZN08,-73.8997076923077,40.8355846153846,1,14,Playground Of The Stars,Operational,312.100753220406,1
M104-ZN04,-73.9247461538461,40.7927692307692,1,375,Stadium Area,Operational,485.824408047696,0
R065-ZN08,-74.1586176470588,40.6041705882353,1,632,Willowbrook Park Recreational Area,Not Operational,1046.30341073802,0
Q427,-73.76894,40.67404,1,698,South Rochdale Playground,Not Operational,189.705190258722,1
X232,-73.83662,40.86296,1,114,Burns Playground,Not Operational,733.755983264063,0
X122,-73.83465,40.8524666666667,1,63,Colucci Playground,Operational,843.09505773648,0
B529,-73.9607866666667,40.7218666666667,1,302,Bushwick Inlet Park,Operational,521.210643023183,0
M028-ZN04,-73.9312888888889,40.8685111111111,1,338,Fort Washington Park Zone 4,Operational,84.428419227781,1
M229,-73.96846,40.79576,2,,,,,
M098-ZN01,-73.9983071428571,40.73075,1,371,Washington Square Park Western Half,Operational,396.367585436809,1
Q163-ZN05B,-73.8108289473684,40.5846789473684,1,516,Rockaway Beach 05b,Operational,408.225848112852,0
MR-14,-73.9559272727273,40.8100090909091,1,345,Playground 123,Operational,390.845166946151,1
B016,-73.9240428571429,40.7029857142857,1,129,Maria Hernandez Park,Operational,479.771311387191,0
Q021-ZN02,-73.77358,40.7296,2,,,,,
M058,-73.94478,40.8046,1,347,Marcus Garvey Park Zone 1,Operational,213.537651379067,1
B371-ZN01,-73.87386,40.64918,1,297,Spring Creek Park Zone 1,Operational,943.435841292156,0
B248,-73.92394,40.6327,1,242,Fox Playground,Operational,334.566317302421,1
Q162B01,-73.79446,40.58762,0,,,,,
Q404,-73.7399142857143,40.6986857142857,1,588,East Springfield Playground,Operational,344.696045159318,1
Q218,-73.9334571428571,40.7577285714286,1,522,Dutch Kills Playground,Operational,412.26742401779,0
X175,-73.90596,40.8719,1,91,Riverbend Playground,Operational,488.473672239655,0
B313,-73.9307,40.6827,1,278,El Shabazz Playground,Operational,331.984347882917,3
X038-02,-73.90106,40.87424,1,1050,Fort #4 Playground,Operational,490.262341477221,0
X165,-73.84516,40.88408,1,83,Edenwald Playground,Operational,528.518848779442,0
X092-ZN11,-73.8790285714286,40.8959428571429,1,48,Indian Memorial To Indian Field,Operational,227.060895249542,2
X092-26,-73.88158,40.88368,1,44,Sachkerah Woods Playground,Operational,435.412894893545,0
M069,-74.00248,40.72562,1,350,Vesuvio Playground,Operational,489.898291937913,0
R109,-74.1179230769231,40.6385153846154,1,641,Corporal Thompson Playground,Operational,515.674190899952,0
R067,-74.10076,40.58592,1,633,Gen. Douglas MacArthur Park,Operational,498.521094867738,0
R063,-74.08146,40.59548,1,630,Old Town Playground,Operational,907.149717103511,0
B114,-73.9434625,40.7248125,1,181,Monsignor Mcgolrick Playground,Operational,564.250771825017,0
M193,-73.93706,40.81228,1,393,Abraham Lincoln Playground,Operational,227.28375615216,2
M071-04,-73.98476,40.78342,1,352,Neufeld Playground,Operational,142.647402590155,1
X197,-73.88286,40.87262,1,102,Mosholu Playground,Operational,425.183143044133,0
M086,-73.9841555555556,40.7330555555556,0,,,,,
Q516,-73.91354,40.7486,0,,,,,
X009,-73.8906,40.82068,1,644,Monsignor Raul Del Valle Square,Not Operational,290.758126410637,2
B376,-73.92092,40.64472,1,1049,Fidler-Wyckoff House Park,Operational,247.020556840673,1
Q510,-73.9254555555556,40.7309222222222,1,1039,Maspeth Park,Operational,1148.45594200518,0
B167,-73.95982,40.71056,1,202,La Guardia Playground,Operational,161.442170911883,2
Q322,-73.75804,40.7217,1,545,Bellaire Playground,Operational,950.584038144538,0
X118-02,-73.87038,40.81798,1,60,Soundview Park,Operational,637.103860643057,0
X168,-73.92656,40.83502,1,85,Nelson Playground,Operational,414.172536283116,0
X222,-73.90334,40.83576,1,113,Gouverneur Playground,Operational,307.522945705245,2
Q012B,-73.76774,40.77408,1,451,John Golden Park,Operational,265.439119748281,1
X115,-73.91474,40.83128,1,58,Mott Playground,Operational,456.567539146374,0
Q004-ZN01,-73.9251828571429,40.7759057142857,1,439,Astoria Park Zone 1,Operational,191.452830527653,1
M186,-73.9362444444445,40.8196222222222,1,391,Brigadier General Charles Young Playground,Operational,343.094109284276,2
Q099,-73.84574,40.73714,1,687,World's Fair Playground,Operational,523.716515984334,0
Q012-ZN01,-73.7693733333333,40.7720733333333,1,452,Crocheron Park Zone 1,Operational,264.781623610694,1
Q300B,-73.77644,40.74134,1,532,Holy Cow Playground,Operational,494.301640627507,0
B058-ZN01,-73.95004,40.72074,1,152,McCarren Park Zone 1,Operational,206.476441610554,1
B018-ZN05,-73.88318,40.636,1,132,Canarsie Park Zone 5,Operational,359.513177165493,1
Q300-04,-73.8148142857143,40.7435,1,255,Captain Mario Fajardo Park,Operational,270.078978161011,1
Q509,-73.75104,40.60726,0,,,,,
M190,-73.95602,40.81532,1,678,Sheltering Arms Playground,Operational,192.317275018416,1
Q327,-73.72084,40.74992,1,546,Castlewood Playground,Operational,730.15338099104,0
Q121-02,-73.7851428571429,40.7039857142857,1,504,Detective Keith L Williams Park,Operational,273.859384267859,1
Q031,-73.9106,40.74748,1,472,Lawrence Virgilio Playground,Operational,246.11011293663,1
X172,-73.85054,40.86566,1,89,Allerton Playground,Operational,492.432989387659,0
M369,-73.98346,40.71036,1,1061,Pier 42,Operational,345.653796494387,1
Q429,-73.9413142857143,40.7613857142857,1,600,Spirit Playground,Operational,421.70818184539,0
Q358,-73.73166,40.73228,1,567,Detective William T. Gunn Playground,Operational,732.168096168593,0
B159,-73.9658571428571,40.6721428571429,1,197,Mt Prospect Park Playground,Operational,201.629807235564,2
B236,-73.92008,40.63666,1,237,Glenwood Playground,Operational,445.92399691461,0
X045-01,-73.9105222222222,40.8099,1,37,St Mary's Playground East,Operational,408.661824967306,0
B315,-73.9927,40.57364,1,279,Surf Playground,Operational,221.367502060614,3
X030-ZN02,-73.9283666666667,40.8274777777778,1,26,Macombs Dam Park Zone 2 Lower,Operational,157.024252608653,1
X092-ZN12,-73.88132,40.88996,1,49,Allen Shandler Rec Area,Operational,403.788401237075,0
B269,-73.93244,40.69164,1,256,Jesse Owens Playground,Operational,309.600016903632,1
Q046,-73.86154,40.74378,1,475,Josephine Caminiti Playground,Operational,574.540013687952,0
Q343,-73.80832,40.79186,1,557,Whitestone Playground,Operational,419.098350044547,0
Q318,-73.70956,40.74484,1,542,Playground Eighty LXXX,Operational,448.132944084816,0
B049,-73.9092000000001,40.6927,1,1053,Irving Square Park,Operational,443.722849619795,0
R038,-74.09838,40.57478,1,445,Midland Playground,Operational,961.766229801711,0
M071,-73.98208,40.78732,1,353,River Run Playground,Operational,477.622897481264,0
X113,-73.8858571428572,40.8142857142857,1,57,Hunts Point Playground,Operational,830.635940074567,0
M042_temp,-73.9201173913044,40.8740043478261,1,669,Inwood Hill Park Zone 2,Operational,425.34154221304,0
B038,-73.9316176470588,40.6797764705883,1,140,Fulton Park,Operational,332.710549513083,2
B043,-73.95928,40.73564,1,142,Greenpoint Playground,Operational,337.597483710125,1
B025,-73.93732,40.71598,1,135,Carnegie Playground,Not Operational,783.245388508698,0
B141,-73.87624,40.67954,1,192,City Line Park,Operational,713.658177655355,0
B124,-73.9639571428571,40.7152714285714,1,182,William Sheridan Playground,Operational,298.204130109073,1
Q082,-73.7390166666667,40.7108333333333,1,481,Wayanda Park,Operational,1006.50533972454,0
M081-02,-73.9450363636364,40.7735727272727,2,,,,,
M028-ZN02A,-73.9461923076923,40.8471230769231,1,337,Fort Washington Park Zone 2A,Operational,460.830647439037,0
X148M1,-73.84794,40.82998,1,73,Havemeyer Playground,Operational,416.153531388218,0
Q307,-73.72864,40.68466,1,539,Delphin H. Greene Playground,Operational,143.981525791069,1
R062,-74.07124,40.59784,1,629,Arrochar Playground,Operational,734.42238540729,0
X021,-73.9033142857143,40.8329714285714,1,23,Drew Playground,Operational,228.209659658454,2
Q471,-73.9606846938775,40.7419775510204,1,605,Hunter's Point South Park Zone 1,Operational,396.574886232312,1
B066,-74.032,40.6392923076923,1,156,Owl's Head Park,Operational,661.903110653379,0
BT15,-74.0192,40.65336,1,304,Bush Terminal Park,Operational,744.949409294557,0
B210J,-74.01212,40.64938,1,218,Pena Herrera Playground,Operational,404.920454748523,0
X182,-73.91696,40.80432,1,95,Millbrook Playground,Operational,547.659344314086,0
M108Q,-73.95884,40.7594,1,380,Twenty-Four Sycamores Park,Not Operational,101.845226625488,1
Q337,-73.8395,40.6902428571429,1,552,Maurice A FitzGerald Playground,Operational,933.269502023272,0
M010-ZN26,-73.96158,40.78098,2,,,,,
B169-ZN04B,-73.9759,40.5734076923077,1,205,Coney Island Beach Zone 4b,Operational,338.321963870924,1
B210A,-74.02356,40.63978,1,217,John Allen Payne Playground,Operational,598.226905473316,0
M088,-73.98139,40.7268233333334,2,,,,,
B395,-73.9335,40.70214,1,300,Green Central Knoll,Operational,468.893571742931,0
B286,-73.9459285714286,40.7007,1,262,Bartlett Playground,Operational,457.190539461342,0
Q086,-73.8171636363636,40.7759545454545,1,483,Leonardo Ingravallo Playground,Operational,943.440738698727,0
X004-03,-73.87374,40.82714,1,10,Parque De Los Ninos,Operational,335.612929935035,1
X131,-73.9250428571429,40.8078142857143,1,68,Lozada Playground,Operational,423.852123955085,0
X124,-73.86914,40.82902,1,65,Watson Gleason Playground,Operational,437.65420092332,0
X161,-73.8654428571429,40.8746571428571,1,80,Gun Hill Playground,Operational,511.948558307008,0
X169,-73.86174,40.88048,1,86,Agnes Haywood Playground,Operational,615.905941575273,0
B271,-73.9140142857143,40.6492285714286,1,257,Railroad Playground,Operational,725.001242576254,0
B234,-73.93136,40.6479,1,235,Tilden Playground,Operational,117.123944380689,1
Q008-ZN01,-73.7421857142857,40.6621571428571,1,447,Brookville Park Playground,Operational,309.5978941589,1
X187-03,-73.84234,40.8679,1,96,Angelo Campanaro Playground,Operational,339.309618917656,1
X157,-73.8582,40.8625,1,77,Mazzei Playground,Operational,639.376937881529,0
X156,-73.8527,40.86976,1,76,Eastchester Playground,Operational,490.603988383076,0
X162,-73.8679571428571,40.8684571428571,1,81,Parkside Playground,Operational,438.806136167932,0
B142,-73.9641,40.7081,1,193,Bedford Playground,Operational,263.576887159779,1
B264,-73.96236,40.7061,1,252,Roebling Playground,Operational,266.359629839877,1
B288,-73.98932,40.66128,1,263,Slope Park Playground,Operational,918.512025375645,0
B364,-73.92924,40.67486,1,296,Woods Playground,Operational,525.956686469873,0
B347,-73.9205,40.68044,1,290,Carver Playground,Not Operational,187.887471459158,1
B258,-73.9227,40.68064,1,248,Brevoort Playground,Operational,391.540154315337,1
B223Jb,-73.9854285714286,40.7007571428571,1,227,Susan Smith McKinney Steward Park,Operational,380.98199315142,1
X112,-73.90744,40.8229,1,56,Hilton White Playground,Operational,340.653483560706,2
M161,-73.99138,40.75916,1,389,McCaffrey Playground,Operational,262.305537254386,1
M208A,-73.93556,40.80656,1,398,Alice Kornegay Triangle,Operational,397.007986993595,1
Q106,-73.7582272727273,40.7001727272727,1,500,Daniel M. O'Connell Playground,Not Operational,846.388651919418,0
Q359,-73.7581,40.71314,1,568,Haggerty Park,Operational,771.475291696648,0
Q405,-73.75314,40.7067,2,,,,,
M353-ZN01,-73.9884875,40.7797875,1,426,North Riverside Blvd and Slopes,Not Operational,471.940443412446,0
B061,-73.98602,40.69666,1,155,McLaughlin Park,Operational,308.590012136498,1
B329-01,-73.91122,40.61228,1,284,Lindower Park Playground,Operational,803.958317470018,0
B253,-73.9705,40.69024,1,246,Albert J. Parham Playground,Operational,149.582705061612,2
B267,-73.9548,40.65652,1,254,Winthrop Playground,Operational,586.770111155713,0
B148,-73.9475,40.6557,1,194,Rolph Henry Playground,Operational,465.222319169612,0
M056-ZN01,-73.9590333333333,40.8024555555556,1,346,Morningside Park Zone 1,Not Operational,347.537959461262,1
R075A,-74.1630652173913,40.6168,1,1047,Father Macris Park,Operational,394.82302219189,1
B103,-73.8710714285714,40.6707285714286,1,176,Cypress Hills Playground,Operational,333.971723940151,1
B309,-73.8625285714286,40.6665,1,275,Pink Playground,Operational,864.875838548013,0
Q408,-73.85044,40.66474,1,592,Harold Schneiderman Playground,Operational,644.319116073735,0
Q426,-73.77512,40.68004,1,598,North Rochdale Playground,Operational,654.296412601851,0
Q051,-73.7781142857143,40.6933428571429,1,477,174 St Playground,Operational,789.590665072029,0
Q052,-73.7982142857143,40.7114285714286,1,686,Captain Tilly Park,Operational,494.41234457305,0
Q391,-73.80114,40.71568,1,583,Joseph Austin Playground,Operational,532.36057020393,0
X121,-73.831,40.8380142857143,1,62,Bufano Park,Operational,638.694222257348,0
X163,-73.85202,40.84884,1,82,Loreto Playground,Operational,425.930449614268,0
X176,-73.8661428571429,40.839,1,92,Taylor Playground,Operational,542.068859939405,0
X148L,-73.86214,40.8343,1,72,Virginia Playground,Operational,324.583169454402,1
M283-ZN01,-74.0183666666667,40.7052166666667,1,423,Battery Park City Zone 1,Operational,259.228300889118,1
Q344,-73.80604,40.7308,1,558,Emerald Playground,Operational,416.533979994127,0
Q314,-73.7962,40.73446,1,692,Fresh Meadows Playground,Operational,790.628793119674,0
Q342,-73.8054265060243,40.7357614457831,1,556,Electric Playground,Operational,504.219958125401,0
Q330,-73.75616,40.68592,1,549,Locust Manor Playground,Operational,802.913594282063,0
Q396,-73.7564,40.674,1,584,Montbellier Park,Operational,964.535354717711,0
Q329,-73.8141,40.73616,1,548,Pomonok Playground,Operational,492.759284686022,0
M226,-73.98204,40.73562,1,407,Augustus St. Gaudens Playground,Operational,274.845722981992,1
M029-ZN01,-73.9327529411765,40.8607823529412,2,,,,,
Q520,-73.77488,40.59238,1,607,Arverne East Nature Preserve,Operational,780.249797878837,0
X092-ZN07,-73.89264,40.90092,1,47,Stables Area,Operational,177.708384876148,1
X152,-73.9048571428571,40.9021428571429,1,75,Vinmont Veteran Park,Operational,248.822127070722,1
B357,-73.9588714285714,40.6658571428571,1,294,Jackie Robinson Playground,Operational,510.192051551143,0
Q119,-73.80794,40.68312,1,503,Frederick B. Judge Playground,Operational,568.377786982894,0
Q005-ZN05,-73.78864,40.66912,1,441,Baisley Park South Playground,Operational,617.081976857435,0
Q220C-03,-73.80236,40.68022,1,523,Dr. Charles R. Drew Park,Operational,568.377786983389,0
Q066F,-73.9173095238095,40.772,1,1052,Hoyt Playground,Operational,588.66366217582,0
B082-ZN02,-74.0387133333334,40.6320733333333,1,168,Shore Road Park Zone 2,Operational,660.153565721275,0
M144-ZN06,-73.97284,40.72386,1,385,East River Park Zone 6,Operational,248.868351457431,1
M042,-73.9290769230769,40.8674076923077,1,668,Payson Playground,Not Operational,220.859253192172,3
Q448-ZN02A,-73.7725142857143,40.6876285714286,1,603,Roy Wilkins Rec Center Zone 2A,Operational,380.053106018719,1
Q099-ZN17,-73.8338,40.7510111111111,1,492,College Point Blvd Soccer Fields,Not Operational,359.58540185598,1
M010-ZN05,-73.9746333333333,40.7691222222222,2,,,,,
Q001-ZN03,-73.7485181818182,40.7415727272727,1,434,Alley Springfield Playground,Operational,651.138152897548,0
Q107,-73.7623153846154,40.6608,1,501,Springfield Park,Operational,411.277060458945,0
Q445,-73.8328636363637,40.7849636363636,1,602,136 St Playground,Operational,814.8219123363,0
R125,-74.08508,40.6113,1,1037,Lopez Playground,Operational,1020.73643098006,0
Q387A,-73.7849666666667,40.7730444444444,1,581,Bayside Fields,Operational,552.072585722206,0
M256,-73.9650285714286,40.7524,1,420,MacArthur Playground,Operational,266.714995199064,1
M079,-73.95856,40.7653,1,364,St. Catherine's Park,Operational,93.5619537742927,1
Q005-05,-73.78614,40.68452,1,440,157 St Playground,Operational,357.868572905284,1
Q005-ZN04,-73.7878428571429,40.6746571428571,1,444,Baisley Pond Park Zone 4,Operational,470.283219103784,0
Q005-ZN03,-73.7841714285714,40.6777857142857,1,443,Baisley Pond Park Zone 3,Operational,464.908634830969,0
B345,-73.88682,40.65578,1,663,Ethan Allen Playground,Not Operational,281.337045122775,2
R022_temp,-74.099,40.6282846153846,1,612,Silver Lake Park Playground,Operational,580.760232941916,0
X126,-73.83858,40.81202,1,66,Ferry Point Park Zone 2,Operational,717.404337311239,0
X126-ZN04,-73.8262777777778,40.8201777777778,1,67,Ferry Point Park Zone 4,Operational,676.154622268026,0
BR-07,-73.9464608695652,40.6898304347826,1,172,Herbert Von King Park,Operational,219.555864882114,1
M028-02,-73.9460142857143,40.8389,1,336,Lily Brown Playground,Not Operational,717.736270490332,0
Q378,-73.8567714285714,40.6814285714286,1,579,Ampere Playground,Operational,587.44473877229,0
Q212,-73.82394,40.7219,1,521,Queens Valley Playground,Operational,290.887078193175,1
Q332,-73.90256,40.77752,1,550,Woodtree Playground,Not Operational,587.258406777919,0
X030,-73.9297538461539,40.8284,1,25,Macombs Dam Park Zone 1 Upper,Operational,151.759118315627,1
Q436,-73.92186,40.768,1,601,Athens Square,Operational,586.844461428587,0
B079,-73.9190222222222,40.6850777777778,1,166,Saratoga Park,Operational,329.95155364224,1
B073-ZN14,-73.971562962963,40.6655888888889,1,160,Middle Long Meadow,Operational,497.230456178998,0
B073-ZN04,-73.97661875,40.6633765625,1,158,Harmony Playground,Operational,489.31880712619,0
M071-ZN13,-73.9751558823529,40.7966794117647,1,355,Dinosaur Playground,Operational,438.018845544543,0
M204,-73.9392290322581,40.8096387096774,1,397,Moore Playground,Operational,343.950871409511,1
R034,-74.1150923076923,40.6295076923077,1,618,Austin J. McDonald Playground,Operational,556.734056918,0
M071-ZN03,-73.9847,40.7858,0,,,,,
M010_temp3,-73.95965,40.79108,1,322,North Meadow Recreation Center,Operational,263.117030737885,1
M010-ZN16,-73.9665411764706,40.7739764705882,1,316,Pilgrim Hill & Conservatory Water,Operational,244.883952384243,2
B431-ZN06,-74.00162,40.69294,1,301,Brooklyn Bridge Park Zone 6,Operational,77.0164094302992,2
B019,-73.9947769230769,40.6808615384615,1,133,Carroll Park,Operational,603.750458686241,0
Q162J,-73.7505666666667,40.5941777777778,1,513,Beach 17 Playground,Operational,530.189334716434,0
Q163-ZN07B,-73.82611,40.5806025,1,518,Rockaway Beach 07b,Operational,371.91480741103,1
Q163-ZN06B,-73.8176245614035,40.582952631579,1,517,Rockaway Beach 06b,Operational,350.009794482597,1
M231,-73.9856975000001,40.77249625,1,410,Damrosch Park,Operational,149.050757987271,5
M005-ZN02,-74.015028358209,40.701423880597,1,306,Battery Park Zone 2,Not Operational,250.018006579179,1
M010-ZN09,-73.9776057971015,40.7722666666667,1,781,Tavern On The Green,Operational,284.279340521667,2
R046-ZN02,-74.06681,40.58886,3,,,,,
R006-ZN02,-74.2516727272728,40.5022909090909,1,609,Conference House Park Zone 2,Operational,1029.05054094652,0
Q099_temp2,-73.8431846153846,40.7515076923077,1,491,Passerelle,Operational,262.017923382822,1
Q099-ZN25,-73.8384230769231,40.7358538461538,1,495,Meadow Lake NE,Operational,583.99967193225,0
Q020-ZN02,-73.8929,40.68314,1,463,Highland Park Zone 2,Operational,538.926838717779,0
Q015-08,-73.86815,40.702325,1,456,Dry Harbor Playground,Operational,449.514430420676,0
Q015-ZN07,-73.8581333333334,40.6971555555556,1,460,Tennis Courts - Forest Parkway,Operational,193.986892517744,1
Q015-ZN14,-73.84294,40.70112,1,455,Jackson Pond Playground,Operational,955.306443432624,0
Q347,-73.82702,40.77012,1,560,Colden Playground,Not Operational,107.918423478135,1
Q390,-73.80676,40.783,1,582,Clintonville Playground,Operational,700.344074741483,0
M391,-74.0038,40.70546,1,792,John Street Snack Bar,Operational,86.806579006812,3
B096,-73.9369444444445,40.7235333333333,1,173,Sgt. William Dougherty Playground,Operational,572.255160497556,0
M308,-74.0115111111111,40.7174888888889,1,425,Washington Market Park,Operational,288.79714077666,1
X204,-73.8631272727273,40.8229727272727,1,107,Story Playground,Not Operational,288.987929708992,1
M399,-73.999748,40.756324,1,432,Bella Abzug Park,Operational,435.587066214184,0
B268,-73.99596,40.5717,1,469,Nautilus Playground,Operational,240.577243588814,3
B251-04,-73.94618,40.57702,1,244,Pat Parlato Playground,Operational,176.20345022064,1
M077-02,-73.94904,40.81562,1,640,St Nicholas,Operational,263.846071193359,1
Q009-ZN02,-73.8513666666667,40.7935111111111,1,448,MacNeil Playground,Operational,926.87906148745,0
Q492,-73.8851038461538,40.7305346153846,1,606,Elmhurst Park,Operational,460.160472498584,0
X235,-73.9085317073171,40.8199268292683,1,115,Grove Hill Playground,Operational,263.695538566176,4
M230,-73.94312,40.79298,1,409,Poor Richard's Playground,Operational,609.291162633665,0
B164,-74.0116,40.6023,1,200,Bath Beach Park,Operational,645.812740898264,0
M071-ZN20,-73.9718916666667,40.80255,1,359,Hudson Beach Volleyball Courts & Café,Operational,251.896347007609,1
B250,-73.94744,40.6384,1,243,Nostrand Playground,Operational,294.962700201036,1
B169-ZN07A,-73.9922857142857,40.5716428571429,1,209,Coney Island Beach Zone 7a,Operational,227.823477393603,3
X141,-73.85878,40.88764,1,70,Rienzi Playground,Operational,389.384808844745,1
X221,-73.85992,40.8221,1,112,Space Time Playground,Operational,451.523842606744,0
M160,-73.93904,40.81732,1,388,Fred Samuel Playground,Operational,328.106234591659,3
M154,-73.99296,40.76122,1,386,Mathews-Palmer Playground,Operational,263.974623460192,1
Q300-ZN03,-73.81724,40.74502,1,276,Captain Mario Fajardo Park,Operational,266.383727072073,1
R017-ZN02,-74.18524,40.5877,1,1059,North Park Phase 1,Operational,349.756563905549,1
Q001_temp,-73.739975,40.74195,1,436,Alley Pond Park Zone 2,Operational,453.685760994802,0
Q067A,-73.89724,40.74878,1,480,General Hart Playground,Operational,901.438595389602,0
Q098,-73.88684,40.74438,1,486,Frank D. O'Connor Playground,Operational,438.117925606531,0
Q428,-73.86034,40.73318,1,599,Horace Harding Playground,Operational,371.31693598617,1
Q357B,-73.85724,40.7355,1,566,Real Good Playground,Operational,364.949015363591,2
Q377,-73.85274,40.73608,1,578,Playground Sixty Two LXII,Operational,381.833416598148,1
B358,-73.94952,40.70252,1,664,De Hostos Playground,Not Operational,359.023170479411,1
B296,-73.97882,40.57608,1,661,Luna Playground,Not Operational,386.056823984952,2
B275,-73.96444,40.58252,1,660,Grady Playground,Not Operational,738.132132941932,0
B272,-73.98104,40.59134,1,659,Marlboro Playground,Not Operational,659.760000929356,0
Q319,-73.85172,40.7311,1,543,Annadale Playground,Operational,559.181744792966,0
Q425-01,-73.84788,40.72624,1,597,Yellowstone Park,Not Operational,403.578665694584,0
B261,-73.88604,40.66544,2,,,,,
Q306,-73.85964,40.7204,1,538,The Painter's Playground,Not Operational,785.940596126471,0
Q304,-73.83702,40.71576,1,536,Ehrenreich-Austin Playground,Operational,667.653053686376,0
Q011,-73.8445211538462,40.7814,1,450,Poppenhusen Playground,Operational,550.093730290053,0
B161,-73.9655,40.67666,1,198,James Forten Playground,Operational,335.012070098925,1
Q221,-73.7772714285714,40.7360285714286,1,525,Farm Playground,Operational,559.22013465279,0
Q300A-ZN02,-73.78752,40.74472,1,531,Ella Fitzgerald Playground,Operational,562.478628136029,0
B284,-73.9499,40.6635,1,260,Marc And Jason's Playground,Operational,297.343307749313,1
X219,-73.91456,40.82716,1,111,Arcilla Playground,Operational,262.82565855603,1
R026,-74.11146,40.56156,1,614,Gerard P. Dugan Playground,Operational,862.403033542739,0
R046-ZN03,-74.0758875,40.5797625,1,626,South Beach Zone 3,Operational,966.433659747141,0
M010-ZN46,-73.95904,40.79732,1,325,The Great Hill,Operational,534.206077138813,0
B232,-73.97278,40.68056,1,234,Dean Playground,Operational,587.888241045201,0
Q126-01,-73.82566,40.79624,1,506,Francis Lewis Park,Operational,1390.05089571038,0
X017-02,-73.9020428571429,40.8495428571429,1,21,Richman (Echo) Park,Operational,497.023570876268,0
Q211,-73.8260857142857,40.7559428571429,1,520,Maple Playground,Operational,256.667759011582,2
B262,-73.94424,40.68204,1,250,Potomac Playground,Operational,405.603867538911,0
M200A,-73.9637333333333,40.8015555555556,0,,,,,
M082,-73.9890666666667,40.71472,2,,,,,
X106,-73.92852,40.81694,1,53,Evelina Antonetty Playground,Operational,474.102021482137,0
B111,-73.9846,40.6729714285714,1,179,Washington Park,Operational,533.899010755711,0
Q162H,-73.76265625,40.5924375,1,512,Beach 30th Street Playground,Operational,814.003416429865,0
B210W-03,-74.0294090909091,40.6144909090909,1,219,John J Carty Park,Operational,267.611999648286,1
B306,-73.93845,40.5906,1,272,Playground 286,Operational,304.934651340024,1
B208,-73.94476,40.61454,1,215,Pfc Norton Playground,Operational,851.075217574853,0
B235,-73.93954,40.59814,1,236,Herman Dolgon Playground,Operational,387.143717990184,1
Q162-ZN04C,-73.7957,40.5875166666667,1,515,Rockaway Beach 04c,Operational,579.467683744751,0
M010-195,-73.95458,40.7904,1,313,Bendheim Playground,Operational,431.797092539455,0
X108,-73.88746,40.85066,1,54,Belmont Playground,Operational,220.191644714471,1
X214,-73.86784,40.87356,1,108,Magenta Playground,Not Operational,240.360607938935,2
M065,-73.98158,40.71594,1,349,Luther Gulick Park,Operational,265.855788440898,1
B057-06,-73.92096,40.58962,1,149,Seba Playground,Operational,1124.48811895502,0
B150,-73.95804,40.62034,1,195,Kolbert Playground,Operational,646.968182392348,0
B128,-73.9696142857143,40.6100428571429,1,186,Colonel David Marcus Playground,Operational,979.056415709639,0
B028-03,-74.01314,40.61308,1,136,Dyker Playground,Operational,372.291169413183,1
B297,-73.98052,40.64604,1,266,Albemarle Playground,Operational,438.452399178629,0
B060,-74.0167333333333,40.6265666666667,1,154,McKinley Park Playground,Operational,506.680107706255,0
B294,-73.9273,40.68022,1,265,Jackie Robinson Park Playground,Operational,366.647031371019,3
M240,-73.9379142857143,40.8416428571429,1,416,Audubon Playground,Operational,476.13875034109,0
B130,-73.97656,40.65044,1,188,Greenwood Playground,Operational,187.545528987973,1
Q099-15,-73.8351,40.73,1,487,Triassic Playground,Operational,711.30521420795,0
Q099-ZN20,-73.8412111111111,40.7406555555556,1,494,Meadow Lake North,Operational,547.774146575877,0
Q099-ZN08,-73.83854,40.74672,1,490,South Of Fountain Of The Planets,Operational,540.858800815107,0
Q351,-73.77466,40.70642,1,563,Peters Field,Operational,902.51259601155,0
Q099-20,-73.82712,40.72294,1,489,Albert H. Mauro Playground,Operational,295.114296245296,1
Q099-17,-73.8337,40.74844,1,688,Lawrence Playground,Not Operational,455.781325750186,0
Q015-ZN01,-73.8354333333334,40.7098555555555,1,454,Sobelsohn Park,Operational,672.172475899362,0
Q015-ZN06,-73.8585,40.6988571428571,1,459,The Bandshell,Operational,190.379031842437,2
M104-ZN01,-73.9239222222222,40.8005333333333,1,373,Bronx Shore,Operational,697.049747584873,0
M104-ZN02,-73.9189111111111,40.7955333333333,1,620,Sunken Meadow,Operational,278.094360882635,1
R046-06,-74.0908,40.56834,1,464,Midland Playground,Operational,823.359734926582,0
M010-ZN34,-73.9619142857143,40.7894142857143,1,321,Reservoir (Northwest),Operational,274.417928935277,1
M010-ZN24&25,-73.9691272727273,40.7804363636364,1,320,Belvedere Castle,Not Operational,255.249941774861,1
M010-ZN20,-73.9711434782609,40.773547826087,1,319,Bethesda Terrace,Operational,280.426195800926,3
M010-ZN10&11,-73.9744214285714,40.77305,1,315,Sheep Meadow,Operational,285.218739746509,2
M010-ZN08,-73.9807866666667,40.76918,1,314,Central Park West,Operational,276.675393141685,3
Q476,-73.8372727272727,40.7758181818182,1,701,College Point Fields,Not Operational,871.316930040366,0
Q345,-73.7490818181818,40.6110272727273,1,559,Redfern Playground,Operational,798.238756894573,0
Q266,-73.76456,40.6083,1,527,Westbourne Playground,Operational,1087.13396274861,0
Q021-ZN03,-73.7706428571429,40.7366285714286,1,466,Cunningham Park Zone 3,Operational,550.724903672513,0
Q360J,-73.87984,40.7293,1,569,Crowley Playground,Operational,464.544771393604,0
R106,-74.2084777777778,40.5350111111111,1,42,Bloomingdale Playground,Operational,1295.93633965064,0
B230,-73.98782,40.68468,1,233,Nicholas Naquan Heyward Jr. Park,Operational,619.42807268773,0
B222,-73.99762,40.69636,1,224,Pierrepont Playground,Operational,139.804274456271,1
M036,-73.9875,40.7504555555556,1,729,Herald Square,Operational,228.372374459189,1
M032,-73.9884545454546,40.7485272727273,1,730,Greeley Square Park,Operational,228.598152936729,1
B050,-73.99954,40.68966,1,143,Van Voorhees Playground,Operational,365.58087004769,1
R025,-74.08616,40.64348,1,613,Mahoney Playground,Operational,823.107820228879,0
Q361,-73.8823285714286,40.7423142857143,1,572,Moore Homestead Playground,Operational,449.67616485969,0
Q226-01,-73.93464,40.77162,1,526,Hallets Cove Playground (area A),Operational,505.025270651033,0
B266,-73.95784,40.6917,1,253,Star Spangled Playground,Operational,381.841156803786,1
X039-ZN13,-73.790435,40.86982,1,30,Hunter Island Picnic Area,Operational,331.492706025568,1
X039-ZN01,-73.8252428571428,40.8484714285714,1,615,Playground For All Children,Operational,363.647281736731,1
Q389,-73.82496,40.58498,1,697,Bayside Playground,Operational,499.134565644337,0
Q367,-73.8094555555556,40.5881777777778,1,695,Hammel Playground,Operational,407.946515484565,0
Q050-ZN08A,-73.8352176470588,40.5779470588235,1,476,Rockaway Beach 08a,Operational,504.346642347479,0
X010A-02,-73.89464,40.84456,1,16,175th Street Playground,Operational,354.210249022712,1
X147A-ZN01,-73.88287,40.83373,1,1064,Starlight Park Zone 1,Operational,424.458345949925,0
M037-10,-73.9366,40.83686,1,1038,Adventure Playground,Operational,366.470536973575,1
B102,-73.9592,40.6816272727273,1,175,Crispus Attucks Playground,Operational,257.380754438892,1
B073-ZN20,-73.97036,40.6569,1,161,Lookout Hill,Operational,522.977747539669,0
X004,-73.86702,40.88436,1,9,Olinville Playground,Operational,621.090652404121,0
X004-01,-73.8640571428572,40.8908428571429,1,8,227th Street Playground,Operational,378.071785383326,1
X002-14,-73.87112,40.87298,1,6,Rosewood Playground,Operational,517.807562485044,0
R153-ZN01,-74.23262,40.53164,2,,,,,
Q007,-73.7674857142857,40.5987571428572,1,446,Bayswater Playground,Operational,810.062826606431,0
B259,-73.9667285714286,40.6885571428571,1,249,Underwood Park,Operational,142.65979990671,3
B032-01,-73.97726,40.69236,1,138,Fort Greene Playground,Operational,216.864932846026,1
B021,-73.9792571428571,40.6975571428572,1,134,Commodore Barry Park,Operational,302.92480438867,1
M010-ZN06,-73.9770933333333,40.7683733333333,2,,,,,
B362,-73.91186,40.669,1,665,Chester Playground,Not Operational,393.688788940534,1
B321,-73.97174,40.68924,1,282,Edmonds Playground,Operational,151.895827734313,1
B292,-73.96224,40.6926,1,264,Pratt Playground,Operational,388.658744855952,1
B220,-73.96662,40.6954,1,223,Washington Hall Park,Operational,457.31625350099,0
B337,-73.9702222222222,40.577,1,287,Century Playground,Operational,286.690891824458,2
B348,-73.9466428571429,40.6944857142857,1,291,Willoughby Playground,Operational,336.062304537476,1
B298,-73.9486,40.6971,1,267,Stockton Playground,Operational,331.349935358447,1
B263,-73.94282,40.69712,1,251,Sumner Playground,Operational,439.136289149349,0
Q308,-73.8247428571429,40.758,1,163,Bowne Playground,Operational,253.876709277663,2
B323,-73.94636,40.6856,1,283,Hattie Carthan Playground,Operational,434.453646074631,0
Q022,-73.82474,40.7635,1,467,Margaret I. Carman Green - Weeping Beech,Operational,610.776816288085,0
B140,-73.9488,40.69068,1,191,Banneker Playground,Operational,215.155196303727,2
Q362,-73.87832,40.75724,1,573,Playground Ninety,Operational,339.386028723779,1
Q363,-73.87446,40.75628,1,574,Northern Playground,Operational,342.750047786617,1
B225,-73.942,40.6788,1,231,St. Andrew's Playground,Operational,406.00905694631,0
Q127,-73.795575,40.693275,1,690,Marconi Park,Not Operational,522.638992394723,0
Q336,-73.8204571428571,40.7187,1,693,Judge Moses Weinstein Playground,Operational,460.087815677385,0
X010-ZN07,-73.89618,40.83512,1,13,Martin Van Buren Playground,Not Operational,301.636647802423,1
B352,-73.91758,40.6408,1,293,Curtis Playground,Operational,506.753046914602,0
X179,-73.90144,40.81544,1,1042,Al Quiñones Playground,Operational,250.27223812591,2
B207,-73.9371428571429,40.6203571428571,1,214,Sarsfield Playground,Operational,338.568886082498,1
B228,-73.90736,40.66734,1,232,Dr. Green Playground,Operational,361.530355516625,1
X008-ZN01,-73.9068285714286,40.8414857142857,1,11,Claremont Zone 1,Operational,392.666089003235,1
R016-ZN02,-74.10128,40.5598,1,611,Cedar Grove Beach Zone 2,Operational,887.341283923534,0
X033-ZN02,-73.88478,40.87934,0,,,,,
B334,-73.92852,40.7003,1,285,Fermi Playground,Operational,466.889177153443,0
B335,-73.91216,40.63596,1,286,Bildersee Playground,Operational,676.17466311734,0
M107,-73.9307444444444,40.7830666666667,1,379,Wards Meadow,Operational,780.58209341261,0
B301,-73.9658285714286,40.6863428571429,1,269,Greene Playground,Operational,117.217702737104,2
B274,-73.88722,40.63492,1,258,Bayview Playground,Operational,178.512705141591,2
B247-01,-73.89396,40.65372,1,241,Breukelen Playground,Operational,686.640919468421,0
B342,-73.89946,40.64678,1,289,100% Playground,Operational,506.738057273711,0
B001,-73.95764,40.72874,1,124,American Playground,Operational,659.016030894919,0
B055,-73.9471654545455,40.7058472727273,1,147,Sternberg Park,Operational,578.922623064106,0
M215,-73.94722,40.78716,1,401,Cherry Tree Park,Operational,370.721634713405,1
M223,-73.9521111111111,40.8203666666667,1,406,Jacob H. Schiff Playground,Operational,300.355426643382,1
X116,-73.8978,40.8269,1,59,Rev J Polite Playground,Operational,295.392360301057,3
X217,-73.9226714285715,40.8113571428572,1,110,Willis Playground,Operational,146.867988307338,3
X194,-73.90678,40.81796,1,100,Captain Rivera Playground,Operational,181.535561684162,3
X190,-73.8943285714286,40.8247714285714,1,98,Tiffany Playground,Operational,298.727893547066,2
Q044,-73.9223714285714,40.7410714285714,2,,,,,
X151,-73.85052,40.82344,1,74,P.O. Serrano Playground,Operational,356.348343023304,1
X177,-73.8529285714286,40.8390142857143,1,93,Castle Hill Playground,Operational,184.539099615611,1
X160,-73.85384,40.8375,1,79,Caserta Playground,Operational,184.085051130045,1
X002-ZN04,-73.8765857142857,40.8695285714286,1,7,Allerton Fields In Bronx Park,Operational,560.575660554455,0
X002-ZN01,-73.8696777777778,40.8543444444445,1,2,Ben Abrams Playground,Operational,336.167153492903,1
Q303,-73.8894571428572,40.7543428571429,1,535,Travers Park,Operational,590.292140204565,0
Q415,-73.8551285714286,40.7549142857143,1,594,Louis Armstrong Playground,Operational,718.496601119718,0
Q373,-73.87142,40.7655,1,577,Helen Marshall Playground,Operational,398.683804986648,1
M236,-73.9509714285714,40.7854714285714,1,413,Samuel Seabury Playground,Operational,89.5264830143139,2
X102,-73.8865777777778,40.8558888888889,1,50,Ciccarone Park,Operational,203.030995112773,1
X111,-73.9175222222222,40.8552777777778,1,55,Cedar Playground,Operational,470.103939656604,0
X200,-73.9212142857143,40.8139714285714,1,103,Clark Playground,Operational,315.930711466131,2
X307,-73.8886142857143,40.8059,1,121,Barretto Point Park,Operational,958.361265596269,0
X123,-73.87184,40.83686,1,64,Noble Playground,Operational,532.735939597855,0
X202,-73.90792,40.87768,1,105,Marble Hill Playground,Operational,336.740752949484,1
X266,-73.8814,40.8440571428571,1,120,Vidalia Park,Operational,151.268105316904,2
X263,-73.88996,40.85018,1,119,Quarry Ballfields,Operational,213.635526576355,1
X174,-73.89292,40.85952,1,90,Webster Playground,Operational,208.175769486105,2
B339,-73.90684,40.66092,1,288,Newport Playground,Operational,420.484894659536,0
R065-ZN03,-74.12434,40.5829,0,,,,,
M089-01,-73.9896,40.7363,2,,,,,
B380,-73.8650666666667,40.6743888888889,1,299,Robert E. Venable Park,Operational,650.775195518683,0
X040,-73.8946846153846,40.8650153846154,1,34,Poe Park,Operational,225.545615898084,2
B246,-73.87944,40.6589,1,657,Jerome Playground,Not Operational,685.310827938692,0
B017,-73.9119571428572,40.6960571428571,1,164,Bushwick Playground,Operational,161.887300156558,1
B359,-73.9358,40.69274,1,295,Eleanor Roosevelt Playground,Operational,304.507333026088,1
B216,-73.93934,40.6866,1,221,Raymond Bush Playground,Not Operational,552.723126499063,0
Q141,-73.94895,40.74724,1,510,Murray Playground,Operational,791.806321943743,0
B197,-73.95736,40.59704,1,213,Mellett Playground,Operational,339.108331117961,1
B244,-73.97214,40.60114,1,239,McDonald Playground,Operational,1011.42357879609,0
B209,-73.9467714285715,40.5979,1,216,Galapo Playground,Operational,584.438565376769,0
B316,-73.97724,40.63274,1,280,DiGilio Playground,Operational,220.992526463153,1
B308,-73.93576,40.59244,1,274,Yak Playground,Operational,308.37694618731,1
B051,-73.9575444444444,40.6036777777778,1,652,Kelly Park Playground,Not Operational,732.761818509066,0
B012,-73.9438466666667,40.6738133333334,1,128,Brower Park,Operational,435.396645953434,0
B087,-74.00498,40.64768,1,171,Sunset Park Playground,Operational,631.441626185529,0
B320,-73.97852,40.67702,1,281,Park Slope Playground,Operational,623.204687123916,0
Q105,-73.81308,40.69964,1,689,Howard Von Dohlen Playground,Operational,384.478218423245,1
Q174A,-73.9002285714286,40.7583,1,691,St. Michael's Playground,Not Operational,982.451588314425,0
Q118,-73.83966,40.68184,1,502,Police Officer Nicholas Demutiis Park,Operational,587.260105227083,0
Q020-ZN01,-73.89012,40.68748,1,462,Highland Park Zone 1,Operational,528.474878270344,0
M029-ZN06,-73.9294769230769,40.8651153846154,1,339,Anne Loftus Playground,Operational,401.9641058968,0
Q024-ZN01,-73.8038285714286,40.7491476190476,1,540,Playground,Operational,630.024470593558,0
M005-ZN01,-74.01584,40.7044,1,305,Battery Park Zone 1,Not Operational,120.98458743401,2
M042-ZN01,-73.9214,40.8702428571429,1,343,Inwood Hill Park Zone 1,Operational,432.458727967087,0
M077-03,-73.9466555555556,40.8208333333333,1,362,Arlington Edinboro Playground,Operational,428.500440831268,0
M077-04,-73.95092,40.8137,1,651,St Nicholas,Operational,269.543160418632,1
R046,-74.06356,40.5924,1,624,South Beach Zone 1,Operational,381.926150908419,1
M056-02,-73.9578428571429,40.8067714285714,1,670,Morningside Playground,Operational,392.213256534254,1
X008-01,-73.9080285714286,40.8376714285714,1,12,Claremont Zone 3,Operational,438.685796717165,0
B109,-73.9455838709677,40.5917225806451,1,177,Bill Brown Playground,Operational,514.352126796046,0
M192,-73.94454,40.78292,1,392,Stanley Isaacs Playground,Operational,522.642906449815,0
M259,-73.9856142857143,40.7242571428571,1,422,McKinley Playground,Operational,456.499076768857,0
M235,-73.98394,40.7144,1,412,Sol Lain Playground,Operational,261.41755934365,2
M244,-73.96872,40.78986,1,417,Sol Bloom Playground,Operational,577.505024222452,0
M238,-73.9662142857143,40.7993571428572,1,33,Bloomingdale Playground,Operational,289.236768281632,2
R038A,-74.09946,40.57658,1,621,Midland Field,Not Operational,219.109342020164,1
B144,-73.9120090909091,40.6745545454546,1,654,Ocean Hill Playground,Not Operational,441.895006813528,0
B152,-74.00078,40.63678,1,196,Rappaport Playground,Operational,1023.45955837065,0
B300,-73.97162,40.6938,1,268,Oracle Playground,Operational,313.320795467768,1
M300,-73.92204,40.8578,1,424,Sherman Creek,Operational,474.182040898736,0
M165,-73.97696,40.71722,1,390,Baruch Playground,Operational,417.024833506095,0
M018,-73.94432,40.82916,1,332,Carmansville Playground,Operational,362.732961741097,2
M234,-73.94156,40.83168,1,411,Wright Brothers Playground,Operational,355.48610149961,2
R085,-74.18582,40.52248,1,637,E.M.T. Christopher J. Prescott Playground,Operational,715.662059241702,0
R035,-74.07388,40.61474,1,619,De Matti Park,Operational,989.982595814213,0
R033,-74.1291,40.6338,1,617,Levy Playground,Operational,454.204852023492,0
R068,-74.1650571428571,40.6309428571429,1,634,The Big Park,Operational,436.944630501703,0
B304,-73.92176,40.6587,1,270,Kennedy King Playground,Operational,664.863150023104,0
B158,-74,40.6089142857143,1,655,Garibaldi Playground,Not Operational,302.71429572888,1
B277,-74.00232,40.60238,1,259,Benson Playground,Operational,537.941392764657,0
B100-01,-73.98648,40.60824,1,174,Seth Low Playground/ Bealin Square,Operational,282.629989976642,1
B077,-74.0087,40.6771769230769,1,165,Coffey Park Playground,Operational,255.252425080204,1
B223B,-74.0019428571429,40.6804714285714,1,225,Dimattina Playground,Operational,605.4748877902,0
B163,-73.8842428571429,40.6776142857143,1,199,Sperandeo Brothers Playground,Operational,425.939424941651,0
B214-01,-73.8874857142857,40.6582285714286,1,220,Linden Park,Operational,572.98261535887,0
B056,-73.8902,40.6674,1,148,Martin Luther King Jr. Playground,Operational,428.10375521504,0
B307,-73.9111571428572,40.6880142857143,1,273,Tiger Playground,Operational,488.870765565349,0
B224,-73.92544,40.6879,1,230,P.O. Reinaldo Salgado Playground,Operational,629.1422035467,0
B137,-73.98096,40.68672,1,189,Sixteen Sycamores Playground,Operational,208.728648540831,2
X150J,-73.90074,40.88112,1,608,Playground,Operational,411.702184936233,0
X080,-73.9206,40.88104,1,40,Henry Hudson Park,Operational,641.534204607621,0
X201-01,-73.91624,40.88714,1,88,Spuyten Duyvil Playground,Operational,129.833593924803,2
X085,-73.8982125,40.85715,1,41,Slattery Playground,Operational,519.520505147891,0
X146,-73.9118714285714,40.8209142857143,1,71,Flynn Playground,Operational,278.250737081115,2
M211B,-73.94638,40.8122,1,400,Langston Hughes Playground,Operational,416.599016539934,0
M158,-73.9686909090909,40.7480727272727,1,387,Robert Moses Playground,Operational,446.829526924509,0
M237,-74.00466,40.73892,1,414,Corporal John A. Seravalli Playground,Operational,295.163362730384,3
M251,-74.00554,40.73634,1,419,Bleecker Playground,Operational,297.315809693191,1
Q348,-73.83706,40.7225,1,561,Willow Lake Playground,Operational,504.660249603341,0
Q128,-73.85314,40.6859,1,507,London Planetree Playground,Operational,583.972019038004,0
Q103,-73.779,40.771,1,1062,Raymond O’Connor Park,Operational,555.347376024163,0
Q002,-73.9109666666667,40.7108666666667,1,437,Grover Cleveland Playground,Not Operational,888.326992618008,0
Q338,-73.73754,40.77096,1,553,Admiral Playground,Operational,308.289176900873,1
Q320,-73.81624,40.72984,1,544,Vleigh Playground,Operational,575.914326382719,0
Q293,-73.77624,40.74784,1,528,Saul Weprin Playground,Operational,718.610047239727,0
Q335,-73.85164,40.72396,1,551,Russell Sage Playground,Operational,755.675194913381,0
Q422,-73.83052,40.58072,1,595,Seaside Playground,Operational,374.596461121554,1
Q041,-73.8698090909091,40.7362272727273,1,473,Newtown Playground,Operational,387.861441975626,1
Q001-ZN08,-73.75394,40.75874,1,433,Horatio Playground,Operational,831.825336195587,0
Q099-ZN19,-73.84794,40.74192,1,493,Ballfields,Operational,174.481833854412,2
Q360N,-73.87154,40.73298,1,571,Hoffman Park,Operational,391.745903034188,1
Q205A,-73.90264,40.74026,1,519,Big Bush Playground,Operational,827.461194860083,0
Q006_temp,-73.8063476190476,40.7704238095238,1,130,Bowne Playground,Operational,796.536635137554,0
Q369,-73.7353888888889,40.7617555555556,1,576,Louis Pasteur Park,Operational,408.07512303028,0
Q162J01,-73.7445428571429,40.5956142857143,1,514,Beach 9 Playground,Operational,410.312993508775,0
B343,-73.90614,40.65608,1,662,Osborn Playground,Not Operational,543.502683303119,0
B110,-73.91334,40.68184,1,178,Marion Hopkinson Playground,Operational,363.816267223116,1
M386,-74.0040228571428,40.7062114285715,2,,,,,
X216,-73.90484,40.8173,1,109,Abigail Playground,Operational,180.425569248622,3
X193,-73.8391428571429,40.8855428571429,1,99,Stars & Stripes Playground,Operational,399.590642893515,1
X178,-73.8615285714286,40.8469428571429,1,94,Matthews Muliner Playground,Operational,404.046122409918,0
R076,-74.1463142857143,40.6230428571429,1,636,Markham Playground,Operational,1484.81229347937,0
R069,-74.09826,40.61354,1,635,Terrace Playground,Operational,854.551950072712,0
R064,-74.11944,40.60872,1,631,Christopher J. Igneri Playground,Operational,95.1604024298227,1
X103,-73.91698,40.80954,1,51,People's Park,Operational,207.509137721923,1
Q450,-73.85402,40.74774,1,604,Corona Golf Playground,Operational,450.00244733514,0
Q406,-73.75954,40.6638,1,590,Springfield Park North,Operational,404.038866037577,0
Q399,-73.77726,40.78242,2,,,,,
Q398,-73.9044285714286,40.7046142857143,1,586,Rosemary's Playground,Operational,169.978885715561,1
Q397,-73.7945,40.7658571428571,1,585,Auburndale Playground,Operational,890.742962968621,0
Q385,-73.9073285714286,40.7715714285714,1,580,Ditmars Playground,Operational,611.53326204893,0
Q356,-73.7456111111111,40.7469888888889,1,565,Alley Park,Operational,647.285153232879,0
Q354,-73.80844,40.72634,1,564,Playground Seventy Five,Operational,535.331265947488,0
Q349,-73.75654,40.7386,1,562,Telephone Playground,Operational,460.444955262857,0
Q346,-73.72814,40.7569,1,694,Challenge Playground,Operational,407.874628628152,0
Q340,-73.92204,40.74726,1,555,Torsney Playground,Operational,686.952123848321,0
Q317,-73.75824,40.74634,1,541,Tall Oak Playground,Operational,870.604062118683,0
Q305,-73.8913285714286,40.7060571428571,1,537,Mafera Park,Operational,956.050393013635,0
Q302,-73.89638,40.69704,1,534,Evergreen Park,Operational,1050.52968323816,0
Q220G,-73.82012,40.71052,1,524,Hoover - Manton Playgrounds,Operational,77.2856084133751,1
Q102-02,-73.8774333333333,40.7206333333333,1,496,Juniper North Playground Tennis,Operational,640.252127438301,0
Q089B,-73.82356,40.7829,1,484,Harvey Playground,Operational,812.793794440653,0
Q066B,-73.92344,40.77472,1,479,Triborough Bridge Playground B,Operational,200.326457777433,1
M245,-73.94164,40.82168,1,418,Renaissance Playground,Operational,436.473585517239,0
M233,-73.98404,40.7777,1,680,Matthew P. Sapolin Playground,Not Operational,386.30712644559,1
M219,-73.97872,40.7819,1,404,Tecumseh Playground,Operational,343.844564866867,1
M217,-73.93894,40.8137,1,403,Howard Bennett Playground,Operational,199.77559738211,3
M216,-73.93616,40.82918,1,402,Holcombe Rucker Park,Operational,351.534464124078,1
M072-01,-73.95386,40.8256,1,360,Riverbank Playground,Operational,374.376641899843,1
M071-31,-73.96224,40.81488,1,356,Claremont,Operational,454.284383779097,0
M041,-73.95108,40.82296,1,342,Alexander Hamilton Playground,Operational,300.214590492901,3
B223R,-73.95444,40.71342,1,229,Jaime Campiz Playground,Operational,430.062943188729,0
B193,-73.94064,40.6626,1,212,Hamilton Metz Field,Operational,499.707059272095,0
B131,-73.90494,40.68332,1,1063,Rudd Playground,Operational,733.57840928029,0
B245,-73.93535,40.6737333333333,1,240,St. John's Park,Operational,534.294140534504,0
M008,-73.98266,40.75402,1,307,Bryant Park,Operational,96.6302291226639,2
X011-ZN01,-73.88544,40.84286,1,646,Crotona Malls Zone 1,Not Operational,285.548973676991,2
M071-ZN18,-73.9733,40.8005923076923,1,358,101st St. Soccer Field,Operational,250.359458836949,1
M004,-73.9901909090909,40.7195363636364,1,666,Allen Street Malls,Not Operational,250.67456571602,2
R028,-74.0778545454545,40.6266272727273,2,,,,,
X032,-73.9156,40.8249222222222,1,647,Railroad Park,Not Operational,249.92624699783,3
B129-ZN01,-73.99538,40.57855,1,187,Kaiser Park Zone 1,Operational,587.498886610976,0
X010A,-73.8959470588235,40.8464117647059,1,645,Walter Gladwin Park,Not Operational,206.580355594269,2
Q162E,-73.7890454545455,40.5888727272727,1,511,Beach 59th St Playground,Operational,583.036621223372,0
Q050-ZN08B,-73.8368666666667,40.5773666666667,0,,,,,
M144-ZN05,-73.9740375,40.72180625,1,384,East River Park Zone 5,Operational,250.88776005642,1
M071-ZN17,-73.96564,40.81132,1,357,Wildlife Sanct. & 119 St Tennis Courts,Operational,491.333677038569,0
M140,-73.9526333333333,40.8298222222222,1,382,Ten Mile River Playground,Operational,478.731811710704,0
B073_temp,-73.9652923076923,40.6608461538462,1,162,Lullwater & Boathouse,Operational,148.774214864612,2
Q004-ZN02,-73.9221406015038,40.7785466165414,0,,,,,
X092_temp,-73.89394,40.8911,1,46,"Van Cortlandt Mansion, Tennis Courts, Memorial Grove",Operational,295.651038292894,1
Q020-ZN04,-73.88578,40.68402,1,461,Lower Highland Playground,Operational,388.972732336578,1
Q023,-73.8033846153846,40.7033461538462,1,468,Rufus King Park,Operational,601.240656966307,0
XR-05,-73.8786097560975,40.8766292682927,1,52,Williamsbridge Oval,Operational,249.608080615459,1
B126,-74.00394,40.67336,0,,,,,
B032_temp,-73.9747090909091,40.6922363636364,1,139,Fort Greene Park Zone 3,Operational,210.858323764532,2
M037-04,-73.9271533333333,40.8528,1,341,Wallenberg Playground,Operational,705.061942845397,0
M037-03,-73.93116,40.84722,1,667,Quisqueya Playground,Not Operational,239.686122755433,1
B082-ZN05,-74.03948,40.6162,1,170,Shore Road Park Zone 5,Operational,565.550709810407,0
B082-ZN04,-74.0356875,40.612,1,169,Shore Road Park Zone 4,Operational,567.110822798209,0
X010_temp1,-73.8979245901639,40.8404967213115,1,15,Bathgate Playground,Operational,227.087414762539,2
B057_temp,-73.9305461538461,40.604017948718,1,151,Marine Park Zone 6,Operational,720.734854786786,0
X010_temp2,-73.8934526315789,40.838152631579,1,17,Crotona Park Lake,Operational,208.864456081708,2
MR-06,-73.9406989010988,40.8463417582417,1,372,J. Hood Wright Park,Operational,232.394053332671,1
MR-10,-73.9887466666667,40.7714733333333,1,348,Gertrude Ederle Recreation Center,Operational,282.254235578351,1
R105,-74.1176666666667,40.6288,1,706,Prall Playground,Not Operational,231.790298955983,1
R045-01,-74.1878629032257,40.5901048387096,1,622,Schmul Park,Operational,345.737593406141,1
M258,-73.9379,40.7891777777778,1,421,East River Playground,Operational,579.244294947569,0
M019,-73.99344,40.71084,1,333,Coleman Playground,Not Operational,335.361488414161,2
M017,-73.9797615384615,40.7117538461539,1,331,Corlears Hook Park,Operational,343.22512208125,1
X039_temp1,-73.7865818181818,40.8704454545455,1,31,Twin Island,Operational,328.593073758911,1
R090,-74.16242,40.53718,1,705,Lieutenant John H. Martinson Playground,Operational,1945.75907876652,0
Q458,-73.7774571428572,40.7952428571429,1,700,Fort Totten Park Zone 1,Not Operational,655.959140133039,0
R024,-74.0763444444445,40.6372666666667,0,,,,,
B042-01,-73.98492,40.62398,1,141,Gravesend Park,Operational,1142.13594453483,0
B192,-74.0363555555556,40.6264222222222,1,211,Russell Pedersen Playground,Operational,658.844865107717,0
X188,-73.85476,40.90186,1,97,Wakefield Playground,Operational,1121.81496725425,0
M027,-74.00295,40.7300166666667,1,335,Downing Street Playground,Operational,201.244780499076,1
Q360M,-73.89540625,40.72485625,1,570,Frontera Park,Operational,307.649576349201,1
M081-ZN02,-73.9438777777778,40.7757111111111,1,367,Carl Schurz Promenade,Operational,803.96488396367,0
M187,-73.94668,40.78436,0,,,,,
M107-ZN06,-73.9262142857143,40.7837142857143,1,675,Scylla Playground,Not Operational,393.434247641651,1
X039_temp2,-73.8246777777778,40.8517333333333,1,29,Pelham South Park Headquarters,Operational,366.172518695757,1
R114_temp,-74.1634625,40.6203375,1,642,Jennifer's Playground,Operational,393.276685033641,1
R015,-74.1088266666667,40.64374,1,610,Walker Park,Operational,961.813723273184,0
B057-ZN01,-73.937438317757,40.6078719626168,1,150,Marine Park Zone 1,Operational,720.332278647015,0
B285,-73.92326,40.64332,1,261,Harry Maze Playground,Operational,250.986758346308,1
B082-ZN06,-74.02262,40.63722,0,,,,,
B126-ZN03,-74.0077714285714,40.6727571428571,1,185,Red Hook Park Zone 3,Not Operational,351.965389569076,1
B237,-73.95532,40.68206,1,656,John Hancock Playground,Not Operational,76.3236272288434,2
X087,-73.8687428571429,40.8660857142857,1,649,Zimmerman Playground,Not Operational,268.840604898137,1
X166_temp,-73.9009555555556,40.8255111111111,1,84,Behagen Playground,Operational,301.30351800041,2
X014,-73.89782,40.82426,1,20,Horseshoe Playground,Operational,293.176220012094,3
M010-ZN38,-73.9541555555556,40.7914222222222,0,,,,,
X020,-73.89592,40.8816,1,22,Fort Independence Playground,Operational,255.699795520099,1
M211A,-73.94722,40.81106,1,399,St. Nicholas Playground South,Not Operational,145.244001566395,1
QR-07,-73.77443,40.67412,1,593,Rochdale Park,Operational,352.33210739692,1
Q210,-73.77024,40.68462,1,488,Nautilus Playground,Operational,387.893127533976,1
Q015_temp,-73.8552142857143,40.7007428571429,1,458,Carousel,Operational,87.239058375509,2
Q001-ZN01,-73.7341846153846,40.74,1,435,Alley Athletic Playground,Operational,157.132426637,1
Q024-ZN02,-73.8085882352941,40.7472705882353,1,684,Kissena Park Zone 2 (Tennis Courts),Not Operational,455.577500035054,0
Q048,-73.94104,40.76532,1,685,Rainey Park Playground,Not Operational,436.973090019201,0
