"nta2020","boro_cd","w_from"
"BK0101","301",1
"BK0102","301",1
"BK0103","301",1
"BK0104","301",1
"BK0201","302",1
"BK0202","302",1
"BK0203","302",1
"BK0204","302",0.948206255244886
"BK0204","303",0.0517937447551142
"BK0261","302",1
"BK0301","303",0.97832269553352
"BK0301","302",0.0216773044664804
"BK0302","303",1
"BK0401","304",1
"BK0402","304",1
"BK0471","304",1
"BK0501","305",1
"BK0502","305",1
"BK0503","305",0.830377443525057
"BK0503","318",0.130877727457323
"BK0503","316",0.0387448290176191
"BK0504","305",0.912357810660275
"BK0504","318",0.0876421893397251
"BK0505","305",1
"BK0571","305",1
"BK0601","306",0.972295020844884
"BK0601","302",0.0182526257635924
"BK0601","307",0.00945235339152375
"BK0602","306",0.977171705448147
"BK0602","302",0.0168188478122383
"BK0602","308",0.00600944673961445
"BK0701","307",1
"BK0702","307",0.986353257168282
"BK0702","310",0.0136467428317176
"BK0703","307",0.922387218574718
"BK0703","310",0.049119286012643
"BK0703","312",0.0284934954126387
"BK0771","307",1
"BK0801","308",0.887773176591339
"BK0801","306",0.0605842270630222
"BK0801","302",0.0516425963456386
"BK0802","308",0.992573632585988
"BK0802","303",0.00742636741401258
"BK0891","308",1
"BK0901","309",1
"BK0902","309",1
"BK1001","310",1
"BK1002","310",0.991890472016774
"BK1002","311",0.00810952798322551
"BK1061","310",1
"BK1091","310",1
"BK1101","311",1
"BK1102","311",1
"BK1103","311",0.939979268851053
"BK1103","313",0.0372781042715984
"BK1103","315",0.0227426268773488
"BK1201","312",1
"BK1202","312",0.970681681506492
"BK1202","310",0.022610865779949
"BK1202","314",0.00670745271355845
"BK1203","312",0.968681418838933
"BK1203","314",0.0313185811610668
"BK1204","312",0.93533496701274
"BK1204","311",0.0493934514977297
"BK1204","314",0.0152715814895305
"BK1301","313",0.869357555183786
"BK1301","315",0.115733288887442
"BK1301","311",0.0149091559287717
"BK1302","313",1
"BK1303","313",0.919420231747658
"BK1303","315",0.0805797682523418
"BK1391","313",1
"BK1401","314",1
"BK1402","314",0.946393355287345
"BK1402","312",0.0536066447126548
"BK1403","314",0.98465811196903
"BK1403","318",0.0153418880309705
"BK1501","315",0.978028920602251
"BK1501","312",0.0145053080320283
"BK1501","313",0.00746577136572091
"BK1502","315",0.97649554229051
"BK1502","318",0.0153247861897192
"BK1502","314",0.00817967151977111
"BK1503","315",1
"BK1601","316",0.919540163448926
"BK1601","303",0.0521599478646969
"BK1601","305",0.0282998886863776
"BK1602","316",1
"BK1701","317",0.922223346395707
"BK1701","314",0.0511126518273883
"BK1701","309",0.0266640017769051
"BK1702","317",0.968968194082382
"BK1702","318",0.0310318059176184
"BK1703","317",0.974459314030024
"BK1703","309",0.0255406859699757
"BK1704","317",0.955042542532737
"BK1704","316",0.0449574574672633
"BK1771","317",1
"BK1801","318",0.956961602233288
"BK1801","317",0.0349088113060401
"BK1801","314",0.00812958646067222
"BK1802","318",0.991199593275983
"BK1802","315",0.00880040672401745
"BK1803","318",0.974256176826931
"BK1803","317",0.0257438231730693
"BK1891","318",0.936929115806966
"BK1891","315",0.0630708841930336
"BK1892","318",1
"BK1893","318",1
"BK5591","314",1
"BK5691","318",1
"BX0101","201",1
"BX0102","201",1
"BX0201","202",1
"BX0202","202",0.931635196454249
"BX0202","203",0.0683648035457512
"BX0291","202",0.990940014005065
"BX0291","201",0.00905998599493492
"BX0301","203",0.985600684185662
"BX0301","202",0.0143993158143375
"BX0302","203",0.927445694306918
"BX0302","204",0.0533961777854357
"BX0302","206",0.0191581279076457
"BX0303","203",0.819902970636144
"BX0303","209",0.0979755872318594
"BX0303","202",0.0821214421319967
"BX0391","203",1
"BX0401","204",0.876235916505108
"BX0401","201",0.0841147854717807
"BX0401","203",0.0396492980231115
"BX0402","204",1
"BX0403","204",1
"BX0491","204",1
"BX0492","204",1
"BX0501","205",0.979778627129392
"BX0501","204",0.0202213728706083
"BX0502","205",0.892154973601467
"BX0502","206",0.107845026398533
"BX0503","205",0.96451570159636
"BX0503","207",0.0354842984036401
"BX0601","206",0.803499296312324
"BX0601","211",0.0857679354437614
"BX0601","209",0.0845786488058811
"BX0601","203",0.0261541194380332
"BX0602","206",1
"BX0603","206",0.948944464191118
"BX0603","207",0.0510555358088822
"BX0701","207",0.963387456573897
"BX0701","205",0.0366125434261031
"BX0702","207",0.752154341659975
"BX0702","208",0.247845658340025
"BX0703","207",1
"BX0801","208",1
"BX0802","208",0.971691202549658
"BX0802","207",0.0283087974503423
"BX0803","208",1
"BX0901","209",1
"BX0902","209",1
"BX0903","209",0.854354472340535
"BX0903","210",0.145645527659465
"BX0904","209",1
"BX0991","209",1
"BX1001","210",0.681293376343061
"BX1001","209",0.269969977702577
"BX1001","211",0.0487366459543623
"BX1002","210",1
"BX1003","210",1
"BX1004","210",0.956807769781525
"BX1004","212",0.0431922302184754
"BX1071","210",1
"BX1091","210",1
"BX1101","211",1
"BX1102","211",1
"BX1103","211",0.971573248156074
"BX1103","212",0.0284267518439263
"BX1104","211",0.935783621788957
"BX1104","212",0.0642163782110428
"BX1161","211",0.922871301993451
"BX1161","210",0.0771286980065487
"BX1201","212",1
"BX1202","212",1
"BX1203","212",1
"BX1271","212",1
"BX2791","212",0.825292704028068
"BX2791","206",0.174707295971932
"BX2891","210",1
"MN0101","101",0.945843138238318
"MN0101","302",0.054156861761682
"MN0102","101",1
"MN0191","101",0.877184920302933
"MN0191","306",0.101436212682811
"MN0191","302",0.0213788670142553
"MN0201","102",0.983736829946359
"MN0201","101",0.0162631700536412
"MN0202","102",1
"MN0203","102",1
"MN0301","103",0.99242027240995
"MN0301","101",0.00757972759005023
"MN0302","103",1
"MN0303","103",1
"MN0401","104",1
"MN0402","104",1
"MN0501","105",0.99039234842373
"MN0501","106",0.00960765157627042
"MN0502","105",0.973125508663937
"MN0502","106",0.0268744913360626
"MN0601","106",1
"MN0602","106",0.794681128148732
"MN0602","105",0.205318871851268
"MN0603","106",0.931832299672943
"MN0603","105",0.0681677003270567
"MN0604","106",0.806490036997467
"MN0604","105",0.193509963002533
"MN0661","106",1
"MN0701","107",0.920506298467119
"MN0701","104",0.0794937015328811
"MN0702","107",1
"MN0703","107",1
"MN0801","108",1
"MN0802","108",1
"MN0803","108",1
"MN0901","109",1
"MN0902","109",1
"MN0903","109",0.951452323526066
"MN0903","110",0.0485476764739344
"MN1001","110",1
"MN1002","110",1
"MN1101","111",1
"MN1102","111",1
"MN1191","111",1
"MN1201","112",1
"MN1202","112",1
"MN1203","112",1
"MN1291","112",1
"MN1292","112",1
"QN0101","401",1
"QN0102","401",1
"QN0103","401",1
"QN0104","401",1
"QN0105","401",0.982657174499785
"QN0105","402",0.0173428255002148
"QN0151","401",1
"QN0161","401",1
"QN0171","401",1
"QN0191","401",1
"QN0201","402",1
"QN0202","402",1
"QN0203","402",0.984408010060133
"QN0203","404",0.0155919899398666
"QN0261","402",1
"QN0271","402",1
"QN0301","403",0.993682240705438
"QN0301","402",0.00631775929456166
"QN0302","403",1
"QN0303","403",1
"QN0401","404",0.96041568721025
"QN0401","405",0.020906515848371
"QN0401","402",0.0119225507807753
"QN0401","403",0.00675524616060377
"QN0402","404",1
"QN0501","405",0.863484224853944
"QN0501","402",0.136515775146056
"QN0502","405",1
"QN0503","405",0.915659033966484
"QN0503","406",0.0843409660335161
"QN0504","405",1
"QN0571","405",1
"QN0572","405",1
"QN0573","405",1
"QN0574","405",1
"QN0601","406",0.978213344818146
"QN0601","404",0.0217866551818541
"QN0602","406",1
"QN0701","407",1
"QN0702","407",1
"QN0703","407",0.947352118405625
"QN0703","411",0.0526478815943747
"QN0704","407",0.98501424811721
"QN0704","411",0.01498575188279
"QN0705","407",1
"QN0706","407",0.939685400115071
"QN0706","408",0.0603145998849289
"QN0707","407",1
"QN0761","407",1
"QN0791","407",1
"QN0801","408",1
"QN0802","408",1
"QN0803","408",1
"QN0804","408",1
"QN0805","408",0.962366580695919
"QN0805","412",0.0376334193040806
"QN0871","408",1
"QN0891","408",0.993097346956591
"QN0891","411",0.0069026530434087
"QN0901","409",0.991840983022574
"QN0901","406",0.00815901697742596
"QN0902","409",1
"QN0903","409",1
"QN0904","409",0.954579087810622
"QN0904","410",0.0454209121893779
"QN0905","409",1
"QN1001","410",0.992913119988619
"QN1001","409",0.00708688001138086
"QN1002","410",0.970484904511416
"QN1002","409",0.0295150954885837
"QN1003","410",1
"QN1091","410",1
"QN1101","411",0.955756427815582
"QN1101","407",0.0442435721844176
"QN1102","411",1
"QN1103","411",1
"QN1104","411",1
"QN1191","411",1
"QN1201","412",0.954197861744309
"QN1201","408",0.0458021382556908
"QN1202","412",1
"QN1203","412",1
"QN1204","412",1
"QN1205","412",0.993194455320258
"QN1205","413",0.00680554467974166
"QN1206","412",1
"QN1301","413",1
"QN1302","413",1
"QN1303","413",1
"QN1304","413",1
"QN1305","413",0.970306565470402
"QN1305","412",0.0296934345295978
"QN1306","413",0.960432875866083
"QN1306","412",0.0395671241339169
"QN1307","413",1
"QN1371","413",1
"QN1401","414",1
"QN1402","414",1
"QN1403","414",1
"QN1491","414",1
"QN8081","403",1
"QN8191","408",0.350409301645607
"QN8191","406",0.277475827329643
"QN8191","407",0.196171239040728
"QN8191","403",0.175943631984022
"QN8291","405",1
"QN8381","410",0.575529667447694
"QN8381","413",0.424470332552306
"QN8492","414",1
"SI0101","501",1
"SI0102","501",1
"SI0103","501",0.990061593545076
"SI0103","502",0.00993840645492418
"SI0104","501",1
"SI0105","501",1
"SI0106","501",1
"SI0107","501",1
"SI0191","501",1
"SI0201","502",1
"SI0202","502",1
"SI0203","502",0.955309715878672
"SI0203","503",0.044690284121328
"SI0204","502",1
"SI0291","502",0.993303076989064
"SI0291","503",0.00669692301093572
"SI0301","503",0.985311705081709
"SI0301","502",0.0146882949182913
"SI0302","503",1
"SI0303","503",1
"SI0304","503",1
"SI0305","503",1
"SI0391","503",0.985960738417055
"SI0391","502",0.014039261582945
"SI9561","502",1
"SI9592","502",1
"SI9593","503",1
