"nta2020","ntaname","pop_total","resid_ratio","oath","c311"
"BK0101","Greenpoint",39784,0.85195714635983,18,12
"BK0102","Williamsburg",66612,0.587028942159454,82,20
"BK0103","South Williamsburg",50948,0.235112589311478,10,2
"BK0104","East Williamsburg",50775,1.18240182122494,155,22
"BK0201","Brooklyn Heights",26031,2.1165762024311,6,14
"BK0202","Downtown Brooklyn-DUMBO-Boerum Hill",39977,1.36689343496011,69,28
"BK0203","Fort Greene",33180,1.25147192687659,95,15
"BK0204","Clinton Hill",29205,1.66309561722016,58,18
"BK0301","Bedford-Stuyvesant (West)",90068,1.24213648631107,368,33
"BK0302","Bedford-Stuyvesant (East)",92769,0.683363325625694,398,11
"BK0401","Bushwick (West)",52698,1.70005718061805,233,28
"BK0402","Bushwick (East)",59859,1.35486401042345,184,15
"BK0501","Cypress Hills",42117,1.48581106075383,79,11
"BK0502","East New York (North)",41335,0.599461287088404,168,3
"BK0503","East New York-New Lots",51641,0.28788275188515,229,2
"BK0504","Spring Creek-Starrett City",16410,0.630782214904149,7,1
"BK0505","East New York-City Line",47234,0.271921857939833,67,3
"BK0601","Carroll Gardens-Cobble Hill-Gowanus-Red Hook",60738,1.2178484867544,156,29
"BK0602","Park Slope",59281,0.944904209447132,8,13
"BK0701","Windsor Terrace-South Slope",25036,1.61097470624291,3,7
"BK0702","Sunset Park (West)",50926,1.03145624677075,162,18
"BK0703","Sunset Park (Central)",44499,1.97368044048756,78,16
"BK0801","Prospect Heights",23969,0.687582292097152,22,3
"BK0802","Crown Heights (North)",85819,0.915321916751232,270,21
"BK0901","Crown Heights (South)",53466,0.522683255415161,54,6
"BK0902","Prospect Lefferts Gardens-Wingate",44881,1.18279553624312,30,10
"BK1001","Bay Ridge",84838,0.76698024720586,37,12
"BK1002","Dyker Heights",39148,2.54644104261137,6,11
"BK1101","Bensonhurst",94498,1.00787269512168,60,20
"BK1102","Bath Beach",30170,0.470281526662603,45,1
"BK1103","Gravesend (West)",56517,0.565728418088386,11,7
"BK1201","Sunset Park (East)-Borough Park (West)",30220,0.539056458436549,7,1
"BK1202","Borough Park",89673,0.317479831000693,31,8
"BK1203","Kensington",38903,1.10947210962221,6,9
"BK1204","Mapleton-Midwood (West)",37519,0.554091591445892,2,2
"BK1301","Gravesend (South)",28604,0.585787538746513,8,4
"BK1302","Coney Island-Sea Gate",54465,0.768761163283339,74,4
"BK1303","Brighton Beach",28327,3.82076857985308,14,12
"BK1401","Flatbush",65759,0.65956704421606,166,8
"BK1402","Flatbush (West)-Ditmas Park-Parkville",39803,0.938310626783899,97,7
"BK1403","Midwood",49291,0.553411516900184,14,6
"BK1501","Gravesend (East)-Homecrest",50032,0.62586485008226,41,6
"BK1502","Madison",38197,1.12430422931001,9,9
"BK1503","Sheepshead Bay-Manhattan Beach-Gerritsen Beach",64244,0.471229562804624,16,7
"BK1601","Ocean Hill",39942,0.564658490417626,90,3
"BK1602","Brownsville",59014,0.558200404344458,212,5
"BK1701","East Flatbush-Erasmus",42375,1.13677888387616,99,10
"BK1702","East Flatbush-Farragut",34025,1.05850790324958,24,6
"BK1703","East Flatbush-Rugby",36352,3.17710354379328,78,13
"BK1704","East Flatbush-Remsen Village",38240,0.521337884420398,42,1
"BK1801","Flatlands",61589,0.775737670911601,33,7
"BK1802","Marine Park-Mill Basin-Bergen Beach",42837,0.81900334196848,0,4
"BK1803","Canarsie",76746,0.630559920221383,76,6
"BX0101","Mott Haven-Port Morris",56600,0.62268673112132,189,2
"BX0102","Melrose",41043,1.55390479407438,134,9
"BX0201","Hunts Point",14219,2.36361360268277,37,2
"BX0202","Longwood",40143,0.846384734286725,28,3
"BX0301","Morrisania",37248,0.889945519094801,74,5
"BX0302","Claremont Village-Claremont (East)",24213,0,61,0
"BX0303","Crotona Park East",29480,0.752869590591438,18,3
"BX0401","Concourse-Concourse Village",67780,0.896935506086255,65,8
"BX0402","Highbridge",30812,1.25223075146123,25,4
"BX0403","Mount Eden-Claremont (West)",48394,0.6343306455771,99,4
"BX0501","University Heights (South)-Morris Heights",53624,0.371180211357933,62,0
"BX0502","Mount Hope",47120,0.547831232410466,186,6
"BX0503","Fordham Heights",30863,0.725491066182245,159,3
"BX0601","West Farms",18442,0.330614418423195,18,1
"BX0602","Tremont",32428,0.978678017231537,40,1
"BX0603","Belmont",35608,1.06824638860546,56,5
"BX0701","University Heights (North)-Fordham",42305,0.915781576293788,134,4
"BX0702","Bedford Park",49148,0.768492176793067,93,2
"BX0703","Norwood",39556,0.306051693365224,82,2
"BX0801","Kingsbridge Heights-Van Cortlandt Village",33261,0.960105435445689,27,1
"BX0802","Kingsbridge-Marble Hill",24004,1.42194900364627,41,4
"BX0803","Riverdale-Spuyten Duyvil",47430,1.4474649880832,3,5
"BX0901","Soundview-Bruckner-Bronx River",67869,1.28407701216632,137,15
"BX0902","Soundview-Clason Point",35612,1.47160802023741,80,3
"BX0903","Castle Hill-Unionport",35838,0.917924902040986,11,5
"BX0904","Parkchester",29460,1.10256713382628,1,0
"BX1001","Westchester Square",14680,0.889472466596276,5,2
"BX1002","Throgs Neck-Schuylerville",47903,0.41470513898111,30,2
"BX1003","Pelham Bay-Country Club-City Island",28351,1.11233636936693,1,2
"BX1004","Co-op City",36000,0,0,0
"BX1101","Pelham Parkway-Van Nest",28955,1.35169233244928,2,8
"BX1102","Morris Park",23701,1.04541951702163,9,5
"BX1103","Pelham Gardens",27832,0.697236250939259,3,3
"BX1104","Allerton",33067,1.07567199693424,9,3
"BX1201","Williamsbridge-Olinville",57663,2.93583727431726,19,27
"BX1202","Eastchester-Edenwald-Baychester",51213,0.587993100055581,18,4
"BX1203","Wakefield-Woodlawn",49552,2.28868282204268,47,10
"MN0101","Financial District-Battery Park City",48198,0.560543511326584,33,42
"MN0102","Tribeca-Civic Center",22563,1.71084506061061,66,28
"MN0201","SoHo-Little Italy-Hudson Square",21220,1.0179222949138,78,20
"MN0202","Greenwich Village",31628,1.23238947814973,91,25
"MN0203","West Village",31913,1.77130061812225,110,33
"MN0301","Chinatown-Two Bridges",38006,1.80488212784565,65,15
"MN0302","Lower East Side",47185,0.855790108041795,233,11
"MN0303","East Village",69437,0.735645740884487,118,19
"MN0401","Chelsea-Hudson Yards",62960,0.685463405672554,174,39
"MN0402","Hell's Kitchen",54743,0.910365062481789,297,28
"MN0501","Midtown South-Flatiron-Union Square",29148,0.699478430220143,160,24
"MN0502","Midtown-Times Square",23035,1.92885304521269,318,50
"MN0601","Stuyvesant Town-Peter Cooper Village",22040,0.672113294130889,4,1
"MN0602","Gramercy",25905,1.26836924648668,55,25
"MN0603","Murray Hill-Kips Bay",53742,0.909080912328549,26,18
"MN0604","East Midtown-Turtle Bay",42046,0.852871288818908,68,19
"MN0701","Upper West Side-Lincoln Square",69909,0.627778915027246,11,23
"MN0702","Upper West Side (Central)",101153,0.804439571681821,48,26
"MN0703","Upper West Side-Manhattan Valley",50132,0.881076953133927,73,15
"MN0801","Upper East Side-Lenox Hill-Roosevelt Island",77188,0.634737457540231,1,31
"MN0802","Upper East Side-Carnegie Hill",56073,0.782806334507347,7,22
"MN0803","Upper East Side-Yorkville",78549,0.909123127708598,3,25
"MN0901","Morningside Heights",37716,0.599323720590127,61,12
"MN0902","Manhattanville-West Harlem",21638,1.36497719579646,70,7
"MN0903","Hamilton Heights-Sugar Hill",53598,0.793479747021598,104,17
"MN1001","Harlem (South)",48446,0.763909309131005,145,19
"MN1002","Harlem (North)",86565,0.842369783767182,386,12
"MN1101","East Harlem (South)",61875,0.325988897220583,306,6
"MN1102","East Harlem (North)",63246,2.98488723720327,775,29
"MN1201","Washington Heights (South)",76079,0.677786348318472,101,19
"MN1202","Washington Heights (North)",74030,0.641295724606128,142,19
"MN1203","Inwood",36850,1.00307257521237,185,8
"QN0101","Astoria (North)-Ditmars-Steinway",48620,0.876013626995123,23,13
"QN0102","Old Astoria-Hallets Point",13998,0.853516258461173,12,3
"QN0103","Astoria (Central)",48044,0.843543477288977,86,15
"QN0104","Astoria (East)-Woodside (North)",36805,2.77758953060979,82,15
"QN0105","Queensbridge-Ravenswood-Dutch Kills",29051,0.298083687563722,88,5
"QN0201","Long Island City-Hunters Point",30464,0.475457483451714,29,14
"QN0202","Sunnyside",46879,0.923430257631294,4,19
"QN0203","Woodside",46947,1.68068351156525,12,31
"QN0301","Jackson Heights",93975,1.27526166930574,858,42
"QN0302","East Elmhurst",29093,3.56907857075615,29,32
"QN0303","North Corona",38521,1.19568938627747,720,16
"QN0401","Elmhurst",100015,1.19460713733666,430,38
"QN0402","Corona",67341,1.73845011142812,214,40
"QN0501","Maspeth",40680,0.861480919917469,2,7
"QN0502","Ridgewood",66747,1.03430112144278,105,27
"QN0503","Glendale",35585,1.37342505752821,7,9
"QN0504","Middle Village",34057,0.940234420247029,1,1
"QN0601","Rego Park",29744,0.502011439755258,0,3
"QN0602","Forest Hills",93621,0.678829299737883,13,14
"QN0701","College Point",30120,0.109075373876446,7,0
"QN0702","Whitestone-Beechhurst",29547,1.21653413293349,5,3
"QN0703","Bay Terrace-Clearview",23195,0.59849545686017,0,0
"QN0704","Murray Hill-Broadway Flushing",53912,1.32287647715592,12,6
"QN0705","East Flushing",30771,2.07252544671069,3,8
"QN0706","Queensboro Hill",20405,0.693566116131396,0,2
"QN0707","Flushing-Willets Point",61079,0.425381914960547,119,7
"QN0801","Kew Gardens Hills",35598,0.313715707709646,6,1
"QN0802","Pomonok-Electchester-Hillcrest",34432,0.22178388731128,17,1
"QN0803","Fresh Meadows-Utopia",20679,0.968504049811665,0,4
"QN0804","Jamaica Estates-Holliswood",23270,1.48554662877733,1,4
"QN0805","Jamaica Hills-Briarwood",37121,0.578311529968048,10,5
"QN0901","Kew Gardens",24548,1.058200104346,2,9
"QN0902","Richmond Hill",32785,0.69981512310411,64,8
"QN0903","South Richmond Hill",23493,1.11497548318046,5,3
"QN0904","Ozone Park (North)",25562,1.2103423170277,40,3
"QN0905","Woodhaven",39914,0.192959528793792,12,2
"QN1001","South Ozone Park",80840,1.02259378552554,86,21
"QN1002","Ozone Park",23862,0.9262586697292,6,7
"QN1003","Howard Beach-Lindenwood",31308,0.152629223781234,1,0
"QN1101","Auburndale",34216,1.22225627560836,1,6
"QN1102","Bayside",35395,0.791966348312518,27,5
"QN1103","Douglaston-Little Neck",25623,0.405230596691014,2,1
"QN1104","Oakland Gardens-Hollis Hills",24840,0.439029143783772,0,1
"QN1201","Jamaica",56742,1.16161668859408,192,32
"QN1202","South Jamaica",42675,1.13150215449756,18,10
"QN1203","Baisley Park",43885,0.924324256794579,35,8
"QN1204","Springfield Gardens (North)-Rochdale Village",33511,0.926758225473869,4,6
"QN1205","St. Albans",54727,0.362671458923062,7,2
"QN1206","Hollis",22264,1.96669805738736,3,4
"QN1301","Glen Oaks-Floral Park-New Hyde Park",22157,0.285359372905468,5,1
"QN1302","Bellerose",26891,0.517697544345466,16,3
"QN1303","Queens Village",55339,1.0037109933643,76,10
"QN1304","Cambria Heights",19981,0.577186042225104,8,1
"QN1305","Laurelton",27708,1.27342652151633,12,5
"QN1306","Springfield Gardens (South)-Brookville",24458,0.811159249719722,7,4
"QN1307","Rosedale",28309,0.840188356816139,22,3
"QN1401","Far Rockaway-Bayswater",62827,1.95165252218332,72,43
"QN1402","Rockaway Beach-Arverne-Edgemere",42621,0.514539034373519,37,5
"QN1403","Breezy Point-Belle Harbor-Rockaway Park-Broad Channel",25783,1.65742598151189,5,1
"SI0101","St. George-New Brighton",21009,1.67154283469866,51,3
"SI0102","Tompkinsville-Stapleton-Clifton-Fox Hills",18170,1.65688060627815,57,3
"SI0103","Rosebank-Shore Acres-Park Hill",23027,0,17,0
"SI0104","West New Brighton-Silver Lake-Grymes Hill",35957,0.410234416130416,8,2
"SI0105","Westerleigh-Castleton Corners",31542,0.892045091536787,2,2
"SI0106","Port Richmond",20577,2.10610333064075,66,5
"SI0107","Mariner's Harbor-Arlington-Graniteville",32272,1.13346575333765,21,2
"SI0201","Grasmere-Arrochar-South Beach-Dongan Hills",35372,1.30309700813999,8,3
"SI0202","New Dorp-Midland Beach",29103,2.76198485047737,15,4
"SI0203","Todt Hill-Emerson Hill-Lighthouse Hill-Manor Heights",33910,0.909604759432662,1,2
"SI0204","New Springville-Willowbrook-Bulls Head-Travis",42601,0.812487666446512,0,7
"SI0301","Oakwood-Richmondtown",21154,0.772760938118275,0,2
"SI0302","Great Kills-Eltingville",58253,0.704462869712261,4,2
"SI0303","Arden Heights-Rossville",31824,0,0,0
"SI0304","Annadale-Huguenot-Prince's Bay-Woodrow",42159,0.68011666580235,0,5
"SI0305","Tottenville-Charleston",17425,0.764429699975677,0,2
