"prop_id","cs_id","long_term_closure","reason_closed","winterized","reason_winterized"
"B001","1336",,,,
"B007","1337","Yes","Repairs",,
"B008","1338",,,,
"B012","1339",,,,
"B016","1340",,,,
"B017","1341",,,,
"B018-ZN01","1342",,,,
"B019","1343",,,,
"B021","1344",,,,
"B025-01","1345",,,,
"B028-03","1346",,,,
"B028-ZN01","1347",,,,
"B032-01","1348",,,,
"B032-ZN03","1349",,,,
"B038","1350",,,,
"B042","1351",,,,
"B043","1352",,,,
"B050","1353",,,,
"B051","1354",,,,
"B052-01","1355",,,,
"B054-01","1356",,,,
"B055","1357","Yes","Capital",,
"B056","1358",,,,
"B057-06","1359",,,,
"B057-ZN01","1360",,,,
"B058-ZN01","1361",,,,
"B058-ZN03","1362",,,,
"B060-01","1363",,,,
"B061","1364",,,,
"B066","1365",,,,
"B073-10","1366",,,,
"B073-20","1367",,,,
"B073-ZN10","1368",,,,
"B073-ZN14","1369",,,,
"B073-ZN28","1371",,,,
"B073-ZN28","1372",,,"Yes","Seasonal"
"B077-01","1374",,,,
"B079","1375",,,,
"B080","1376","Yes","Repairs","Yes","No Power"
"B082-ZN02","1377","Yes","Repairs","Yes","No heat"
"B082-ZN04","1378",,,,
"B082-ZN05","1379",,,"Yes","No heat"
"B087-01","1380",,,,
"B088","1381",,,,
"B100","1382",,,,
"B102","1383",,,,
"B103","1384",,,,
"B109","1385",,,,
"B110","1386",,,,
"B111","1387",,,,
"B113A","1388",,,,
"B114-01","1390",,,,
"B124","1391",,,,
"B125-01","1392",,,,
"B126-ZN03","1393",,,,
"B127","1394","Yes","Repairs",,
"B128","1395",,,,
"B129-ZN01","1396",,,,
"B130","1397",,,,
"B131","1398",,,"Yes","No heat"
"B137","1399",,,,
"B139","1400",,,,
"B140","1401",,,,
"B141","1402",,,"Yes","Seasonal"
"B142","1403",,,"Yes","No Heat"
"B144","1404","Yes","Repairs",,
"B148","1405",,,,
"B150","1406",,,,
"B152","1407",,,,
"B158","1408","Yes","No Power",,
"B159-01","1409",,,"Yes","No heat"
"B161","1410",,,,
"B163","1411",,,,
"B164","1412",,,"Yes","No heat"
"B166D","1413",,,,
"B167","1414",,,,
"B169-ZN01B","1415","Yes","Permanently Closed",,
"B169-ZN02B","1416",,,"Yes","No heat"
"B169-ZN04A","1417","Yes","Repairs",,
"B169-ZN04B","1418",,,"Yes","Seasonal"
"B169-ZN05A","1419",,,,
"B169-ZN05B","1420",,,"Yes","No heat"
"B169-ZN07A","1422",,,"Yes","Seasonal"
"B169-ZN07C","1423",,,"Yes","Seasonal"
"B192","1424",,,,
"B193","1425",,,,
"B197","1426","Yes","Repairs",,
"B207","1427",,,,
"B208","1428",,,,
"B209","1429",,,,
"B210A","1430",,,,
"B210J","1431",,,,
"B210W","1432",,,,
"B214-01","1433",,,,
"B216","1435",,,,
"B218","1436",,,,
"B220","1437",,,,
"B222","1438",,,,
"B223B","1439",,,"Yes","No Heat"
"B223F","1440",,,,
"B223JB","1441",,,,
"B223PC","1442",,,,
"B223R","1443","Yes","Repairs",,
"B224","1444",,,,
"B225","1445",,,,
"B228","1446",,,,
"B230","1447",,,,
"B232","1448",,,,
"B234","1449",,,,
"B235","1450",,,,
"B236","1451",,,,
"B237","1452","Yes","Permanently Closed",,
"B243","1453","Yes","Repairs","Yes","No heat"
"B244","1454",,,,
"B246","1455","Yes","Capital",,
"B247-01","1456","Yes","Repairs",,
"B248","1457","Yes",,"Yes","No Heat"
"B250","1458",,,,
"B251-04","1459",,,,
"B251-ZN02","1460",,,"Yes","Seasonal"
"B253","1461",,,,
"B254","1462",,,,
"B258","1463",,,,
"B259","1464",,,,
"B261","1465","Yes","Repairs",,
"B262","1466",,,,
"B263","1467",,,,
"B264","1468",,,,
"B266","1469",,,,
"B267","1470",,,,
"B268","1471","Yes","Repairs",,
"B269","1472",,,,
"B271","1473",,,,
"B272","1474","Yes","No Power",,
"B274","1475",,,,
"B275","1476","Yes","No Power",,
"B277","1477",,,,
"B284","1478",,,,
"B285","1479",,,"Yes","No heat"
"B286","1480",,,,
"B288","1481",,,,
"B292","1482",,,,
"B294","1483",,,,
"B296","1484","Yes","No Power",,
"B297","1485",,,,
"B298","1486",,,,
"B300","1487",,,,
"B301","1488",,,,
"B304","1489",,,,
"B306","1490",,,,
"B307","1491",,,"Yes","No heat"
"B308","1492",,,,
"B309","1493",,,,
"B310","1494",,,,
"B313","1495",,,,
"B315","1496",,,,
"B316","1497",,,,
"B320","1498",,,,
"B321","1499",,,,
"B323","1500",,,,
"B329-01","1501",,,,
"B334","1502",,,,
"B335","1503",,,,
"B337","1504",,,,
"B339","1505",,,,
"B342","1506",,,,
"B343","1507","Yes","Repairs",,
"B345","1508","Yes","Repairs",,
"B347","1509",,,"Yes","No heat"
"B348","1510",,,,
"B350","1511",,,,
"B352","1512",,,,
"B357","1513",,,,
"B358","1514","Yes","Permanently Closed",,
"B359","1515",,,,
"B362","1516","Yes","Repairs",,
"B364","1517",,,,
"B371-ZN01","1518",,,"Yes","Seasonal"
"B372","1519",,,,
"B380","1520","Yes","Repairs",,
"B529-ZN01","1521",,,,
"M004","1522","Yes","Permanently Closed",,
"M005-ZN02","1523",,,,
"M008","1524",,,,
"M009","1525",,,"Yes","No heat"
"M010-031","1526",,,,
"M010-031","1527",,,,
"M010-145","1528",,,,
"M010-145","1529",,,,
"M010-195","1530",,,"Yes","No heat"
"M010-ZN08","1531",,,"Yes","No heat"
"M010-ZN10&11","1532",,,,
"M010-ZN16","1534",,,,
"M010-ZN18&19","1535",,,,
"M010-ZN18&19","1536",,,,
"M010-ZN20","1537",,,"Yes","No heat"
"M010-ZN24&25","1538",,,,
"M010-ZN34","1539",,,,
"M010-ZN36","1540",,,,
"M010-ZN40","1541",,,,
"M010-ZN42&43","1542",,,,
"M010-ZN46","1543",,,"Yes","No heat"
"M011","1545",,,,
"M014-02","1546",,,,
"M014-03","1547",,,"Yes","No heat"
"M015","1548",,,,
"M015","1549",,,,
"M017","1550",,,,
"M018","1551",,,,
"M019","1552","Yes","Repairs",,
"M022","1553",,,,
"M027","1554","Yes","Repairs",,
"M028-02","1555",,,,
"M028-ZN02A","1556",,,,
"M029-02","1557",,,"Yes","No Heat"
"M037-03","1559",,,"Yes","No heat"
"M037-04","1560",,,"Yes","No Heat"
"M041","1561",,,,
"M042-01","1562","Yes","Repairs",,
"M045","1563",,,,
"M056-01","1564",,,"Yes","No heat"
"M056-02","1565",,,"Yes","No heat"
"M056-ZN01","1567",,,,
"M058-ZN01","1568","Yes","Repairs","Yes","No Heat"
"M069","1569",,,,
"M071-03","1570",,,"Yes","No Heat"
"M071-04","1571",,,,
"M071-08","1572",,,,
"M071-13","1573",,,,
"M071-16","1574",,,,
"M071-31","1575",,,"Yes","No heat"
"M071-ZN17","1576",,,,
"M071-ZN20","1577",,,"Yes","No heat"
"M353-ZN02","1578",,,,
"M072-01","1579",,,,
"M076","1580",,,,
"M077-02","1581",,,,
"M077-03","1582",,,,
"M077-04","1583",,,,
"M079","1584",,,,
"M081-02","1585",,,,
"M081-ZN01","1586",,,,
"M081-ZN02","1587",,,,
"M082","1588",,,,
"M088","1589",,,,
"M088","1590",,,,
"M089-01","1591",,,"Yes","No Heat"
"M098-ZN01","1593",,,,
"M099","1594",,,,
"M104-ZN01","1595",,,,
"M104-ZN02","1596",,,,
"M104-ZN02","1597",,,"Yes","No heat"
"M105","1598",,,,
"M105-08","1599",,,,
"M107-01","1600",,,,
"M107-ZN06","1601",,,,
"M108Q","1603","Yes","Repairs",,
"M132","1604",,,"Yes","No heat"
"M140-01","1605",,,"Yes","No heat"
"M144-ZN02","1607","Yes","Permanently Closed","Yes","No heat"
"M144-ZN05","1609",,,"Yes","No Heat"
"M144-ZN06","1610","Yes","Repairs",,
"M154","1611",,,,
"M158","1612",,,,
"M159","1613",,,,
"M160","1614",,,"Yes","No heat"
"M161","1615",,,,
"M165","1616",,,,
"M186","1617",,,"Yes","No Heat"
"M190","1619",,,,
"M192","1620",,,"Yes","No heat"
"M193","1621",,,,
"M194","1622",,,,
"M198","1623",,,,
"M199","1624",,,,
"M204","1625",,,,
"M208A","1626",,,,
"M211A","1627","Yes","Repairs","Yes","No heat"
"M211B","1628",,,,
"M215","1629",,,,
"M216","1630",,,,
"M217","1631",,,,
"M219","1632",,,,
"M220","1633",,,,
"M223","1634",,,,
"M226","1635",,,,
"M229","1636",,,,
"M230","1637",,,,
"M231","1638",,,,
"M233","1639",,,,
"M234","1640",,,,
"M235","1641",,,"Yes","No heat"
"M236","1642",,,"Yes","No heat"
"M237","1643",,,,
"M238","1644",,,,
"M239","1645",,,,
"M240","1646",,,,
"M244","1647",,,,
"M245","1648",,,,
"M251","1649",,,,
"M256","1650",,,,
"M258","1651",,,,
"M259","1652",,,,
"M300","1654",,,,
"M308","1655",,,,
"M360-ZN01","1656",,,,
"M386","1657",,,,
"M391-ZN01","1658",,,,
"Q001-04","1659",,,,
"Q001-99","1660",,,,
"Q001A-01","1661",,,,
"Q001-ZN02","1663",,,,
"Q002","1664",,,,
"Q004-01","1665","Yes","Repairs","Yes","No gas"
"Q004-ZN01","1666",,,"Yes","No heat"
"Q005-05","1669",,,,
"Q005-ZN01","1671",,,,
"Q005-11","1672",,,,
"Q005-ZN02","1673","Yes","Permanently Closed",,
"Q005-ZN03","1674",,,,
"Q005-ZN04","1675",,,,
"Q006-01","1677",,,"Yes","No Heat"
"Q007-01","1678","Yes","Capital",,
"Q008-02","1679",,,,
"Q009-01","1680",,,,
"Q011","1681",,,"Yes","No Heat"
"Q012B","1682",,,,
"Q012-ZN01","1683",,,"Yes","No Heat"
"Q014","1685",,,,
"Q015-02","1686",,,,
"Q015-03","1687",,,"Yes","No heat"
"Q015-08","1689","Yes","Capital",,
"Q015-ZN04","1690",,,,
"Q015-ZN05","1691",,,"Yes","Seasonal"
"Q015-ZN06","1692","Yes","Repairs","Yes","Seasonal"
"Q015-ZN07","1693",,,"Yes","Seasonal"
"Q020-01","1694",,,,
"Q020-ZN01","1695",,,"Yes","Seasonal"
"Q020-ZN02","1696","Yes","Repairs",,
"Q021-03","1698",,,,
"Q021-ZN01","1699",,,,
"Q021-ZN02","1700",,,,
"Q021-ZN03","1701",,,,
"Q022","1702",,,"Yes","No heat"
"Q023","1703",,,,
"Q024-02","1704",,,"Yes","No heat"
"Q024-ZN02","1705","Yes","Repairs",,
"Q026","1706",,,"Yes","No Heat"
"Q027-02","1707",,,,
"Q031","1708",,,"Yes","No heat"
"Q041","1709",,,"Yes","No heat"
"Q044","1710",,,,
"Q046","1711","Yes","Construction",,
"Q048-01","1712",,,,
"Q050-ZN08A","1713",,,"Yes","Seasonal"
"Q051-01","1715",,,,
"Q052","1716",,,,
"Q053","1717","Yes","Repairs",,
"Q066B","1718",,,"Yes","No gas"
"Q067A","1719",,,"Yes","No Heat"
"Q082","1720",,,,
"Q085","1721",,,,
"Q086-01","1722",,,"Yes","No Heat"
"Q089B-01","1723",,,"Yes","No heat"
"Q095","1724",,,,
"Q098","1725",,,,
"Q099-01","1726",,,,
"Q099-15","1727",,,"Yes","No heat"
"Q099-17","1728",,,,
"Q099-18","1729",,,"Yes","No Heat"
"Q099-20","1730",,,,
"Q099-ZN08","1731",,,"Yes","No electric"
"Q099-ZN11","1732",,,,
"Q099-ZN17","1733",,,,
"Q099-ZN19","1734",,,,
"Q099-ZN20","1735",,,,
"Q099-ZN25","1736","Yes","Repairs",,
"Q102-02","1737",,,,
"Q103","1738",,,,
"Q104-01","1739",,,"Yes","No heat"
"Q105","1740",,,"Yes","No Heat"
"Q106","1741",,,,
"Q107","1742",,,,
"Q118","1744",,,,
"Q119","1745",,,,
"Q121-01","1746",,,,
"Q121","1747",,,,
"Q126","1748",,,,
"Q127","1749","Yes","Repairs",,
"Q128","1750",,,,
"Q129","1751",,,,
"Q131-01","1752",,,,
"Q134","1753",,,,
"Q141","1754",,,,
"Q162E","1755",,,,
"Q162H","1756",,,,
"Q162J","1757",,,,
"Q162J01","1758",,,"Yes","No gas"
"Q163-ZN05B","1760",,,"Yes","Seasonal"
"Q163-ZN06B","1761",,,"Yes","Seasonal"
"Q163-ZN07B","1762",,,"Yes","Seasonal"
"Q174A","1763","Yes","Repairs","Yes","No gas"
"Q205A","1764",,,"Yes","No heat"
"Q211","1766",,,,
"Q212","1767",,,,
"Q218","1768",,,,
"Q220C","1769",,,"Yes","Water Leak"
"Q221","1770",,,"Yes","No heat"
"Q226-01","1771",,,,
"Q266","1772",,,,
"Q293","1773",,,,
"Q300-03","1774",,,"Yes","No heat"
"Q300-04","1775",,,,
"Q300A-01","1776",,,,
"Q300A1","1777",,,"Yes","No gas"
"Q302","1779",,,,
"Q303","1780","Yes","Repairs",,
"Q305","1781","Yes","Repairs",,
"Q306","1782",,,,
"Q307","1783",,,,
"Q308","1784",,,,
"Q317","1785",,,"Yes","No heat"
"Q318","1786",,,"Yes","No gas"
"Q319","1787",,,"Yes","No Heat"
"Q320","1788",,,,
"Q322","1789",,,,
"Q327","1790",,,,
"Q328","1791",,,"Yes","No gas"
"Q329","1792",,,,
"Q330","1793",,,,
"Q332","1794","Yes","Capital",,
"Q335","1796",,,,
"Q336","1797",,,,
"Q337","1798","Yes","Repairs",,
"Q338","1799",,,,
"Q339","1800",,,,
"Q340","1801",,,,
"Q342","1802",,,"Yes","No Heat"
"Q343","1803",,,,
"Q344","1804",,,,
"Q345","1805",,,,
"Q346","1806",,,"Yes","No gas"
"Q347","1807",,,"Yes","No heat"
"Q348","1808",,,,
"Q349","1809",,,,
"Q351","1810",,,"Yes","No Heat"
"Q354","1811",,,,
"Q356","1812",,,,
"Q357B","1813",,,"Yes","No heat"
"Q358","1814",,,"Yes","No gas"
"Q359","1815",,,,
"Q360J","1816",,,"Yes","No Heat"
"Q360M","1817",,,"Yes","No heat"
"Q360N","1818","Yes","Repairs",,
"Q361","1819",,,,
"Q362","1820",,,,
"Q363","1821",,,,
"Q364","1822",,,,
"Q367","1823",,,,
"Q369","1824",,,,
"Q371-01","1825","Yes","No Power",,
"Q373","1826",,,,
"Q377","1827","Yes","Repairs",,
"Q378","1828",,,,
"Q385","1829",,,,
"Q387A","1830",,,"Yes","No heat"
"Q389","1831",,,"Yes","No electric"
"Q390","1832","Yes","Repairs","Yes","No heat"
"Q391","1833",,,,
"Q396","1834",,,"Yes","No gas"
"Q397","1835",,,,
"Q398","1836",,,,
"Q399","1837",,,,
"Q404","1838",,,,
"Q405","1839",,,"Yes","No gas"
"Q406","1840",,,,
"Q407","1841",,,,
"Q408","1842",,,,
"Q415","1843",,,"Yes","No heat"
"Q422","1844",,,,
"Q423","1845",,,,
"Q425","1846",,,,
"Q426","1847",,,,
"Q427","1848","Yes","Permanently Closed",,
"Q428","1849",,,"Yes","No heat"
"Q429","1850",,,"Yes","No heat"
"Q436","1851",,,,
"Q445-01","1852",,,,
"Q448-ZN02A","1853",,,,
"Q450","1854",,,,
"Q458-ZN01","1855","Yes","Repairs","Yes","Seasonal"
"Q476","1856","Yes","Repairs","Yes","No heat"
"Q492","1857","Yes","Repairs",,
"R005-ZN01","1858",,,"Yes","No heat"
"R005-ZN01","1859","Yes","Repairs","Yes","No Heat"
"R006-ZN02","1860",,,,
"R015","1861",,,,
"R022-04","1862",,,,
"R025","1864",,,,
"R026","1865",,,,
"R028","1866","Yes","Permanently Closed",,
"R031-ZN02","1867",,,"Yes","Seasonal"
"R031-ZN02","1868",,,,
"R033","1869",,,,
"R034","1870",,,,
"R035","1871",,,,
"R038","1872",,,,
"R038A","1873","Yes","Other",,
"R045-01","1874",,,,
"R046-06","1876",,,"Yes","Seasonal"
"R046-ZN01","1877",,,,
"R046-ZN02","1878",,,"Yes","Seasonal"
"R046-ZN03","1879",,,,
"R046-ZN04","1880","Yes","Repairs","Yes","Seasonal"
"R061","1881",,,,
"R062","1882",,,,
"R063","1883",,,,
"R064","1884",,,,
"R065-ZN03A","1885","Yes","Repairs",,
"R065-ZN08","1886",,,,
"R067","1887",,,,
"R068","1888",,,,
"R069","1889",,,,
"R076","1890",,,,
"R085","1891",,,,
"R087","1892",,,,
"R089","1893",,,,
"R090","1894",,,,
"R105","1895","Yes","Capital",,
"R106-01","1896",,,,
"R109-01","1897",,,,
"R114","1898",,,,
"X002-04","1900",,,,
"X002-05","1901",,,,
"X002-05A","1902",,,,
"X002-07","1903",,,,
"X002-14","1904",,,,
"X004-01","1905",,,,
"X004-02","1906",,,,
"X004-03","1907",,,,
"X008-ZN03","1908",,,,
"X008-ZN01","1909",,,,
"X009","1910","Yes","Capital",,
"X010-08","1911",,,,
"X010-10","1912",,,,
"X010-12","1913",,,,
"X010A","1914","Yes","Permanently Closed",,
"X010A-02","1915",,,"Yes","No heat"
"X010-ZN01","1916",,,,
"X010-ZN03","1917",,,,
"X011-ZN01","1918","Yes","Permanently Closed",,
"X013-01","1919",,,,
"X014","1920",,,,
"X017","1921",,,,
"X020","1922",,,,
"X021","1923",,,,
"X030-ZN01","1924",,,,
"X030-ZN02","1925",,,,
"X032","1926","Yes","Permanently Closed",,
"X033-ZN02","1927","Yes","Permanently Closed",,
"X033-ZN04","1928","Yes","Permanently Closed",,
"X034-ZN01","1929",,,,
"X039-01","1930",,,,
"X039-ZN02","1931",,,,
"X039-ZN13","1932",,,"Yes","Seasonal"
"X039-ZN15","1933",,,,
"X039-ZN18","1934",,,"Yes","Seasonal"
"X039-ZN18","1935",,,"Yes","Seasonal"
"X040","1936","Yes","Repairs",,
"X042","1937",,,"Yes","No heat"
"X044","1938",,,,
"X045-01","1939",,,,
"X045-03","1940",,,,
"X047-ZN01","1941",,,,
"X047-ZN01","1942","Yes","Permanently Closed",,
"X080","1943",,,,
"X085","1944",,,,
"X087","1945","Yes","Capital",,
"X092-05","1946",,,,
"X092-06","1947",,,,
"X092-26","1948",,,"Yes","No Heat"
"X092-ZN02","1949","Yes","Repairs",,
"X092-ZN03","1950",,,,
"X092-ZN04","1951",,,,
"X092-ZN07","1952",,,,
"X092-ZN11","1953",,,,
"X092-ZN12","1954",,,,
"X102","1956",,,,
"X103","1957",,,,
"X104","1958",,,,
"X108","1959",,,,
"X111","1960",,,,
"X112","1961",,,,
"X113","1962",,,,
"X115","1963",,,,
"X116","1964",,,,
"X118-02","1965",,,,
"X121","1966",,,,
"X122","1967",,,,
"X123","1968",,,,
"X124","1969",,,,
"X131","1970",,,,
"X136-01","1971",,,,
"X141","1972",,,,
"X146","1973",,,,
"X148L","1974",,,,
"X148M1","1975",,,,
"X150J-01","1976",,,,
"X151","1977",,,,
"X152","1978",,,,
"X156","1979",,,,
"X157","1980",,,,
"X159","1981",,,,
"X160","1982",,,,
"X161","1983",,,,
"X162","1984",,,,
"X163","1985",,,,
"X165","1986",,,,
"X166","1987",,,"Yes","No heat"
"X168","1988",,,,
"X169","1989",,,,
"X170","1990",,,,
"X171","1991",,,,
"X172","1992",,,,
"X174","1993",,,,
"X175","1994",,,,
"X176","1995",,,,
"X177","1996",,,,
"X178","1997",,,,
"X179","1998",,,,
"X182","1999",,,,
"X187-01","2000",,,,
"X188","2001",,,,
"X190","2002",,,,
"X193","2003",,,,
"X194","2004",,,,
"X196-02","2005",,,,
"X197","2006",,,,
"X200","2007",,,,
"X201-01","2008",,,,
"X202","2009",,,,
"X203","2010",,,,
"X204","2011",,,,
"X214","2012",,,,
"X216","2013",,,,
"X217","2014",,,,
"X219","2015",,,,
"X221","2016",,,,
"X222","2017",,,,
"X232","2018",,,,
"X235","2019",,,,
"X255","2020",,,,
"X263","2021",,,,
"X266","2022",,,"Yes","No heat"
"X307","2024",,,,
"X344","2025",,,,
"B305","2029",,,,
"Q304","2033",,,,
"Q471-ZN01","2034",,,,
"Q314","2035",,,,
"M089","2037",,,,
"M360-ZN01","2038",,,,
"X118-ZN04","2039",,,,
"Q021-ZN01","2040",,,,
"X126-ZN04","2042",,,,
"X002-ZN04","2043",,,,
"M005-ZN01","2044",,,,
"B073-ZN23","2045",,,,
"Q220G","2046",,,,
"Q010A-ZN02","2047",,,,
"Q162-ZN04C","2048",,,"Yes","Seasonal"
"BT15","2052",,,,
"Q102-ZN01","2054","Yes","DEP/Sewer",,
"Q448-01","2055",,,,
"B073-ZN20","2057",,,,
"X126-ZN02","2058",,,,
"B052-03","2059",,,,
"M028-ZN04","2060",,,,
"M029-ZN01","2061",,,,
"M063","2062",,,,
"B057-ZN06","2063",,,,
"B431-ZN06","2065",,,,
"B541","2066",,,,
"X353","2067",,,,
"M399","2069",,,,
"B096","2070",,,,
"B018-ZN05","2071",,,,
"M105-01","2072",,,,
"X001-ZN02","2073","Yes","No Power",,
"X238","2074",,,"Yes","No Heat"
"Q104","2076",,,"Yes","No heat"
"X029","2077",,,,
"B311","2078",,,"Yes","No Heat"
"M065","2079",,,,
"M042-ZN01","2080",,,,
"Q300-ZN03","2081",,,,
"B245","2082",,,,
"B395","2083",,,,
"B169-ZN06B","2084",,,"Yes","Seasonal"
"B169-ZN02A","2085",,,,
"Q050-ZN08B","2086","Yes","Permanently Closed",,
"M104-ZN03","2087",,,,
"R016-ZN02","2088",,,"Yes","Seasonal"
"B008-03","2093",,,,
"M071-ZN18","2094",,,,
"M042-ZN02","2095","Yes","Repairs",,
"M283-ZN01","2098",,,,
"Q413","2099",,,,
"M360-ZN02","2104",,,,
"R153-ZN01","3110",,,,
"X106","3112",,,,
"M200A","3114",,,,
"Q520","3115","Yes","Other",,
"Q510","3116",,,,
"X247","3117",,,,
"B125-ZN02","3118",,,,
"M037-10","3120",,,,
"R125","3121",,,,
"M369","3122",,,,
"X344-01","3123",,,,
"B376","3124",,,,
"X147A-ZN01","3125",,,,
"X092-ZN02","3127",,,"Yes","No Heat"
"B018-ZN02","3128",,,,
"R046-ZN04","3129",,,"Yes","Seasonal"
"R017-ZN02","3130",,,,
"B049","3132",,,,
"X038-02","3133",,,,
"R017-ZN01","3134",,,,
"M010-ZN05","3135",,,,
"M047","3136",,,"Yes","No Heat"
"X028","3137",,,"Yes","No Heat"
"Q066F","3138",,,,
"R075A","3139",,,,
"Q516","3141",,,,
"Q509","3142",,,,
