"nta2020","ntaname","six","scenario","hour","measure","n_origins","weight_total","median_min","wmean_min","share_over_500m","weighting"
"BK1303","Brighton Beach",TRUE,"off_season",14,"stations_in",2,3242354,3.3,4,0,"2025 entries"
"BK1303","Brighton Beach",TRUE,"off_season",14,"stations_400",2,3242354,3.3,4,0,"2025 entries"
"BK1303","Brighton Beach",TRUE,"off_season",14,"hotspots",3,12,4.49,4.31,0,"complaints in hot spot"
"BK1303","Brighton Beach",TRUE,"off_season",14,"complaints",24,24,4.94,4.68,0.17,"none (each complaint = 1)"
"BK1303","Brighton Beach",TRUE,"off_season",14,"complaints_evening",10,10,3.52,3.78,0,"none (each complaint = 1)"
"BK1303","Brighton Beach",TRUE,"off_season",18,"stations_in",2,3242354,22.34,24.78,1,"2025 entries"
"BK1303","Brighton Beach",TRUE,"off_season",18,"stations_400",2,3242354,22.34,24.78,1,"2025 entries"
"BK1303","Brighton Beach",TRUE,"off_season",18,"hotspots",3,12,25.11,23.8,1,"complaints in hot spot"
"BK1303","Brighton Beach",TRUE,"off_season",18,"complaints",24,24,25.54,26.03,1,"none (each complaint = 1)"
"BK1303","Brighton Beach",TRUE,"off_season",18,"complaints_evening",10,10,28.22,27.07,1,"none (each complaint = 1)"
"BK1303","Brighton Beach",TRUE,"off_season",21,"stations_in",2,3242354,22.34,24.78,1,"2025 entries"
"BK1303","Brighton Beach",TRUE,"off_season",21,"stations_400",2,3242354,22.34,24.78,1,"2025 entries"
"BK1303","Brighton Beach",TRUE,"off_season",21,"hotspots",3,12,25.11,23.8,1,"complaints in hot spot"
"BK1303","Brighton Beach",TRUE,"off_season",21,"complaints",24,24,25.54,26.03,1,"none (each complaint = 1)"
"BK1303","Brighton Beach",TRUE,"off_season",21,"complaints_evening",10,10,28.22,27.07,1,"none (each complaint = 1)"
"BK1303","Brighton Beach",TRUE,"in_season",14,"stations_in",2,3242354,3.3,4,0,"2025 entries"
"BK1303","Brighton Beach",TRUE,"in_season",14,"stations_400",2,3242354,3.3,4,0,"2025 entries"
"BK1303","Brighton Beach",TRUE,"in_season",14,"hotspots",3,12,4.49,4.31,0,"complaints in hot spot"
"BK1303","Brighton Beach",TRUE,"in_season",14,"complaints",24,24,4.94,4.68,0.17,"none (each complaint = 1)"
"BK1303","Brighton Beach",TRUE,"in_season",14,"complaints_evening",10,10,3.52,3.78,0,"none (each complaint = 1)"
"BK1303","Brighton Beach",TRUE,"in_season",18,"stations_in",2,3242354,3.41,4.05,0,"2025 entries"
"BK1303","Brighton Beach",TRUE,"in_season",18,"stations_400",2,3242354,3.41,4.05,0,"2025 entries"
"BK1303","Brighton Beach",TRUE,"in_season",18,"hotspots",3,12,4.49,4.77,0.33,"complaints in hot spot"
"BK1303","Brighton Beach",TRUE,"in_season",18,"complaints",24,24,4.94,4.89,0.25,"none (each complaint = 1)"
"BK1303","Brighton Beach",TRUE,"in_season",18,"complaints_evening",10,10,3.52,3.94,0.1,"none (each complaint = 1)"
"BK1303","Brighton Beach",TRUE,"in_season",21,"stations_in",2,3242354,22.34,24.78,1,"2025 entries"
"BK1303","Brighton Beach",TRUE,"in_season",21,"stations_400",2,3242354,22.34,24.78,1,"2025 entries"
"BK1303","Brighton Beach",TRUE,"in_season",21,"hotspots",3,12,25.11,23.8,1,"complaints in hot spot"
"BK1303","Brighton Beach",TRUE,"in_season",21,"complaints",24,24,25.54,26.03,1,"none (each complaint = 1)"
"BK1303","Brighton Beach",TRUE,"in_season",21,"complaints_evening",10,10,28.22,27.07,1,"none (each complaint = 1)"
"QN0302","East Elmhurst",TRUE,"off_season",14,"stations_in",0,0,NA,NA,NA,"2025 entries"
"QN0302","East Elmhurst",TRUE,"off_season",14,"stations_400",0,0,NA,NA,NA,"2025 entries"
"QN0302","East Elmhurst",TRUE,"off_season",14,"hotspots",1,20,1.63,1.63,0,"complaints in hot spot"
"QN0302","East Elmhurst",TRUE,"off_season",14,"complaints",36,36,2.13,3.39,0.14,"none (each complaint = 1)"
"QN0302","East Elmhurst",TRUE,"off_season",14,"complaints_evening",19,19,1.79,2.89,0.16,"none (each complaint = 1)"
"QN0302","East Elmhurst",TRUE,"off_season",18,"stations_in",0,0,NA,NA,NA,"2025 entries"
"QN0302","East Elmhurst",TRUE,"off_season",18,"stations_400",0,0,NA,NA,NA,"2025 entries"
"QN0302","East Elmhurst",TRUE,"off_season",18,"hotspots",1,20,23.59,23.59,1,"complaints in hot spot"
"QN0302","East Elmhurst",TRUE,"off_season",18,"complaints",36,36,23.06,18.07,0.89,"none (each complaint = 1)"
"QN0302","East Elmhurst",TRUE,"off_season",18,"complaints_evening",19,19,23.09,20.16,0.95,"none (each complaint = 1)"
"QN0302","East Elmhurst",TRUE,"off_season",21,"stations_in",0,0,NA,NA,NA,"2025 entries"
"QN0302","East Elmhurst",TRUE,"off_season",21,"stations_400",0,0,NA,NA,NA,"2025 entries"
"QN0302","East Elmhurst",TRUE,"off_season",21,"hotspots",1,20,23.59,23.59,1,"complaints in hot spot"
"QN0302","East Elmhurst",TRUE,"off_season",21,"complaints",36,36,23.06,18.07,0.89,"none (each complaint = 1)"
"QN0302","East Elmhurst",TRUE,"off_season",21,"complaints_evening",19,19,23.09,20.16,0.95,"none (each complaint = 1)"
"QN0302","East Elmhurst",TRUE,"in_season",14,"stations_in",0,0,NA,NA,NA,"2025 entries"
"QN0302","East Elmhurst",TRUE,"in_season",14,"stations_400",0,0,NA,NA,NA,"2025 entries"
"QN0302","East Elmhurst",TRUE,"in_season",14,"hotspots",1,20,1.63,1.63,0,"complaints in hot spot"
"QN0302","East Elmhurst",TRUE,"in_season",14,"complaints",36,36,2.13,3.39,0.14,"none (each complaint = 1)"
"QN0302","East Elmhurst",TRUE,"in_season",14,"complaints_evening",19,19,1.79,2.89,0.16,"none (each complaint = 1)"
"QN0302","East Elmhurst",TRUE,"in_season",18,"stations_in",0,0,NA,NA,NA,"2025 entries"
"QN0302","East Elmhurst",TRUE,"in_season",18,"stations_400",0,0,NA,NA,NA,"2025 entries"
"QN0302","East Elmhurst",TRUE,"in_season",18,"hotspots",1,20,1.63,1.63,0,"complaints in hot spot"
"QN0302","East Elmhurst",TRUE,"in_season",18,"complaints",36,36,2.13,3.9,0.19,"none (each complaint = 1)"
"QN0302","East Elmhurst",TRUE,"in_season",18,"complaints_evening",19,19,2.13,3.15,0.16,"none (each complaint = 1)"
"QN0302","East Elmhurst",TRUE,"in_season",21,"stations_in",0,0,NA,NA,NA,"2025 entries"
"QN0302","East Elmhurst",TRUE,"in_season",21,"stations_400",0,0,NA,NA,NA,"2025 entries"
"QN0302","East Elmhurst",TRUE,"in_season",21,"hotspots",1,20,23.59,23.59,1,"complaints in hot spot"
"QN0302","East Elmhurst",TRUE,"in_season",21,"complaints",36,36,23.06,18.07,0.89,"none (each complaint = 1)"
"QN0302","East Elmhurst",TRUE,"in_season",21,"complaints_evening",19,19,23.09,20.16,0.95,"none (each complaint = 1)"
"BK1703","East Flatbush-Rugby",FALSE,"off_season",14,"stations_in",0,0,NA,NA,NA,"2025 entries"
"BK1703","East Flatbush-Rugby",FALSE,"off_season",14,"stations_400",0,0,NA,NA,NA,"2025 entries"
"BK1703","East Flatbush-Rugby",FALSE,"off_season",14,"hotspots",1,5,6.33,6.33,0,"complaints in hot spot"
"BK1703","East Flatbush-Rugby",FALSE,"off_season",14,"complaints",18,18,6.66,6.33,0.28,"none (each complaint = 1)"
"BK1703","East Flatbush-Rugby",FALSE,"off_season",14,"complaints_evening",7,7,6.76,6.68,0.29,"none (each complaint = 1)"
"BK1703","East Flatbush-Rugby",FALSE,"off_season",18,"stations_in",0,0,NA,NA,NA,"2025 entries"
"BK1703","East Flatbush-Rugby",FALSE,"off_season",18,"stations_400",0,0,NA,NA,NA,"2025 entries"
"BK1703","East Flatbush-Rugby",FALSE,"off_season",18,"hotspots",1,5,41.32,41.32,1,"complaints in hot spot"
"BK1703","East Flatbush-Rugby",FALSE,"off_season",18,"complaints",18,18,43.86,45.28,1,"none (each complaint = 1)"
"BK1703","East Flatbush-Rugby",FALSE,"off_season",18,"complaints_evening",7,7,43.57,43.59,1,"none (each complaint = 1)"
"BK1703","East Flatbush-Rugby",FALSE,"off_season",21,"stations_in",0,0,NA,NA,NA,"2025 entries"
"BK1703","East Flatbush-Rugby",FALSE,"off_season",21,"stations_400",0,0,NA,NA,NA,"2025 entries"
"BK1703","East Flatbush-Rugby",FALSE,"off_season",21,"hotspots",1,5,47.96,47.96,1,"complaints in hot spot"
"BK1703","East Flatbush-Rugby",FALSE,"off_season",21,"complaints",18,18,51.54,51.91,1,"none (each complaint = 1)"
"BK1703","East Flatbush-Rugby",FALSE,"off_season",21,"complaints_evening",7,7,51.51,50.95,1,"none (each complaint = 1)"
"BK1703","East Flatbush-Rugby",FALSE,"in_season",14,"stations_in",0,0,NA,NA,NA,"2025 entries"
"BK1703","East Flatbush-Rugby",FALSE,"in_season",14,"stations_400",0,0,NA,NA,NA,"2025 entries"
"BK1703","East Flatbush-Rugby",FALSE,"in_season",14,"hotspots",1,5,6.33,6.33,0,"complaints in hot spot"
"BK1703","East Flatbush-Rugby",FALSE,"in_season",14,"complaints",18,18,6.66,6.33,0.28,"none (each complaint = 1)"
"BK1703","East Flatbush-Rugby",FALSE,"in_season",14,"complaints_evening",7,7,6.76,6.68,0.29,"none (each complaint = 1)"
"BK1703","East Flatbush-Rugby",FALSE,"in_season",18,"stations_in",0,0,NA,NA,NA,"2025 entries"
"BK1703","East Flatbush-Rugby",FALSE,"in_season",18,"stations_400",0,0,NA,NA,NA,"2025 entries"
"BK1703","East Flatbush-Rugby",FALSE,"in_season",18,"hotspots",1,5,7.71,7.71,1,"complaints in hot spot"
"BK1703","East Flatbush-Rugby",FALSE,"in_season",18,"complaints",18,18,7.08,6.94,0.56,"none (each complaint = 1)"
"BK1703","East Flatbush-Rugby",FALSE,"in_season",18,"complaints_evening",7,7,7.09,7.31,0.71,"none (each complaint = 1)"
"BK1703","East Flatbush-Rugby",FALSE,"in_season",21,"stations_in",0,0,NA,NA,NA,"2025 entries"
"BK1703","East Flatbush-Rugby",FALSE,"in_season",21,"stations_400",0,0,NA,NA,NA,"2025 entries"
"BK1703","East Flatbush-Rugby",FALSE,"in_season",21,"hotspots",1,5,47.96,47.96,1,"complaints in hot spot"
"BK1703","East Flatbush-Rugby",FALSE,"in_season",21,"complaints",18,18,51.54,51.91,1,"none (each complaint = 1)"
"BK1703","East Flatbush-Rugby",FALSE,"in_season",21,"complaints_evening",7,7,51.51,50.95,1,"none (each complaint = 1)"
"MN1102","East Harlem (North)",TRUE,"off_season",14,"stations_in",2,9055398,5.62,5.01,0.35,"2025 entries"
"MN1102","East Harlem (North)",TRUE,"off_season",14,"stations_400",9,23259135,3.41,3.68,0.14,"2025 entries"
"MN1102","East Harlem (North)",TRUE,"off_season",14,"hotspots",5,70,3.12,3.88,0.11,"complaints in hot spot"
"MN1102","East Harlem (North)",TRUE,"off_season",14,"complaints",100,100,3.11,3.53,0.07,"none (each complaint = 1)"
"MN1102","East Harlem (North)",TRUE,"off_season",14,"complaints_evening",35,35,3.11,3.69,0.11,"none (each complaint = 1)"
"MN1102","East Harlem (North)",TRUE,"off_season",18,"stations_in",2,9055398,7.04,6,0.35,"2025 entries"
"MN1102","East Harlem (North)",TRUE,"off_season",18,"stations_400",9,23259135,6.36,6.16,0.27,"2025 entries"
"MN1102","East Harlem (North)",TRUE,"off_season",18,"hotspots",5,70,3.12,4.13,0.11,"complaints in hot spot"
"MN1102","East Harlem (North)",TRUE,"off_season",18,"complaints",100,100,3.33,5.32,0.3,"none (each complaint = 1)"
"MN1102","East Harlem (North)",TRUE,"off_season",18,"complaints_evening",35,35,3.22,5.56,0.37,"none (each complaint = 1)"
"MN1102","East Harlem (North)",TRUE,"off_season",21,"stations_in",2,9055398,27.8,27.78,1,"2025 entries"
"MN1102","East Harlem (North)",TRUE,"off_season",21,"stations_400",9,23259135,29.76,30.18,1,"2025 entries"
"MN1102","East Harlem (North)",TRUE,"off_season",21,"hotspots",5,70,24.25,26.16,1,"complaints in hot spot"
"MN1102","East Harlem (North)",TRUE,"off_season",21,"complaints",100,100,24.51,26.23,0.99,"none (each complaint = 1)"
"MN1102","East Harlem (North)",TRUE,"off_season",21,"complaints_evening",35,35,24.53,25.96,1,"none (each complaint = 1)"
"MN1102","East Harlem (North)",TRUE,"in_season",14,"stations_in",2,9055398,5.62,5.01,0.35,"2025 entries"
"MN1102","East Harlem (North)",TRUE,"in_season",14,"stations_400",9,23259135,3.41,3.68,0.14,"2025 entries"
"MN1102","East Harlem (North)",TRUE,"in_season",14,"hotspots",5,70,3.12,3.88,0.11,"complaints in hot spot"
"MN1102","East Harlem (North)",TRUE,"in_season",14,"complaints",100,100,3.11,3.53,0.07,"none (each complaint = 1)"
"MN1102","East Harlem (North)",TRUE,"in_season",14,"complaints_evening",35,35,3.11,3.69,0.11,"none (each complaint = 1)"
"MN1102","East Harlem (North)",TRUE,"in_season",18,"stations_in",2,9055398,5.62,5.01,0.35,"2025 entries"
"MN1102","East Harlem (North)",TRUE,"in_season",18,"stations_400",9,23259135,3.41,3.72,0.14,"2025 entries"
"MN1102","East Harlem (North)",TRUE,"in_season",18,"hotspots",5,70,3.12,3.88,0.11,"complaints in hot spot"
"MN1102","East Harlem (North)",TRUE,"in_season",18,"complaints",100,100,3.11,3.53,0.07,"none (each complaint = 1)"
"MN1102","East Harlem (North)",TRUE,"in_season",18,"complaints_evening",35,35,3.11,3.69,0.11,"none (each complaint = 1)"
"MN1102","East Harlem (North)",TRUE,"in_season",21,"stations_in",2,9055398,27.8,27.78,1,"2025 entries"
"MN1102","East Harlem (North)",TRUE,"in_season",21,"stations_400",9,23259135,29.76,30.18,1,"2025 entries"
"MN1102","East Harlem (North)",TRUE,"in_season",21,"hotspots",5,70,24.25,26.16,1,"complaints in hot spot"
"MN1102","East Harlem (North)",TRUE,"in_season",21,"complaints",100,100,24.51,26.23,0.99,"none (each complaint = 1)"
"MN1102","East Harlem (North)",TRUE,"in_season",21,"complaints_evening",35,35,24.53,25.96,1,"none (each complaint = 1)"
"BX1201","Williamsbridge-Olinville",TRUE,"off_season",14,"stations_in",4,3035680,4.8,4.3,0,"2025 entries"
"BX1201","Williamsbridge-Olinville",TRUE,"off_season",14,"stations_400",5,3835670,4.6,4.25,0,"2025 entries"
"BX1201","Williamsbridge-Olinville",TRUE,"off_season",14,"hotspots",2,26,0.72,2.11,0,"complaints in hot spot"
"BX1201","Williamsbridge-Olinville",TRUE,"off_season",14,"complaints",39,39,3.51,3.13,0.05,"none (each complaint = 1)"
"BX1201","Williamsbridge-Olinville",TRUE,"off_season",14,"complaints_evening",22,22,0.96,2.45,0.05,"none (each complaint = 1)"
"BX1201","Williamsbridge-Olinville",TRUE,"off_season",18,"stations_in",4,3035680,12.8,12.12,0.79,"2025 entries"
"BX1201","Williamsbridge-Olinville",TRUE,"off_season",18,"stations_400",5,3835670,11.66,10.44,0.62,"2025 entries"
"BX1201","Williamsbridge-Olinville",TRUE,"off_season",18,"hotspots",2,26,14.55,15.08,1,"complaints in hot spot"
"BX1201","Williamsbridge-Olinville",TRUE,"off_season",18,"complaints",39,39,14.44,14.08,0.95,"none (each complaint = 1)"
"BX1201","Williamsbridge-Olinville",TRUE,"off_season",18,"complaints_evening",22,22,14.5,14.16,0.95,"none (each complaint = 1)"
"BX1201","Williamsbridge-Olinville",TRUE,"off_season",21,"stations_in",4,3035680,30.06,31.74,1,"2025 entries"
"BX1201","Williamsbridge-Olinville",TRUE,"off_season",21,"stations_400",5,3835670,28.27,31.01,1,"2025 entries"
"BX1201","Williamsbridge-Olinville",TRUE,"off_season",21,"hotspots",2,26,36.66,35.32,1,"complaints in hot spot"
"BX1201","Williamsbridge-Olinville",TRUE,"off_season",21,"complaints",39,39,36.6,34.63,1,"none (each complaint = 1)"
"BX1201","Williamsbridge-Olinville",TRUE,"off_season",21,"complaints_evening",22,22,36.6,35.04,1,"none (each complaint = 1)"
"BX1201","Williamsbridge-Olinville",TRUE,"in_season",14,"stations_in",4,3035680,4.8,4.3,0,"2025 entries"
"BX1201","Williamsbridge-Olinville",TRUE,"in_season",14,"stations_400",5,3835670,4.6,4.25,0,"2025 entries"
"BX1201","Williamsbridge-Olinville",TRUE,"in_season",14,"hotspots",2,26,0.72,2.11,0,"complaints in hot spot"
"BX1201","Williamsbridge-Olinville",TRUE,"in_season",14,"complaints",39,39,3.51,3.13,0.05,"none (each complaint = 1)"
"BX1201","Williamsbridge-Olinville",TRUE,"in_season",14,"complaints_evening",22,22,0.96,2.45,0.05,"none (each complaint = 1)"
"BX1201","Williamsbridge-Olinville",TRUE,"in_season",18,"stations_in",4,3035680,4.8,4.3,0,"2025 entries"
"BX1201","Williamsbridge-Olinville",TRUE,"in_season",18,"stations_400",5,3835670,4.6,4.25,0,"2025 entries"
"BX1201","Williamsbridge-Olinville",TRUE,"in_season",18,"hotspots",2,26,0.72,2.11,0,"complaints in hot spot"
"BX1201","Williamsbridge-Olinville",TRUE,"in_season",18,"complaints",39,39,3.51,3.13,0.05,"none (each complaint = 1)"
"BX1201","Williamsbridge-Olinville",TRUE,"in_season",18,"complaints_evening",22,22,0.96,2.45,0.05,"none (each complaint = 1)"
"BX1201","Williamsbridge-Olinville",TRUE,"in_season",21,"stations_in",4,3035680,30.06,31.74,1,"2025 entries"
"BX1201","Williamsbridge-Olinville",TRUE,"in_season",21,"stations_400",5,3835670,28.27,31.01,1,"2025 entries"
"BX1201","Williamsbridge-Olinville",TRUE,"in_season",21,"hotspots",2,26,36.66,35.32,1,"complaints in hot spot"
"BX1201","Williamsbridge-Olinville",TRUE,"in_season",21,"complaints",39,39,36.6,34.63,1,"none (each complaint = 1)"
"BX1201","Williamsbridge-Olinville",TRUE,"in_season",21,"complaints_evening",22,22,36.6,35.04,1,"none (each complaint = 1)"
"QN0104","Astoria (East)-Woodside (North)",TRUE,"off_season",14,"stations_in",2,4902948,5.33,4.94,0.39,"2025 entries"
"QN0104","Astoria (East)-Woodside (North)",TRUE,"off_season",14,"stations_400",4,7395524,8.5,6.67,0.6,"2025 entries"
"QN0104","Astoria (East)-Woodside (North)",TRUE,"off_season",14,"hotspots",2,48,7.62,5.98,0.75,"complaints in hot spot"
"QN0104","Astoria (East)-Woodside (North)",TRUE,"off_season",14,"complaints",59,59,7.5,6.37,0.73,"none (each complaint = 1)"
"QN0104","Astoria (East)-Woodside (North)",TRUE,"off_season",14,"complaints_evening",32,32,7.5,6.67,0.81,"none (each complaint = 1)"
"QN0104","Astoria (East)-Woodside (North)",TRUE,"off_season",18,"stations_in",2,4902948,31.87,30.92,1,"2025 entries"
"QN0104","Astoria (East)-Woodside (North)",TRUE,"off_season",18,"stations_400",4,7395524,31.87,32.5,1,"2025 entries"
"QN0104","Astoria (East)-Woodside (North)",TRUE,"off_season",18,"hotspots",2,48,47.12,43.19,1,"complaints in hot spot"
"QN0104","Astoria (East)-Woodside (North)",TRUE,"off_season",18,"complaints",59,59,47.02,42.29,1,"none (each complaint = 1)"
"QN0104","Astoria (East)-Woodside (North)",TRUE,"off_season",18,"complaints_evening",32,32,47.02,42.84,1,"none (each complaint = 1)"
"QN0104","Astoria (East)-Woodside (North)",TRUE,"off_season",21,"stations_in",2,4902948,50.59,49.63,1,"2025 entries"
"QN0104","Astoria (East)-Woodside (North)",TRUE,"off_season",21,"stations_400",4,7395524,49.64,49.04,1,"2025 entries"
"QN0104","Astoria (East)-Woodside (North)",TRUE,"off_season",21,"hotspots",2,48,47.51,48.03,1,"complaints in hot spot"
"QN0104","Astoria (East)-Woodside (North)",TRUE,"off_season",21,"complaints",59,59,47.61,48,1,"none (each complaint = 1)"
"QN0104","Astoria (East)-Woodside (North)",TRUE,"off_season",21,"complaints_evening",32,32,47.61,48.02,1,"none (each complaint = 1)"
"QN0104","Astoria (East)-Woodside (North)",TRUE,"in_season",14,"stations_in",2,4902948,5.33,4.94,0.39,"2025 entries"
"QN0104","Astoria (East)-Woodside (North)",TRUE,"in_season",14,"stations_400",4,7395524,8.5,6.67,0.6,"2025 entries"
"QN0104","Astoria (East)-Woodside (North)",TRUE,"in_season",14,"hotspots",2,48,7.62,5.98,0.75,"complaints in hot spot"
"QN0104","Astoria (East)-Woodside (North)",TRUE,"in_season",14,"complaints",59,59,7.5,6.37,0.73,"none (each complaint = 1)"
"QN0104","Astoria (East)-Woodside (North)",TRUE,"in_season",14,"complaints_evening",32,32,7.5,6.67,0.81,"none (each complaint = 1)"
"QN0104","Astoria (East)-Woodside (North)",TRUE,"in_season",18,"stations_in",2,4902948,10.21,10.78,1,"2025 entries"
"QN0104","Astoria (East)-Woodside (North)",TRUE,"in_season",18,"stations_400",4,7395524,10.15,10.54,1,"2025 entries"
"QN0104","Astoria (East)-Woodside (North)",TRUE,"in_season",18,"hotspots",2,48,7.62,7.85,1,"complaints in hot spot"
"QN0104","Astoria (East)-Woodside (North)",TRUE,"in_season",18,"complaints",59,59,7.72,8.01,0.95,"none (each complaint = 1)"
"QN0104","Astoria (East)-Woodside (North)",TRUE,"in_season",18,"complaints_evening",32,32,7.72,7.89,0.97,"none (each complaint = 1)"
"QN0104","Astoria (East)-Woodside (North)",TRUE,"in_season",21,"stations_in",2,4902948,50.59,49.63,1,"2025 entries"
"QN0104","Astoria (East)-Woodside (North)",TRUE,"in_season",21,"stations_400",4,7395524,49.64,49.04,1,"2025 entries"
"QN0104","Astoria (East)-Woodside (North)",TRUE,"in_season",21,"hotspots",2,48,47.51,48.03,1,"complaints in hot spot"
"QN0104","Astoria (East)-Woodside (North)",TRUE,"in_season",21,"complaints",59,59,47.61,48,1,"none (each complaint = 1)"
"QN0104","Astoria (East)-Woodside (North)",TRUE,"in_season",21,"complaints_evening",32,32,47.61,48.02,1,"none (each complaint = 1)"
"SI0202","New Dorp-Midland Beach",FALSE,"off_season",14,"stations_in",0,0,NA,NA,NA,"2025 entries"
"SI0202","New Dorp-Midland Beach",FALSE,"off_season",14,"stations_400",0,0,NA,NA,NA,"2025 entries"
"SI0202","New Dorp-Midland Beach",FALSE,"off_season",14,"hotspots",0,0,NA,NA,NA,"complaints in hot spot"
"SI0202","New Dorp-Midland Beach",FALSE,"off_season",14,"complaints",15,15,6.35,6.94,0.27,"none (each complaint = 1)"
"SI0202","New Dorp-Midland Beach",FALSE,"off_season",14,"complaints_evening",4,4,4.97,4.69,0,"none (each complaint = 1)"
"SI0202","New Dorp-Midland Beach",FALSE,"off_season",18,"stations_in",0,0,NA,NA,NA,"2025 entries"
"SI0202","New Dorp-Midland Beach",FALSE,"off_season",18,"stations_400",0,0,NA,NA,NA,"2025 entries"
"SI0202","New Dorp-Midland Beach",FALSE,"off_season",18,"hotspots",0,0,NA,NA,NA,"complaints in hot spot"
"SI0202","New Dorp-Midland Beach",FALSE,"off_season",18,"complaints",15,15,50.21,49.76,1,"none (each complaint = 1)"
"SI0202","New Dorp-Midland Beach",FALSE,"off_season",18,"complaints_evening",4,4,43.59,44.49,1,"none (each complaint = 1)"
"SI0202","New Dorp-Midland Beach",FALSE,"off_season",21,"stations_in",0,0,NA,NA,NA,"2025 entries"
"SI0202","New Dorp-Midland Beach",FALSE,"off_season",21,"stations_400",0,0,NA,NA,NA,"2025 entries"
"SI0202","New Dorp-Midland Beach",FALSE,"off_season",21,"hotspots",0,0,NA,NA,NA,"complaints in hot spot"
"SI0202","New Dorp-Midland Beach",FALSE,"off_season",21,"complaints",15,15,57.09,52.42,1,"none (each complaint = 1)"
"SI0202","New Dorp-Midland Beach",FALSE,"off_season",21,"complaints_evening",4,4,43.59,44.75,1,"none (each complaint = 1)"
"SI0202","New Dorp-Midland Beach",FALSE,"in_season",14,"stations_in",0,0,NA,NA,NA,"2025 entries"
"SI0202","New Dorp-Midland Beach",FALSE,"in_season",14,"stations_400",0,0,NA,NA,NA,"2025 entries"
"SI0202","New Dorp-Midland Beach",FALSE,"in_season",14,"hotspots",0,0,NA,NA,NA,"complaints in hot spot"
"SI0202","New Dorp-Midland Beach",FALSE,"in_season",14,"complaints",15,15,6.35,6.94,0.27,"none (each complaint = 1)"
"SI0202","New Dorp-Midland Beach",FALSE,"in_season",14,"complaints_evening",4,4,4.97,4.69,0,"none (each complaint = 1)"
"SI0202","New Dorp-Midland Beach",FALSE,"in_season",18,"stations_in",0,0,NA,NA,NA,"2025 entries"
"SI0202","New Dorp-Midland Beach",FALSE,"in_season",18,"stations_400",0,0,NA,NA,NA,"2025 entries"
"SI0202","New Dorp-Midland Beach",FALSE,"in_season",18,"hotspots",0,0,NA,NA,NA,"complaints in hot spot"
"SI0202","New Dorp-Midland Beach",FALSE,"in_season",18,"complaints",15,15,6.35,6.94,0.27,"none (each complaint = 1)"
"SI0202","New Dorp-Midland Beach",FALSE,"in_season",18,"complaints_evening",4,4,4.97,4.69,0,"none (each complaint = 1)"
"SI0202","New Dorp-Midland Beach",FALSE,"in_season",21,"stations_in",0,0,NA,NA,NA,"2025 entries"
"SI0202","New Dorp-Midland Beach",FALSE,"in_season",21,"stations_400",0,0,NA,NA,NA,"2025 entries"
"SI0202","New Dorp-Midland Beach",FALSE,"in_season",21,"hotspots",0,0,NA,NA,NA,"complaints in hot spot"
"SI0202","New Dorp-Midland Beach",FALSE,"in_season",21,"complaints",15,15,57.09,52.42,1,"none (each complaint = 1)"
"SI0202","New Dorp-Midland Beach",FALSE,"in_season",21,"complaints_evening",4,4,43.59,44.75,1,"none (each complaint = 1)"
"BK1002","Dyker Heights",FALSE,"off_season",14,"stations_in",0,0,NA,NA,NA,"2025 entries"
"BK1002","Dyker Heights",FALSE,"off_season",14,"stations_400",4,6972276,11.18,9.57,0.58,"2025 entries"
"BK1002","Dyker Heights",FALSE,"off_season",14,"hotspots",1,5,15.93,15.93,1,"complaints in hot spot"
"BK1002","Dyker Heights",FALSE,"off_season",14,"complaints",16,16,7.51,8.48,0.5,"none (each complaint = 1)"
"BK1002","Dyker Heights",FALSE,"off_season",14,"complaints_evening",3,3,9.75,10.13,0.67,"none (each complaint = 1)"
"BK1002","Dyker Heights",FALSE,"off_season",18,"stations_in",0,0,NA,NA,NA,"2025 entries"
"BK1002","Dyker Heights",FALSE,"off_season",18,"stations_400",4,6972276,33.46,33.25,1,"2025 entries"
"BK1002","Dyker Heights",FALSE,"off_season",18,"hotspots",1,5,31.52,31.52,1,"complaints in hot spot"
"BK1002","Dyker Heights",FALSE,"off_season",18,"complaints",16,16,28.63,26.93,1,"none (each complaint = 1)"
"BK1002","Dyker Heights",FALSE,"off_season",18,"complaints_evening",3,3,17.9,19.62,1,"none (each complaint = 1)"
"BK1002","Dyker Heights",FALSE,"off_season",21,"stations_in",0,0,NA,NA,NA,"2025 entries"
"BK1002","Dyker Heights",FALSE,"off_season",21,"stations_400",4,6972276,49.44,49.88,1,"2025 entries"
"BK1002","Dyker Heights",FALSE,"off_season",21,"hotspots",1,5,46.56,46.56,1,"complaints in hot spot"
"BK1002","Dyker Heights",FALSE,"off_season",21,"complaints",16,16,47.27,49.32,1,"none (each complaint = 1)"
"BK1002","Dyker Heights",FALSE,"off_season",21,"complaints_evening",3,3,46.78,45.58,1,"none (each complaint = 1)"
"BK1002","Dyker Heights",FALSE,"in_season",14,"stations_in",0,0,NA,NA,NA,"2025 entries"
"BK1002","Dyker Heights",FALSE,"in_season",14,"stations_400",4,6972276,11.18,9.57,0.58,"2025 entries"
"BK1002","Dyker Heights",FALSE,"in_season",14,"hotspots",1,5,15.93,15.93,1,"complaints in hot spot"
"BK1002","Dyker Heights",FALSE,"in_season",14,"complaints",16,16,7.51,8.48,0.5,"none (each complaint = 1)"
"BK1002","Dyker Heights",FALSE,"in_season",14,"complaints_evening",3,3,9.75,10.13,0.67,"none (each complaint = 1)"
"BK1002","Dyker Heights",FALSE,"in_season",18,"stations_in",0,0,NA,NA,NA,"2025 entries"
"BK1002","Dyker Heights",FALSE,"in_season",18,"stations_400",4,6972276,11.45,9.95,0.58,"2025 entries"
"BK1002","Dyker Heights",FALSE,"in_season",18,"hotspots",1,5,15.93,15.93,1,"complaints in hot spot"
"BK1002","Dyker Heights",FALSE,"in_season",18,"complaints",16,16,7.78,9.29,0.5,"none (each complaint = 1)"
"BK1002","Dyker Heights",FALSE,"in_season",18,"complaints_evening",3,3,9.87,10.7,0.67,"none (each complaint = 1)"
"BK1002","Dyker Heights",FALSE,"in_season",21,"stations_in",0,0,NA,NA,NA,"2025 entries"
"BK1002","Dyker Heights",FALSE,"in_season",21,"stations_400",4,6972276,49.44,49.88,1,"2025 entries"
"BK1002","Dyker Heights",FALSE,"in_season",21,"hotspots",1,5,46.56,46.56,1,"complaints in hot spot"
"BK1002","Dyker Heights",FALSE,"in_season",21,"complaints",16,16,47.27,49.32,1,"none (each complaint = 1)"
"BK1002","Dyker Heights",FALSE,"in_season",21,"complaints_evening",3,3,46.78,45.58,1,"none (each complaint = 1)"
"BX0201","Hunts Point",FALSE,"off_season",14,"stations_in",0,0,NA,NA,NA,"2025 entries"
"BX0201","Hunts Point",FALSE,"off_season",14,"stations_400",6,6727824,3.55,3.46,0,"2025 entries"
"BX0201","Hunts Point",FALSE,"off_season",14,"hotspots",0,0,NA,NA,NA,"complaints in hot spot"
"BX0201","Hunts Point",FALSE,"off_season",14,"complaints",5,5,4.46,4.19,0,"none (each complaint = 1)"
"BX0201","Hunts Point",FALSE,"off_season",14,"complaints_evening",1,1,4.97,4.97,0,"none (each complaint = 1)"
"BX0201","Hunts Point",FALSE,"off_season",18,"stations_in",0,0,NA,NA,NA,"2025 entries"
"BX0201","Hunts Point",FALSE,"off_season",18,"stations_400",6,6727824,20.38,19.51,1,"2025 entries"
"BX0201","Hunts Point",FALSE,"off_season",18,"hotspots",0,0,NA,NA,NA,"complaints in hot spot"
"BX0201","Hunts Point",FALSE,"off_season",18,"complaints",5,5,22.44,23.17,1,"none (each complaint = 1)"
"BX0201","Hunts Point",FALSE,"off_season",18,"complaints_evening",1,1,22.44,22.44,1,"none (each complaint = 1)"
"BX0201","Hunts Point",FALSE,"off_season",21,"stations_in",0,0,NA,NA,NA,"2025 entries"
"BX0201","Hunts Point",FALSE,"off_season",21,"stations_400",6,6727824,28.42,29.06,1,"2025 entries"
"BX0201","Hunts Point",FALSE,"off_season",21,"hotspots",0,0,NA,NA,NA,"complaints in hot spot"
"BX0201","Hunts Point",FALSE,"off_season",21,"complaints",5,5,35.15,35.4,1,"none (each complaint = 1)"
"BX0201","Hunts Point",FALSE,"off_season",21,"complaints_evening",1,1,36.78,36.78,1,"none (each complaint = 1)"
"BX0201","Hunts Point",FALSE,"in_season",14,"stations_in",0,0,NA,NA,NA,"2025 entries"
"BX0201","Hunts Point",FALSE,"in_season",14,"stations_400",6,6727824,3.55,3.46,0,"2025 entries"
"BX0201","Hunts Point",FALSE,"in_season",14,"hotspots",0,0,NA,NA,NA,"complaints in hot spot"
"BX0201","Hunts Point",FALSE,"in_season",14,"complaints",5,5,4.46,4.19,0,"none (each complaint = 1)"
"BX0201","Hunts Point",FALSE,"in_season",14,"complaints_evening",1,1,4.97,4.97,0,"none (each complaint = 1)"
"BX0201","Hunts Point",FALSE,"in_season",18,"stations_in",0,0,NA,NA,NA,"2025 entries"
"BX0201","Hunts Point",FALSE,"in_season",18,"stations_400",6,6727824,3.55,3.46,0,"2025 entries"
"BX0201","Hunts Point",FALSE,"in_season",18,"hotspots",0,0,NA,NA,NA,"complaints in hot spot"
"BX0201","Hunts Point",FALSE,"in_season",18,"complaints",5,5,4.46,4.19,0,"none (each complaint = 1)"
"BX0201","Hunts Point",FALSE,"in_season",18,"complaints_evening",1,1,4.97,4.97,0,"none (each complaint = 1)"
"BX0201","Hunts Point",FALSE,"in_season",21,"stations_in",0,0,NA,NA,NA,"2025 entries"
"BX0201","Hunts Point",FALSE,"in_season",21,"stations_400",6,6727824,28.42,29.06,1,"2025 entries"
"BX0201","Hunts Point",FALSE,"in_season",21,"hotspots",0,0,NA,NA,NA,"complaints in hot spot"
"BX0201","Hunts Point",FALSE,"in_season",21,"complaints",5,5,35.15,35.4,1,"none (each complaint = 1)"
"BX0201","Hunts Point",FALSE,"in_season",21,"complaints_evening",1,1,36.78,36.78,1,"none (each complaint = 1)"
"BX1203","Wakefield-Woodlawn",FALSE,"off_season",14,"stations_in",3,2304894,5.27,4.88,0,"2025 entries"
"BX1203","Wakefield-Woodlawn",FALSE,"off_season",14,"stations_400",4,2945001,4.67,4.23,0,"2025 entries"
"BX1203","Wakefield-Woodlawn",FALSE,"off_season",14,"hotspots",1,23,3.6,3.6,0,"complaints in hot spot"
"BX1203","Wakefield-Woodlawn",FALSE,"off_season",14,"complaints",31,31,3.35,4.28,0.1,"none (each complaint = 1)"
"BX1203","Wakefield-Woodlawn",FALSE,"off_season",14,"complaints_evening",11,11,3.35,3.43,0,"none (each complaint = 1)"
"BX1203","Wakefield-Woodlawn",FALSE,"off_season",18,"stations_in",3,2304894,12.78,12.93,0.65,"2025 entries"
"BX1203","Wakefield-Woodlawn",FALSE,"off_season",18,"stations_400",4,2945001,8.8,11.17,0.51,"2025 entries"
"BX1203","Wakefield-Woodlawn",FALSE,"off_season",18,"hotspots",1,23,3.6,3.6,0,"complaints in hot spot"
"BX1203","Wakefield-Woodlawn",FALSE,"off_season",18,"complaints",31,31,3.52,5.59,0.26,"none (each complaint = 1)"
"BX1203","Wakefield-Woodlawn",FALSE,"off_season",18,"complaints_evening",11,11,3.35,4.64,0.18,"none (each complaint = 1)"
"BX1203","Wakefield-Woodlawn",FALSE,"off_season",21,"stations_in",3,2304894,32.13,33.22,1,"2025 entries"
"BX1203","Wakefield-Woodlawn",FALSE,"off_season",21,"stations_400",4,2945001,30.2,31.89,1,"2025 entries"
"BX1203","Wakefield-Woodlawn",FALSE,"off_season",21,"hotspots",1,23,28.7,28.7,1,"complaints in hot spot"
"BX1203","Wakefield-Woodlawn",FALSE,"off_season",21,"complaints",31,31,28.05,28.36,1,"none (each complaint = 1)"
"BX1203","Wakefield-Woodlawn",FALSE,"off_season",21,"complaints_evening",11,11,28.05,26.76,1,"none (each complaint = 1)"
"BX1203","Wakefield-Woodlawn",FALSE,"in_season",14,"stations_in",3,2304894,5.27,4.88,0,"2025 entries"
"BX1203","Wakefield-Woodlawn",FALSE,"in_season",14,"stations_400",4,2945001,4.67,4.23,0,"2025 entries"
"BX1203","Wakefield-Woodlawn",FALSE,"in_season",14,"hotspots",1,23,3.6,3.6,0,"complaints in hot spot"
"BX1203","Wakefield-Woodlawn",FALSE,"in_season",14,"complaints",31,31,3.35,4.28,0.1,"none (each complaint = 1)"
"BX1203","Wakefield-Woodlawn",FALSE,"in_season",14,"complaints_evening",11,11,3.35,3.43,0,"none (each complaint = 1)"
"BX1203","Wakefield-Woodlawn",FALSE,"in_season",18,"stations_in",3,2304894,5.27,4.88,0,"2025 entries"
"BX1203","Wakefield-Woodlawn",FALSE,"in_season",18,"stations_400",4,2945001,4.67,4.23,0,"2025 entries"
"BX1203","Wakefield-Woodlawn",FALSE,"in_season",18,"hotspots",1,23,3.6,3.6,0,"complaints in hot spot"
"BX1203","Wakefield-Woodlawn",FALSE,"in_season",18,"complaints",31,31,3.35,4.28,0.1,"none (each complaint = 1)"
"BX1203","Wakefield-Woodlawn",FALSE,"in_season",18,"complaints_evening",11,11,3.35,3.43,0,"none (each complaint = 1)"
"BX1203","Wakefield-Woodlawn",FALSE,"in_season",21,"stations_in",3,2304894,32.13,33.22,1,"2025 entries"
"BX1203","Wakefield-Woodlawn",FALSE,"in_season",21,"stations_400",4,2945001,30.2,31.89,1,"2025 entries"
"BX1203","Wakefield-Woodlawn",FALSE,"in_season",21,"hotspots",1,23,28.7,28.7,1,"complaints in hot spot"
"BX1203","Wakefield-Woodlawn",FALSE,"in_season",21,"complaints",31,31,28.05,28.36,1,"none (each complaint = 1)"
"BX1203","Wakefield-Woodlawn",FALSE,"in_season",21,"complaints_evening",11,11,28.05,26.76,1,"none (each complaint = 1)"
"BK0201","Brooklyn Heights",FALSE,"off_season",14,"stations_in",1,1724293,3.29,3.29,0,"2025 entries"
"BK0201","Brooklyn Heights",FALSE,"off_season",14,"stations_400",7,28359816,3.29,4.32,0.07,"2025 entries"
"BK0201","Brooklyn Heights",FALSE,"off_season",14,"hotspots",1,9,1.45,1.45,0,"complaints in hot spot"
"BK0201","Brooklyn Heights",FALSE,"off_season",14,"complaints",24,24,1.98,2.51,0,"none (each complaint = 1)"
"BK0201","Brooklyn Heights",FALSE,"off_season",14,"complaints_evening",8,8,2.36,3.14,0,"none (each complaint = 1)"
"BK0201","Brooklyn Heights",FALSE,"off_season",18,"stations_in",1,1724293,8.4,8.4,1,"2025 entries"
"BK0201","Brooklyn Heights",FALSE,"off_season",18,"stations_400",7,28359816,11.85,12.48,1,"2025 entries"
"BK0201","Brooklyn Heights",FALSE,"off_season",18,"hotspots",1,9,1.45,1.45,0,"complaints in hot spot"
"BK0201","Brooklyn Heights",FALSE,"off_season",18,"complaints",24,24,6.59,5.83,0.46,"none (each complaint = 1)"
"BK0201","Brooklyn Heights",FALSE,"off_season",18,"complaints_evening",8,8,8.15,6.68,0.62,"none (each complaint = 1)"
"BK0201","Brooklyn Heights",FALSE,"off_season",21,"stations_in",1,1724293,8.4,8.4,1,"2025 entries"
"BK0201","Brooklyn Heights",FALSE,"off_season",21,"stations_400",7,28359816,11.85,13.23,1,"2025 entries"
"BK0201","Brooklyn Heights",FALSE,"off_season",21,"hotspots",1,9,1.45,1.45,0,"complaints in hot spot"
"BK0201","Brooklyn Heights",FALSE,"off_season",21,"complaints",24,24,6.59,5.83,0.46,"none (each complaint = 1)"
"BK0201","Brooklyn Heights",FALSE,"off_season",21,"complaints_evening",8,8,8.15,6.68,0.62,"none (each complaint = 1)"
"BK0201","Brooklyn Heights",FALSE,"in_season",14,"stations_in",1,1724293,3.29,3.29,0,"2025 entries"
"BK0201","Brooklyn Heights",FALSE,"in_season",14,"stations_400",7,28359816,3.29,4.32,0.07,"2025 entries"
"BK0201","Brooklyn Heights",FALSE,"in_season",14,"hotspots",1,9,1.45,1.45,0,"complaints in hot spot"
"BK0201","Brooklyn Heights",FALSE,"in_season",14,"complaints",24,24,1.98,2.51,0,"none (each complaint = 1)"
"BK0201","Brooklyn Heights",FALSE,"in_season",14,"complaints_evening",8,8,2.36,3.14,0,"none (each complaint = 1)"
"BK0201","Brooklyn Heights",FALSE,"in_season",18,"stations_in",1,1724293,3.29,3.29,0,"2025 entries"
"BK0201","Brooklyn Heights",FALSE,"in_season",18,"stations_400",7,28359816,4.24,5.34,0.3,"2025 entries"
"BK0201","Brooklyn Heights",FALSE,"in_season",18,"hotspots",1,9,1.45,1.45,0,"complaints in hot spot"
"BK0201","Brooklyn Heights",FALSE,"in_season",18,"complaints",24,24,2.42,4,0.17,"none (each complaint = 1)"
"BK0201","Brooklyn Heights",FALSE,"in_season",18,"complaints_evening",8,8,5.49,5.14,0.38,"none (each complaint = 1)"
"BK0201","Brooklyn Heights",FALSE,"in_season",21,"stations_in",1,1724293,8.4,8.4,1,"2025 entries"
"BK0201","Brooklyn Heights",FALSE,"in_season",21,"stations_400",7,28359816,11.85,13.23,1,"2025 entries"
"BK0201","Brooklyn Heights",FALSE,"in_season",21,"hotspots",1,9,1.45,1.45,0,"complaints in hot spot"
"BK0201","Brooklyn Heights",FALSE,"in_season",21,"complaints",24,24,6.59,5.83,0.46,"none (each complaint = 1)"
"BK0201","Brooklyn Heights",FALSE,"in_season",21,"complaints_evening",8,8,8.15,6.68,0.62,"none (each complaint = 1)"
"SI0106","Port Richmond",FALSE,"off_season",14,"stations_in",0,0,NA,NA,NA,"2025 entries"
"SI0106","Port Richmond",FALSE,"off_season",14,"stations_400",0,0,NA,NA,NA,"2025 entries"
"SI0106","Port Richmond",FALSE,"off_season",14,"hotspots",0,0,NA,NA,NA,"complaints in hot spot"
"SI0106","Port Richmond",FALSE,"off_season",14,"complaints",8,8,6.92,6.55,0.5,"none (each complaint = 1)"
"SI0106","Port Richmond",FALSE,"off_season",14,"complaints_evening",3,3,4.79,5.01,0.33,"none (each complaint = 1)"
"SI0106","Port Richmond",FALSE,"off_season",18,"stations_in",0,0,NA,NA,NA,"2025 entries"
"SI0106","Port Richmond",FALSE,"off_season",18,"stations_400",0,0,NA,NA,NA,"2025 entries"
"SI0106","Port Richmond",FALSE,"off_season",18,"hotspots",0,0,NA,NA,NA,"complaints in hot spot"
"SI0106","Port Richmond",FALSE,"off_season",18,"complaints",8,8,34.19,36.05,1,"none (each complaint = 1)"
"SI0106","Port Richmond",FALSE,"off_season",18,"complaints_evening",3,3,35.13,36.39,1,"none (each complaint = 1)"
"SI0106","Port Richmond",FALSE,"off_season",21,"stations_in",0,0,NA,NA,NA,"2025 entries"
"SI0106","Port Richmond",FALSE,"off_season",21,"stations_400",0,0,NA,NA,NA,"2025 entries"
"SI0106","Port Richmond",FALSE,"off_season",21,"hotspots",0,0,NA,NA,NA,"complaints in hot spot"
"SI0106","Port Richmond",FALSE,"off_season",21,"complaints",8,8,107.1,106.94,1,"none (each complaint = 1)"
"SI0106","Port Richmond",FALSE,"off_season",21,"complaints_evening",3,3,106.84,104.43,1,"none (each complaint = 1)"
"SI0106","Port Richmond",FALSE,"in_season",14,"stations_in",0,0,NA,NA,NA,"2025 entries"
"SI0106","Port Richmond",FALSE,"in_season",14,"stations_400",0,0,NA,NA,NA,"2025 entries"
"SI0106","Port Richmond",FALSE,"in_season",14,"hotspots",0,0,NA,NA,NA,"complaints in hot spot"
"SI0106","Port Richmond",FALSE,"in_season",14,"complaints",8,8,6.92,6.55,0.5,"none (each complaint = 1)"
"SI0106","Port Richmond",FALSE,"in_season",14,"complaints_evening",3,3,4.79,5.01,0.33,"none (each complaint = 1)"
"SI0106","Port Richmond",FALSE,"in_season",18,"stations_in",0,0,NA,NA,NA,"2025 entries"
"SI0106","Port Richmond",FALSE,"in_season",18,"stations_400",0,0,NA,NA,NA,"2025 entries"
"SI0106","Port Richmond",FALSE,"in_season",18,"hotspots",0,0,NA,NA,NA,"complaints in hot spot"
"SI0106","Port Richmond",FALSE,"in_season",18,"complaints",8,8,8.03,9.09,0.75,"none (each complaint = 1)"
"SI0106","Port Richmond",FALSE,"in_season",18,"complaints_evening",3,3,7,6.95,0.67,"none (each complaint = 1)"
"SI0106","Port Richmond",FALSE,"in_season",21,"stations_in",0,0,NA,NA,NA,"2025 entries"
"SI0106","Port Richmond",FALSE,"in_season",21,"stations_400",0,0,NA,NA,NA,"2025 entries"
"SI0106","Port Richmond",FALSE,"in_season",21,"hotspots",0,0,NA,NA,NA,"complaints in hot spot"
"SI0106","Port Richmond",FALSE,"in_season",21,"complaints",8,8,107.1,106.94,1,"none (each complaint = 1)"
"SI0106","Port Richmond",FALSE,"in_season",21,"complaints_evening",3,3,106.84,104.43,1,"none (each complaint = 1)"
"QN0705","East Flushing",FALSE,"off_season",14,"stations_in",0,0,NA,NA,NA,"2025 entries"
"QN0705","East Flushing",FALSE,"off_season",14,"stations_400",0,0,NA,NA,NA,"2025 entries"
"QN0705","East Flushing",FALSE,"off_season",14,"hotspots",0,0,NA,NA,NA,"complaints in hot spot"
"QN0705","East Flushing",FALSE,"off_season",14,"complaints",10,10,10.7,9.33,0.8,"none (each complaint = 1)"
"QN0705","East Flushing",FALSE,"off_season",14,"complaints_evening",5,5,8.82,8.93,0.8,"none (each complaint = 1)"
"QN0705","East Flushing",FALSE,"off_season",18,"stations_in",0,0,NA,NA,NA,"2025 entries"
"QN0705","East Flushing",FALSE,"off_season",18,"stations_400",0,0,NA,NA,NA,"2025 entries"
"QN0705","East Flushing",FALSE,"off_season",18,"hotspots",0,0,NA,NA,NA,"complaints in hot spot"
"QN0705","East Flushing",FALSE,"off_season",18,"complaints",10,10,17.09,18.62,1,"none (each complaint = 1)"
"QN0705","East Flushing",FALSE,"off_season",18,"complaints_evening",5,5,21.14,20.11,1,"none (each complaint = 1)"
"QN0705","East Flushing",FALSE,"off_season",21,"stations_in",0,0,NA,NA,NA,"2025 entries"
"QN0705","East Flushing",FALSE,"off_season",21,"stations_400",0,0,NA,NA,NA,"2025 entries"
"QN0705","East Flushing",FALSE,"off_season",21,"hotspots",0,0,NA,NA,NA,"complaints in hot spot"
"QN0705","East Flushing",FALSE,"off_season",21,"complaints",10,10,41.59,38.21,1,"none (each complaint = 1)"
"QN0705","East Flushing",FALSE,"off_season",21,"complaints_evening",5,5,41.51,36.9,1,"none (each complaint = 1)"
"QN0705","East Flushing",FALSE,"in_season",14,"stations_in",0,0,NA,NA,NA,"2025 entries"
"QN0705","East Flushing",FALSE,"in_season",14,"stations_400",0,0,NA,NA,NA,"2025 entries"
"QN0705","East Flushing",FALSE,"in_season",14,"hotspots",0,0,NA,NA,NA,"complaints in hot spot"
"QN0705","East Flushing",FALSE,"in_season",14,"complaints",10,10,10.7,9.33,0.8,"none (each complaint = 1)"
"QN0705","East Flushing",FALSE,"in_season",14,"complaints_evening",5,5,8.82,8.93,0.8,"none (each complaint = 1)"
"QN0705","East Flushing",FALSE,"in_season",18,"stations_in",0,0,NA,NA,NA,"2025 entries"
"QN0705","East Flushing",FALSE,"in_season",18,"stations_400",0,0,NA,NA,NA,"2025 entries"
"QN0705","East Flushing",FALSE,"in_season",18,"hotspots",0,0,NA,NA,NA,"complaints in hot spot"
"QN0705","East Flushing",FALSE,"in_season",18,"complaints",10,10,12.26,10.63,0.8,"none (each complaint = 1)"
"QN0705","East Flushing",FALSE,"in_season",18,"complaints_evening",5,5,12.97,11.51,0.8,"none (each complaint = 1)"
"QN0705","East Flushing",FALSE,"in_season",21,"stations_in",0,0,NA,NA,NA,"2025 entries"
"QN0705","East Flushing",FALSE,"in_season",21,"stations_400",0,0,NA,NA,NA,"2025 entries"
"QN0705","East Flushing",FALSE,"in_season",21,"hotspots",0,0,NA,NA,NA,"complaints in hot spot"
"QN0705","East Flushing",FALSE,"in_season",21,"complaints",10,10,41.59,38.21,1,"none (each complaint = 1)"
"QN0705","East Flushing",FALSE,"in_season",21,"complaints_evening",5,5,41.51,36.9,1,"none (each complaint = 1)"
"QN1401","Far Rockaway-Bayswater",FALSE,"off_season",14,"stations_in",3,1078182,5.26,4.39,0.19,"2025 entries"
"QN1401","Far Rockaway-Bayswater",FALSE,"off_season",14,"stations_400",4,1177243,4.36,4.13,0.17,"2025 entries"
"QN1401","Far Rockaway-Bayswater",FALSE,"off_season",14,"hotspots",1,44,3.16,3.16,0,"complaints in hot spot"
"QN1401","Far Rockaway-Bayswater",FALSE,"off_season",14,"complaints",50,50,3.36,3.35,0.02,"none (each complaint = 1)"
"QN1401","Far Rockaway-Bayswater",FALSE,"off_season",14,"complaints_evening",27,27,3.36,3.23,0,"none (each complaint = 1)"
"QN1401","Far Rockaway-Bayswater",FALSE,"off_season",18,"stations_in",3,1078182,16.14,16.49,1,"2025 entries"
"QN1401","Far Rockaway-Bayswater",FALSE,"off_season",18,"stations_400",4,1177243,18.44,17.62,1,"2025 entries"
"QN1401","Far Rockaway-Bayswater",FALSE,"off_season",18,"hotspots",1,44,18.54,18.54,1,"complaints in hot spot"
"QN1401","Far Rockaway-Bayswater",FALSE,"off_season",18,"complaints",50,50,18.65,18.03,1,"none (each complaint = 1)"
"QN1401","Far Rockaway-Bayswater",FALSE,"off_season",18,"complaints_evening",27,27,18.65,18.57,1,"none (each complaint = 1)"
"QN1401","Far Rockaway-Bayswater",FALSE,"off_season",21,"stations_in",3,1078182,16.14,16.49,1,"2025 entries"
"QN1401","Far Rockaway-Bayswater",FALSE,"off_season",21,"stations_400",4,1177243,18.44,17.62,1,"2025 entries"
"QN1401","Far Rockaway-Bayswater",FALSE,"off_season",21,"hotspots",1,44,18.54,18.54,1,"complaints in hot spot"
"QN1401","Far Rockaway-Bayswater",FALSE,"off_season",21,"complaints",50,50,18.65,18.03,1,"none (each complaint = 1)"
"QN1401","Far Rockaway-Bayswater",FALSE,"off_season",21,"complaints_evening",27,27,18.65,18.57,1,"none (each complaint = 1)"
"QN1401","Far Rockaway-Bayswater",FALSE,"in_season",14,"stations_in",3,1078182,5.26,4.39,0.19,"2025 entries"
"QN1401","Far Rockaway-Bayswater",FALSE,"in_season",14,"stations_400",4,1177243,4.36,4.13,0.17,"2025 entries"
"QN1401","Far Rockaway-Bayswater",FALSE,"in_season",14,"hotspots",1,44,3.16,3.16,0,"complaints in hot spot"
"QN1401","Far Rockaway-Bayswater",FALSE,"in_season",14,"complaints",50,50,3.36,3.35,0.02,"none (each complaint = 1)"
"QN1401","Far Rockaway-Bayswater",FALSE,"in_season",14,"complaints_evening",27,27,3.36,3.23,0,"none (each complaint = 1)"
"QN1401","Far Rockaway-Bayswater",FALSE,"in_season",18,"stations_in",3,1078182,7.5,11,0.9,"2025 entries"
"QN1401","Far Rockaway-Bayswater",FALSE,"in_season",18,"stations_400",4,1177243,6.38,10.18,0.83,"2025 entries"
"QN1401","Far Rockaway-Bayswater",FALSE,"in_season",18,"hotspots",1,44,7.96,7.96,1,"complaints in hot spot"
"QN1401","Far Rockaway-Bayswater",FALSE,"in_season",18,"complaints",50,50,7.79,7.82,0.94,"none (each complaint = 1)"
"QN1401","Far Rockaway-Bayswater",FALSE,"in_season",18,"complaints_evening",27,27,7.79,7.83,0.96,"none (each complaint = 1)"
"QN1401","Far Rockaway-Bayswater",FALSE,"in_season",21,"stations_in",3,1078182,16.14,16.49,1,"2025 entries"
"QN1401","Far Rockaway-Bayswater",FALSE,"in_season",21,"stations_400",4,1177243,18.44,17.62,1,"2025 entries"
"QN1401","Far Rockaway-Bayswater",FALSE,"in_season",21,"hotspots",1,44,18.54,18.54,1,"complaints in hot spot"
"QN1401","Far Rockaway-Bayswater",FALSE,"in_season",21,"complaints",50,50,18.65,18.03,1,"none (each complaint = 1)"
"QN1401","Far Rockaway-Bayswater",FALSE,"in_season",21,"complaints_evening",27,27,18.65,18.57,1,"none (each complaint = 1)"
"BK0703","Sunset Park (Central)",FALSE,"off_season",14,"stations_in",1,2951046,5.79,5.79,0,"2025 entries"
"BK0703","Sunset Park (Central)",FALSE,"off_season",14,"stations_400",8,19347805,6.47,7.02,0.53,"2025 entries"
"BK0703","Sunset Park (Central)",FALSE,"off_season",14,"hotspots",2,19,2.65,3.7,0,"complaints in hot spot"
"BK0703","Sunset Park (Central)",FALSE,"off_season",14,"complaints",30,30,4.52,4.82,0.13,"none (each complaint = 1)"
"BK0703","Sunset Park (Central)",FALSE,"off_season",14,"complaints_evening",15,15,4.86,4.92,0.13,"none (each complaint = 1)"
"BK0703","Sunset Park (Central)",FALSE,"off_season",18,"stations_in",1,2951046,35.69,35.69,1,"2025 entries"
"BK0703","Sunset Park (Central)",FALSE,"off_season",18,"stations_400",8,19347805,37.21,39.69,1,"2025 entries"
"BK0703","Sunset Park (Central)",FALSE,"off_season",18,"hotspots",2,19,38.6,38.17,1,"complaints in hot spot"
"BK0703","Sunset Park (Central)",FALSE,"off_season",18,"complaints",30,30,39.76,40.11,1,"none (each complaint = 1)"
"BK0703","Sunset Park (Central)",FALSE,"off_season",18,"complaints_evening",15,15,39.76,39.24,1,"none (each complaint = 1)"
"BK0703","Sunset Park (Central)",FALSE,"off_season",21,"stations_in",1,2951046,54.75,54.75,1,"2025 entries"
"BK0703","Sunset Park (Central)",FALSE,"off_season",21,"stations_400",8,19347805,51.84,50.11,1,"2025 entries"
"BK0703","Sunset Park (Central)",FALSE,"off_season",21,"hotspots",2,19,38.6,38.17,1,"complaints in hot spot"
"BK0703","Sunset Park (Central)",FALSE,"off_season",21,"complaints",30,30,39.76,42.64,1,"none (each complaint = 1)"
"BK0703","Sunset Park (Central)",FALSE,"off_season",21,"complaints_evening",15,15,39.76,42.45,1,"none (each complaint = 1)"
"BK0703","Sunset Park (Central)",FALSE,"in_season",14,"stations_in",1,2951046,5.79,5.79,0,"2025 entries"
"BK0703","Sunset Park (Central)",FALSE,"in_season",14,"stations_400",8,19347805,6.47,7.02,0.53,"2025 entries"
"BK0703","Sunset Park (Central)",FALSE,"in_season",14,"hotspots",2,19,2.65,3.7,0,"complaints in hot spot"
"BK0703","Sunset Park (Central)",FALSE,"in_season",14,"complaints",30,30,4.52,4.82,0.13,"none (each complaint = 1)"
"BK0703","Sunset Park (Central)",FALSE,"in_season",14,"complaints_evening",15,15,4.86,4.92,0.13,"none (each complaint = 1)"
"BK0703","Sunset Park (Central)",FALSE,"in_season",18,"stations_in",1,2951046,5.79,5.79,0,"2025 entries"
"BK0703","Sunset Park (Central)",FALSE,"in_season",18,"stations_400",8,19347805,7.09,7.7,0.65,"2025 entries"
"BK0703","Sunset Park (Central)",FALSE,"in_season",18,"hotspots",2,19,2.65,3.7,0,"complaints in hot spot"
"BK0703","Sunset Park (Central)",FALSE,"in_season",18,"complaints",30,30,4.74,5.35,0.2,"none (each complaint = 1)"
"BK0703","Sunset Park (Central)",FALSE,"in_season",18,"complaints_evening",15,15,4.86,4.92,0.13,"none (each complaint = 1)"
"BK0703","Sunset Park (Central)",FALSE,"in_season",21,"stations_in",1,2951046,54.75,54.75,1,"2025 entries"
"BK0703","Sunset Park (Central)",FALSE,"in_season",21,"stations_400",8,19347805,51.84,50.11,1,"2025 entries"
"BK0703","Sunset Park (Central)",FALSE,"in_season",21,"hotspots",2,19,38.6,38.17,1,"complaints in hot spot"
"BK0703","Sunset Park (Central)",FALSE,"in_season",21,"complaints",30,30,39.76,42.64,1,"none (each complaint = 1)"
"BK0703","Sunset Park (Central)",FALSE,"in_season",21,"complaints_evening",15,15,39.76,42.45,1,"none (each complaint = 1)"
"QN1206","Hollis",FALSE,"off_season",14,"stations_in",0,0,NA,NA,NA,"2025 entries"
"QN1206","Hollis",FALSE,"off_season",14,"stations_400",0,0,NA,NA,NA,"2025 entries"
"QN1206","Hollis",FALSE,"off_season",14,"hotspots",0,0,NA,NA,NA,"complaints in hot spot"
"QN1206","Hollis",FALSE,"off_season",14,"complaints",9,9,8.19,6.91,0.56,"none (each complaint = 1)"
"QN1206","Hollis",FALSE,"off_season",14,"complaints_evening",4,4,8.72,8.07,0.75,"none (each complaint = 1)"
"QN1206","Hollis",FALSE,"off_season",18,"stations_in",0,0,NA,NA,NA,"2025 entries"
"QN1206","Hollis",FALSE,"off_season",18,"stations_400",0,0,NA,NA,NA,"2025 entries"
"QN1206","Hollis",FALSE,"off_season",18,"hotspots",0,0,NA,NA,NA,"complaints in hot spot"
"QN1206","Hollis",FALSE,"off_season",18,"complaints",9,9,23.23,21.19,1,"none (each complaint = 1)"
"QN1206","Hollis",FALSE,"off_season",18,"complaints_evening",4,4,18.64,19.88,1,"none (each complaint = 1)"
"QN1206","Hollis",FALSE,"off_season",21,"stations_in",0,0,NA,NA,NA,"2025 entries"
"QN1206","Hollis",FALSE,"off_season",21,"stations_400",0,0,NA,NA,NA,"2025 entries"
"QN1206","Hollis",FALSE,"off_season",21,"hotspots",0,0,NA,NA,NA,"complaints in hot spot"
"QN1206","Hollis",FALSE,"off_season",21,"complaints",9,9,23.23,21.19,1,"none (each complaint = 1)"
"QN1206","Hollis",FALSE,"off_season",21,"complaints_evening",4,4,18.64,19.88,1,"none (each complaint = 1)"
"QN1206","Hollis",FALSE,"in_season",14,"stations_in",0,0,NA,NA,NA,"2025 entries"
"QN1206","Hollis",FALSE,"in_season",14,"stations_400",0,0,NA,NA,NA,"2025 entries"
"QN1206","Hollis",FALSE,"in_season",14,"hotspots",0,0,NA,NA,NA,"complaints in hot spot"
"QN1206","Hollis",FALSE,"in_season",14,"complaints",9,9,8.19,6.91,0.56,"none (each complaint = 1)"
"QN1206","Hollis",FALSE,"in_season",14,"complaints_evening",4,4,8.72,8.07,0.75,"none (each complaint = 1)"
"QN1206","Hollis",FALSE,"in_season",18,"stations_in",0,0,NA,NA,NA,"2025 entries"
"QN1206","Hollis",FALSE,"in_season",18,"stations_400",0,0,NA,NA,NA,"2025 entries"
"QN1206","Hollis",FALSE,"in_season",18,"hotspots",0,0,NA,NA,NA,"complaints in hot spot"
"QN1206","Hollis",FALSE,"in_season",18,"complaints",9,9,8.19,6.91,0.56,"none (each complaint = 1)"
"QN1206","Hollis",FALSE,"in_season",18,"complaints_evening",4,4,8.72,8.07,0.75,"none (each complaint = 1)"
"QN1206","Hollis",FALSE,"in_season",21,"stations_in",0,0,NA,NA,NA,"2025 entries"
"QN1206","Hollis",FALSE,"in_season",21,"stations_400",0,0,NA,NA,NA,"2025 entries"
"QN1206","Hollis",FALSE,"in_season",21,"hotspots",0,0,NA,NA,NA,"complaints in hot spot"
"QN1206","Hollis",FALSE,"in_season",21,"complaints",9,9,23.23,21.19,1,"none (each complaint = 1)"
"QN1206","Hollis",FALSE,"in_season",21,"complaints_evening",4,4,18.64,19.88,1,"none (each complaint = 1)"
"MN0502","Midtown-Times Square",TRUE,"off_season",14,"stations_in",10,130704468,4.88,4.68,0.07,"2025 entries"
"MN0502","Midtown-Times Square",TRUE,"off_season",14,"stations_400",20,275478299,3.34,3.21,0.03,"2025 entries"
"MN0502","Midtown-Times Square",TRUE,"off_season",14,"hotspots",5,43,5.36,5.19,0,"complaints in hot spot"
"MN0502","Midtown-Times Square",TRUE,"off_season",14,"complaints",84,84,4.53,4.17,0.01,"none (each complaint = 1)"
"MN0502","Midtown-Times Square",TRUE,"off_season",14,"complaints_evening",14,14,5.24,4.23,0.07,"none (each complaint = 1)"
"MN0502","Midtown-Times Square",TRUE,"off_season",18,"stations_in",10,130704468,4.88,5.3,0.44,"2025 entries"
"MN0502","Midtown-Times Square",TRUE,"off_season",18,"stations_400",20,275478299,4.22,4.02,0.29,"2025 entries"
"MN0502","Midtown-Times Square",TRUE,"off_season",18,"hotspots",5,43,5.69,6.21,0.12,"complaints in hot spot"
"MN0502","Midtown-Times Square",TRUE,"off_season",18,"complaints",84,84,5.42,5.16,0.24,"none (each complaint = 1)"
"MN0502","Midtown-Times Square",TRUE,"off_season",18,"complaints_evening",14,14,5.37,4.79,0.29,"none (each complaint = 1)"
"MN0502","Midtown-Times Square",TRUE,"off_season",21,"stations_in",10,130704468,8.66,10.07,0.73,"2025 entries"
"MN0502","Midtown-Times Square",TRUE,"off_season",21,"stations_400",20,275478299,8.66,8.45,0.62,"2025 entries"
"MN0502","Midtown-Times Square",TRUE,"off_season",21,"hotspots",5,43,6.86,7.67,0.4,"complaints in hot spot"
"MN0502","Midtown-Times Square",TRUE,"off_season",21,"complaints",84,84,7.93,7.83,0.58,"none (each complaint = 1)"
"MN0502","Midtown-Times Square",TRUE,"off_season",21,"complaints_evening",14,14,9.29,8.9,0.79,"none (each complaint = 1)"
"MN0502","Midtown-Times Square",TRUE,"in_season",14,"stations_in",10,130704468,4.88,4.68,0.07,"2025 entries"
"MN0502","Midtown-Times Square",TRUE,"in_season",14,"stations_400",20,275478299,3.34,3.21,0.03,"2025 entries"
"MN0502","Midtown-Times Square",TRUE,"in_season",14,"hotspots",5,43,5.36,5.19,0,"complaints in hot spot"
"MN0502","Midtown-Times Square",TRUE,"in_season",14,"complaints",84,84,4.53,4.17,0.01,"none (each complaint = 1)"
"MN0502","Midtown-Times Square",TRUE,"in_season",14,"complaints_evening",14,14,5.24,4.23,0.07,"none (each complaint = 1)"
"MN0502","Midtown-Times Square",TRUE,"in_season",18,"stations_in",10,130704468,4.88,4.7,0.07,"2025 entries"
"MN0502","Midtown-Times Square",TRUE,"in_season",18,"stations_400",20,275478299,3.81,3.57,0.12,"2025 entries"
"MN0502","Midtown-Times Square",TRUE,"in_season",18,"hotspots",5,43,5.36,5.19,0,"complaints in hot spot"
"MN0502","Midtown-Times Square",TRUE,"in_season",18,"complaints",84,84,4.53,4.25,0.02,"none (each complaint = 1)"
"MN0502","Midtown-Times Square",TRUE,"in_season",18,"complaints_evening",14,14,5.37,4.48,0.07,"none (each complaint = 1)"
"MN0502","Midtown-Times Square",TRUE,"in_season",21,"stations_in",10,130704468,8.66,10.07,0.73,"2025 entries"
"MN0502","Midtown-Times Square",TRUE,"in_season",21,"stations_400",20,275478299,8.66,8.45,0.62,"2025 entries"
"MN0502","Midtown-Times Square",TRUE,"in_season",21,"hotspots",5,43,6.86,7.67,0.4,"complaints in hot spot"
"MN0502","Midtown-Times Square",TRUE,"in_season",21,"complaints",84,84,7.93,7.83,0.58,"none (each complaint = 1)"
"MN0502","Midtown-Times Square",TRUE,"in_season",21,"complaints_evening",14,14,9.29,8.9,0.79,"none (each complaint = 1)"
"MN0301","Chinatown-Two Bridges",FALSE,"off_season",14,"stations_in",1,3851534,2.24,2.24,0,"2025 entries"
"MN0301","Chinatown-Two Bridges",FALSE,"off_season",14,"stations_400",6,37201794,3.45,4.06,0,"2025 entries"
"MN0301","Chinatown-Two Bridges",FALSE,"off_season",14,"hotspots",2,13,3.8,3.19,0,"complaints in hot spot"
"MN0301","Chinatown-Two Bridges",FALSE,"off_season",14,"complaints",27,27,2.43,2.69,0,"none (each complaint = 1)"
"MN0301","Chinatown-Two Bridges",FALSE,"off_season",14,"complaints_evening",5,5,2.83,2.57,0,"none (each complaint = 1)"
"MN0301","Chinatown-Two Bridges",FALSE,"off_season",18,"stations_in",1,3851534,2.24,2.24,0,"2025 entries"
"MN0301","Chinatown-Two Bridges",FALSE,"off_season",18,"stations_400",6,37201794,6.31,7.02,0.49,"2025 entries"
"MN0301","Chinatown-Two Bridges",FALSE,"off_season",18,"hotspots",2,13,3.8,3.19,0,"complaints in hot spot"
"MN0301","Chinatown-Two Bridges",FALSE,"off_season",18,"complaints",27,27,3.47,3.62,0.07,"none (each complaint = 1)"
"MN0301","Chinatown-Two Bridges",FALSE,"off_season",18,"complaints_evening",5,5,3.47,4.22,0.2,"none (each complaint = 1)"
"MN0301","Chinatown-Two Bridges",FALSE,"off_season",21,"stations_in",1,3851534,18.04,18.04,1,"2025 entries"
"MN0301","Chinatown-Two Bridges",FALSE,"off_season",21,"stations_400",6,37201794,20.04,18.1,1,"2025 entries"
"MN0301","Chinatown-Two Bridges",FALSE,"off_season",21,"hotspots",2,13,14.19,15.8,1,"complaints in hot spot"
"MN0301","Chinatown-Two Bridges",FALSE,"off_season",21,"complaints",27,27,15.99,16.42,1,"none (each complaint = 1)"
"MN0301","Chinatown-Two Bridges",FALSE,"off_season",21,"complaints_evening",5,5,18.91,18.95,1,"none (each complaint = 1)"
"MN0301","Chinatown-Two Bridges",FALSE,"in_season",14,"stations_in",1,3851534,2.24,2.24,0,"2025 entries"
"MN0301","Chinatown-Two Bridges",FALSE,"in_season",14,"stations_400",6,37201794,3.45,4.06,0,"2025 entries"
"MN0301","Chinatown-Two Bridges",FALSE,"in_season",14,"hotspots",2,13,3.8,3.19,0,"complaints in hot spot"
"MN0301","Chinatown-Two Bridges",FALSE,"in_season",14,"complaints",27,27,2.43,2.69,0,"none (each complaint = 1)"
"MN0301","Chinatown-Two Bridges",FALSE,"in_season",14,"complaints_evening",5,5,2.83,2.57,0,"none (each complaint = 1)"
"MN0301","Chinatown-Two Bridges",FALSE,"in_season",18,"stations_in",1,3851534,2.24,2.24,0,"2025 entries"
"MN0301","Chinatown-Two Bridges",FALSE,"in_season",18,"stations_400",6,37201794,3.45,4.06,0,"2025 entries"
"MN0301","Chinatown-Two Bridges",FALSE,"in_season",18,"hotspots",2,13,3.8,3.19,0,"complaints in hot spot"
"MN0301","Chinatown-Two Bridges",FALSE,"in_season",18,"complaints",27,27,2.43,2.69,0,"none (each complaint = 1)"
"MN0301","Chinatown-Two Bridges",FALSE,"in_season",18,"complaints_evening",5,5,2.83,2.57,0,"none (each complaint = 1)"
"MN0301","Chinatown-Two Bridges",FALSE,"in_season",21,"stations_in",1,3851534,18.04,18.04,1,"2025 entries"
"MN0301","Chinatown-Two Bridges",FALSE,"in_season",21,"stations_400",6,37201794,20.04,18.1,1,"2025 entries"
"MN0301","Chinatown-Two Bridges",FALSE,"in_season",21,"hotspots",2,13,14.19,15.8,1,"complaints in hot spot"
"MN0301","Chinatown-Two Bridges",FALSE,"in_season",21,"complaints",27,27,15.99,16.42,1,"none (each complaint = 1)"
"MN0301","Chinatown-Two Bridges",FALSE,"in_season",21,"complaints_evening",5,5,18.91,18.95,1,"none (each complaint = 1)"
"MN0203","West Village",FALSE,"off_season",14,"stations_in",2,15362408,4.16,3.82,0,"2025 entries"
"MN0203","West Village",FALSE,"off_season",14,"stations_400",7,48259330,3.69,3.92,0,"2025 entries"
"MN0203","West Village",FALSE,"off_season",14,"hotspots",2,52,4,3.64,0,"complaints in hot spot"
"MN0203","West Village",FALSE,"off_season",14,"complaints",60,60,2.5,2.55,0,"none (each complaint = 1)"
"MN0203","West Village",FALSE,"off_season",14,"complaints_evening",22,22,2.4,2.51,0,"none (each complaint = 1)"
"MN0203","West Village",FALSE,"off_season",18,"stations_in",2,15362408,4.33,4.07,0,"2025 entries"
"MN0203","West Village",FALSE,"off_season",18,"stations_400",7,48259330,7.12,6.03,0.44,"2025 entries"
"MN0203","West Village",FALSE,"off_season",18,"hotspots",2,52,4,4.09,0,"complaints in hot spot"
"MN0203","West Village",FALSE,"off_season",18,"complaints",60,60,4.78,5,0.22,"none (each complaint = 1)"
"MN0203","West Village",FALSE,"off_season",18,"complaints_evening",22,22,4.96,5.32,0.32,"none (each complaint = 1)"
"MN0203","West Village",FALSE,"off_season",21,"stations_in",2,15362408,10.69,11.49,1,"2025 entries"
"MN0203","West Village",FALSE,"off_season",21,"stations_400",7,48259330,9.42,9.49,1,"2025 entries"
"MN0203","West Village",FALSE,"off_season",21,"hotspots",2,52,10.58,9.91,0.88,"complaints in hot spot"
"MN0203","West Village",FALSE,"off_season",21,"complaints",60,60,10.08,9.04,0.78,"none (each complaint = 1)"
"MN0203","West Village",FALSE,"off_season",21,"complaints_evening",22,22,9.23,8.43,0.73,"none (each complaint = 1)"
"MN0203","West Village",FALSE,"in_season",14,"stations_in",2,15362408,4.16,3.82,0,"2025 entries"
"MN0203","West Village",FALSE,"in_season",14,"stations_400",7,48259330,3.69,3.92,0,"2025 entries"
"MN0203","West Village",FALSE,"in_season",14,"hotspots",2,52,4,3.64,0,"complaints in hot spot"
"MN0203","West Village",FALSE,"in_season",14,"complaints",60,60,2.5,2.55,0,"none (each complaint = 1)"
"MN0203","West Village",FALSE,"in_season",14,"complaints_evening",22,22,2.4,2.51,0,"none (each complaint = 1)"
"MN0203","West Village",FALSE,"in_season",18,"stations_in",2,15362408,4.16,3.82,0,"2025 entries"
"MN0203","West Village",FALSE,"in_season",18,"stations_400",7,48259330,3.97,4.14,0.04,"2025 entries"
"MN0203","West Village",FALSE,"in_season",18,"hotspots",2,52,4,3.64,0,"complaints in hot spot"
"MN0203","West Village",FALSE,"in_season",18,"complaints",60,60,2.7,2.65,0,"none (each complaint = 1)"
"MN0203","West Village",FALSE,"in_season",18,"complaints_evening",22,22,2.89,2.74,0,"none (each complaint = 1)"
"MN0203","West Village",FALSE,"in_season",21,"stations_in",2,15362408,10.69,11.49,1,"2025 entries"
"MN0203","West Village",FALSE,"in_season",21,"stations_400",7,48259330,9.42,9.49,1,"2025 entries"
"MN0203","West Village",FALSE,"in_season",21,"hotspots",2,52,10.58,9.91,0.88,"complaints in hot spot"
"MN0203","West Village",FALSE,"in_season",21,"complaints",60,60,10.08,9.04,0.78,"none (each complaint = 1)"
"MN0203","West Village",FALSE,"in_season",21,"complaints_evening",22,22,9.23,8.43,0.73,"none (each complaint = 1)"
"QN0402","Corona",FALSE,"off_season",14,"stations_in",1,5569769,0.34,0.34,0,"2025 entries"
"QN0402","Corona",FALSE,"off_season",14,"stations_400",3,15749222,4.95,4.68,0.43,"2025 entries"
"QN0402","Corona",FALSE,"off_season",14,"hotspots",4,37,2.17,2.1,0,"complaints in hot spot"
"QN0402","Corona",FALSE,"off_season",14,"complaints",54,54,3.17,3.41,0.06,"none (each complaint = 1)"
"QN0402","Corona",FALSE,"off_season",14,"complaints_evening",23,23,3.9,3.82,0.09,"none (each complaint = 1)"
"QN0402","Corona",FALSE,"off_season",18,"stations_in",1,5569769,0.34,0.34,0,"2025 entries"
"QN0402","Corona",FALSE,"off_season",18,"stations_400",3,15749222,8.12,5.6,0.65,"2025 entries"
"QN0402","Corona",FALSE,"off_season",18,"hotspots",4,37,3.8,4.96,0.38,"complaints in hot spot"
"QN0402","Corona",FALSE,"off_season",18,"complaints",54,54,8.33,7.85,0.52,"none (each complaint = 1)"
"QN0402","Corona",FALSE,"off_season",18,"complaints_evening",23,23,8.87,8.4,0.61,"none (each complaint = 1)"
"QN0402","Corona",FALSE,"off_season",21,"stations_in",1,5569769,23.4,23.4,1,"2025 entries"
"QN0402","Corona",FALSE,"off_season",21,"stations_400",3,15749222,23.4,23.37,1,"2025 entries"
"QN0402","Corona",FALSE,"off_season",21,"hotspots",4,37,25.03,23.79,1,"complaints in hot spot"
"QN0402","Corona",FALSE,"off_season",21,"complaints",54,54,25.01,25.39,1,"none (each complaint = 1)"
"QN0402","Corona",FALSE,"off_season",21,"complaints_evening",23,23,26.08,25.49,1,"none (each complaint = 1)"
"QN0402","Corona",FALSE,"in_season",14,"stations_in",1,5569769,0.34,0.34,0,"2025 entries"
"QN0402","Corona",FALSE,"in_season",14,"stations_400",3,15749222,4.95,4.68,0.43,"2025 entries"
"QN0402","Corona",FALSE,"in_season",14,"hotspots",4,37,2.17,2.1,0,"complaints in hot spot"
"QN0402","Corona",FALSE,"in_season",14,"complaints",54,54,3.17,3.41,0.06,"none (each complaint = 1)"
"QN0402","Corona",FALSE,"in_season",14,"complaints_evening",23,23,3.9,3.82,0.09,"none (each complaint = 1)"
"QN0402","Corona",FALSE,"in_season",18,"stations_in",1,5569769,0.34,0.34,0,"2025 entries"
"QN0402","Corona",FALSE,"in_season",18,"stations_400",3,15749222,4.95,4.68,0.43,"2025 entries"
"QN0402","Corona",FALSE,"in_season",18,"hotspots",4,37,2.17,2.1,0,"complaints in hot spot"
"QN0402","Corona",FALSE,"in_season",18,"complaints",54,54,3.17,3.41,0.06,"none (each complaint = 1)"
"QN0402","Corona",FALSE,"in_season",18,"complaints_evening",23,23,3.9,3.82,0.09,"none (each complaint = 1)"
"QN0402","Corona",FALSE,"in_season",21,"stations_in",1,5569769,23.4,23.4,1,"2025 entries"
"QN0402","Corona",FALSE,"in_season",21,"stations_400",3,15749222,23.4,23.37,1,"2025 entries"
"QN0402","Corona",FALSE,"in_season",21,"hotspots",4,37,25.03,23.79,1,"complaints in hot spot"
"QN0402","Corona",FALSE,"in_season",21,"complaints",54,54,25.01,25.39,1,"none (each complaint = 1)"
"QN0402","Corona",FALSE,"in_season",21,"complaints_evening",23,23,26.08,25.49,1,"none (each complaint = 1)"
"MN0102","Tribeca-Civic Center",FALSE,"off_season",14,"stations_in",6,31776719,4.1,3.96,0.14,"2025 entries"
"MN0102","Tribeca-Civic Center",FALSE,"off_season",14,"stations_400",10,70309524,4.27,3.41,0.06,"2025 entries"
"MN0102","Tribeca-Civic Center",FALSE,"off_season",14,"hotspots",4,42,6.29,5.43,0,"complaints in hot spot"
"MN0102","Tribeca-Civic Center",FALSE,"off_season",14,"complaints",58,58,5.57,4.88,0.16,"none (each complaint = 1)"
"MN0102","Tribeca-Civic Center",FALSE,"off_season",14,"complaints_evening",17,17,6.2,5.77,0.24,"none (each complaint = 1)"
"MN0102","Tribeca-Civic Center",FALSE,"off_season",18,"stations_in",6,31776719,4.1,4.11,0.14,"2025 entries"
"MN0102","Tribeca-Civic Center",FALSE,"off_season",18,"stations_400",10,70309524,4.5,4.41,0.25,"2025 entries"
"MN0102","Tribeca-Civic Center",FALSE,"off_season",18,"hotspots",4,42,10.53,8.06,0.62,"complaints in hot spot"
"MN0102","Tribeca-Civic Center",FALSE,"off_season",18,"complaints",58,58,6.89,7.21,0.5,"none (each complaint = 1)"
"MN0102","Tribeca-Civic Center",FALSE,"off_season",18,"complaints_evening",17,17,7.33,7.8,0.53,"none (each complaint = 1)"
"MN0102","Tribeca-Civic Center",FALSE,"off_season",21,"stations_in",6,31776719,10.38,10.81,0.95,"2025 entries"
"MN0102","Tribeca-Civic Center",FALSE,"off_season",21,"stations_400",10,70309524,10.38,10.63,0.98,"2025 entries"
"MN0102","Tribeca-Civic Center",FALSE,"off_season",21,"hotspots",4,42,11.58,10.63,0.88,"complaints in hot spot"
"MN0102","Tribeca-Civic Center",FALSE,"off_season",21,"complaints",58,58,10.87,10.34,0.83,"none (each complaint = 1)"
"MN0102","Tribeca-Civic Center",FALSE,"off_season",21,"complaints_evening",17,17,10.1,9.58,0.76,"none (each complaint = 1)"
"MN0102","Tribeca-Civic Center",FALSE,"in_season",14,"stations_in",6,31776719,4.1,3.96,0.14,"2025 entries"
"MN0102","Tribeca-Civic Center",FALSE,"in_season",14,"stations_400",10,70309524,4.27,3.41,0.06,"2025 entries"
"MN0102","Tribeca-Civic Center",FALSE,"in_season",14,"hotspots",4,42,6.29,5.43,0,"complaints in hot spot"
"MN0102","Tribeca-Civic Center",FALSE,"in_season",14,"complaints",58,58,5.57,4.88,0.16,"none (each complaint = 1)"
"MN0102","Tribeca-Civic Center",FALSE,"in_season",14,"complaints_evening",17,17,6.2,5.77,0.24,"none (each complaint = 1)"
"MN0102","Tribeca-Civic Center",FALSE,"in_season",18,"stations_in",6,31776719,4.1,3.96,0.14,"2025 entries"
"MN0102","Tribeca-Civic Center",FALSE,"in_season",18,"stations_400",10,70309524,4.27,3.41,0.06,"2025 entries"
"MN0102","Tribeca-Civic Center",FALSE,"in_season",18,"hotspots",4,42,6.29,5.43,0,"complaints in hot spot"
"MN0102","Tribeca-Civic Center",FALSE,"in_season",18,"complaints",58,58,5.57,4.88,0.16,"none (each complaint = 1)"
"MN0102","Tribeca-Civic Center",FALSE,"in_season",18,"complaints_evening",17,17,6.2,5.77,0.24,"none (each complaint = 1)"
"MN0102","Tribeca-Civic Center",FALSE,"in_season",21,"stations_in",6,31776719,10.38,10.81,0.95,"2025 entries"
"MN0102","Tribeca-Civic Center",FALSE,"in_season",21,"stations_400",10,70309524,10.38,10.63,0.98,"2025 entries"
"MN0102","Tribeca-Civic Center",FALSE,"in_season",21,"hotspots",4,42,11.58,10.63,0.88,"complaints in hot spot"
"MN0102","Tribeca-Civic Center",FALSE,"in_season",21,"complaints",58,58,10.87,10.34,0.83,"none (each complaint = 1)"
"MN0102","Tribeca-Civic Center",FALSE,"in_season",21,"complaints_evening",17,17,10.1,9.58,0.76,"none (each complaint = 1)"
"QN1403","Breezy Point-Belle Harbor-Rockaway Park-Broad Channel",FALSE,"off_season",14,"stations_in",3,234326,4.61,5.97,0.18,"2025 entries"
"QN1403","Breezy Point-Belle Harbor-Rockaway Park-Broad Channel",FALSE,"off_season",14,"stations_400",4,313177,4.85,5.75,0.14,"2025 entries"
"QN1403","Breezy Point-Belle Harbor-Rockaway Park-Broad Channel",FALSE,"off_season",14,"hotspots",2,12,36.3,22.87,0.58,"complaints in hot spot"
"QN1403","Breezy Point-Belle Harbor-Rockaway Park-Broad Channel",FALSE,"off_season",14,"complaints",17,17,15.06,19.15,0.53,"none (each complaint = 1)"
"QN1403","Breezy Point-Belle Harbor-Rockaway Park-Broad Channel",FALSE,"off_season",14,"complaints_evening",6,6,9.63,16.72,0.5,"none (each complaint = 1)"
"QN1403","Breezy Point-Belle Harbor-Rockaway Park-Broad Channel",FALSE,"off_season",18,"stations_in",3,234326,29.72,28.66,1,"2025 entries"
"QN1403","Breezy Point-Belle Harbor-Rockaway Park-Broad Channel",FALSE,"off_season",18,"stations_400",4,313177,24.78,24.35,1,"2025 entries"
"QN1403","Breezy Point-Belle Harbor-Rockaway Park-Broad Channel",FALSE,"off_season",18,"hotspots",2,12,65.44,49.8,1,"complaints in hot spot"
"QN1403","Breezy Point-Belle Harbor-Rockaway Park-Broad Channel",FALSE,"off_season",18,"complaints",17,17,45.56,46.61,1,"none (each complaint = 1)"
"QN1403","Breezy Point-Belle Harbor-Rockaway Park-Broad Channel",FALSE,"off_season",18,"complaints_evening",6,6,36.79,43.37,1,"none (each complaint = 1)"
"QN1403","Breezy Point-Belle Harbor-Rockaway Park-Broad Channel",FALSE,"off_season",21,"stations_in",3,234326,87.28,87.09,1,"2025 entries"
"QN1403","Breezy Point-Belle Harbor-Rockaway Park-Broad Channel",FALSE,"off_season",21,"stations_400",4,313177,85.34,86.15,1,"2025 entries"
"QN1403","Breezy Point-Belle Harbor-Rockaway Park-Broad Channel",FALSE,"off_season",21,"hotspots",2,12,65.44,75.35,1,"complaints in hot spot"
"QN1403","Breezy Point-Belle Harbor-Rockaway Park-Broad Channel",FALSE,"off_season",21,"complaints",17,17,76.53,77.21,1,"none (each complaint = 1)"
"QN1403","Breezy Point-Belle Harbor-Rockaway Park-Broad Channel",FALSE,"off_season",21,"complaints_evening",6,6,82.82,79.14,1,"none (each complaint = 1)"
"QN1403","Breezy Point-Belle Harbor-Rockaway Park-Broad Channel",FALSE,"in_season",14,"stations_in",3,234326,4.61,5.97,0.18,"2025 entries"
"QN1403","Breezy Point-Belle Harbor-Rockaway Park-Broad Channel",FALSE,"in_season",14,"stations_400",4,313177,4.85,5.75,0.14,"2025 entries"
"QN1403","Breezy Point-Belle Harbor-Rockaway Park-Broad Channel",FALSE,"in_season",14,"hotspots",2,12,36.3,22.87,0.58,"complaints in hot spot"
"QN1403","Breezy Point-Belle Harbor-Rockaway Park-Broad Channel",FALSE,"in_season",14,"complaints",17,17,15.06,19.15,0.53,"none (each complaint = 1)"
"QN1403","Breezy Point-Belle Harbor-Rockaway Park-Broad Channel",FALSE,"in_season",14,"complaints_evening",6,6,9.63,16.72,0.5,"none (each complaint = 1)"
"QN1403","Breezy Point-Belle Harbor-Rockaway Park-Broad Channel",FALSE,"in_season",18,"stations_in",3,234326,4.61,9.52,0.18,"2025 entries"
"QN1403","Breezy Point-Belle Harbor-Rockaway Park-Broad Channel",FALSE,"in_season",18,"stations_400",4,313177,4.85,8.4,0.14,"2025 entries"
"QN1403","Breezy Point-Belle Harbor-Rockaway Park-Broad Channel",FALSE,"in_season",18,"hotspots",2,12,36.3,22.87,0.58,"complaints in hot spot"
"QN1403","Breezy Point-Belle Harbor-Rockaway Park-Broad Channel",FALSE,"in_season",18,"complaints",17,17,15.06,19.15,0.53,"none (each complaint = 1)"
"QN1403","Breezy Point-Belle Harbor-Rockaway Park-Broad Channel",FALSE,"in_season",18,"complaints_evening",6,6,9.63,16.72,0.5,"none (each complaint = 1)"
"QN1403","Breezy Point-Belle Harbor-Rockaway Park-Broad Channel",FALSE,"in_season",21,"stations_in",3,234326,87.28,87.09,1,"2025 entries"
"QN1403","Breezy Point-Belle Harbor-Rockaway Park-Broad Channel",FALSE,"in_season",21,"stations_400",4,313177,85.34,86.15,1,"2025 entries"
"QN1403","Breezy Point-Belle Harbor-Rockaway Park-Broad Channel",FALSE,"in_season",21,"hotspots",2,12,65.44,75.35,1,"complaints in hot spot"
"QN1403","Breezy Point-Belle Harbor-Rockaway Park-Broad Channel",FALSE,"in_season",21,"complaints",17,17,76.53,77.21,1,"none (each complaint = 1)"
"QN1403","Breezy Point-Belle Harbor-Rockaway Park-Broad Channel",FALSE,"in_season",21,"complaints_evening",6,6,82.82,79.14,1,"none (each complaint = 1)"
"QN0203","Woodside",FALSE,"off_season",14,"stations_in",4,7826049,5.96,7.12,0.74,"2025 entries"
"QN0203","Woodside",FALSE,"off_season",14,"stations_400",6,23987595,5.14,6.48,0.24,"2025 entries"
"QN0203","Woodside",FALSE,"off_season",14,"hotspots",3,23,4.85,5.75,0.48,"complaints in hot spot"
"QN0203","Woodside",FALSE,"off_season",14,"complaints",47,47,5.01,5.24,0.34,"none (each complaint = 1)"
"QN0203","Woodside",FALSE,"off_season",14,"complaints_evening",23,23,7.18,5.89,0.57,"none (each complaint = 1)"
"QN0203","Woodside",FALSE,"off_season",18,"stations_in",4,7826049,43.41,45.33,1,"2025 entries"
"QN0203","Woodside",FALSE,"off_season",18,"stations_400",6,23987595,41.3,38.04,1,"2025 entries"
"QN0203","Woodside",FALSE,"off_season",18,"hotspots",3,23,43.15,40.65,1,"complaints in hot spot"
"QN0203","Woodside",FALSE,"off_season",18,"complaints",47,47,41.94,42.06,1,"none (each complaint = 1)"
"QN0203","Woodside",FALSE,"off_season",18,"complaints_evening",23,23,40.35,40.59,1,"none (each complaint = 1)"
"QN0203","Woodside",FALSE,"off_season",21,"stations_in",4,7826049,51.16,53.43,1,"2025 entries"
"QN0203","Woodside",FALSE,"off_season",21,"stations_400",6,23987595,51.16,48.14,1,"2025 entries"
"QN0203","Woodside",FALSE,"off_season",21,"hotspots",3,23,50.04,50.21,1,"complaints in hot spot"
"QN0203","Woodside",FALSE,"off_season",21,"complaints",47,47,52.21,53,1,"none (each complaint = 1)"
"QN0203","Woodside",FALSE,"off_season",21,"complaints_evening",23,23,48.98,51.05,1,"none (each complaint = 1)"
"QN0203","Woodside",FALSE,"in_season",14,"stations_in",4,7826049,5.96,7.12,0.74,"2025 entries"
"QN0203","Woodside",FALSE,"in_season",14,"stations_400",6,23987595,5.14,6.48,0.24,"2025 entries"
"QN0203","Woodside",FALSE,"in_season",14,"hotspots",3,23,4.85,5.75,0.48,"complaints in hot spot"
"QN0203","Woodside",FALSE,"in_season",14,"complaints",47,47,5.01,5.24,0.34,"none (each complaint = 1)"
"QN0203","Woodside",FALSE,"in_season",14,"complaints_evening",23,23,7.18,5.89,0.57,"none (each complaint = 1)"
"QN0203","Woodside",FALSE,"in_season",18,"stations_in",4,7826049,6.11,7.28,0.74,"2025 entries"
"QN0203","Woodside",FALSE,"in_season",18,"stations_400",6,23987595,6.01,6.63,0.24,"2025 entries"
"QN0203","Woodside",FALSE,"in_season",18,"hotspots",3,23,4.85,5.75,0.48,"complaints in hot spot"
"QN0203","Woodside",FALSE,"in_season",18,"complaints",47,47,5.45,5.42,0.38,"none (each complaint = 1)"
"QN0203","Woodside",FALSE,"in_season",18,"complaints_evening",23,23,7.18,5.95,0.57,"none (each complaint = 1)"
"QN0203","Woodside",FALSE,"in_season",21,"stations_in",4,7826049,51.16,53.43,1,"2025 entries"
"QN0203","Woodside",FALSE,"in_season",21,"stations_400",6,23987595,51.16,48.14,1,"2025 entries"
"QN0203","Woodside",FALSE,"in_season",21,"hotspots",3,23,50.04,50.21,1,"complaints in hot spot"
"QN0203","Woodside",FALSE,"in_season",21,"complaints",47,47,52.21,53,1,"none (each complaint = 1)"
"QN0203","Woodside",FALSE,"in_season",21,"complaints_evening",23,23,48.98,51.05,1,"none (each complaint = 1)"
"BK0401","Bushwick (West)",FALSE,"off_season",14,"stations_in",4,7801303,5.68,5.9,0,"2025 entries"
"BK0401","Bushwick (West)",FALSE,"off_season",14,"stations_400",10,22606269,5.56,5.43,0,"2025 entries"
"BK0401","Bushwick (West)",FALSE,"off_season",14,"hotspots",2,14,1.42,5.11,0.5,"complaints in hot spot"
"BK0401","Bushwick (West)",FALSE,"off_season",14,"complaints",51,51,5.22,5.21,0.27,"none (each complaint = 1)"
"BK0401","Bushwick (West)",FALSE,"off_season",14,"complaints_evening",27,27,6.63,6.13,0.44,"none (each complaint = 1)"
"BK0401","Bushwick (West)",FALSE,"off_season",18,"stations_in",4,7801303,44.81,45.23,1,"2025 entries"
"BK0401","Bushwick (West)",FALSE,"off_season",18,"stations_400",10,22606269,42.33,43.41,1,"2025 entries"
"BK0401","Bushwick (West)",FALSE,"off_season",18,"hotspots",2,14,40.81,41.78,1,"complaints in hot spot"
"BK0401","Bushwick (West)",FALSE,"off_season",18,"complaints",51,51,42.32,43.32,1,"none (each complaint = 1)"
"BK0401","Bushwick (West)",FALSE,"off_season",18,"complaints_evening",27,27,42.32,44.74,1,"none (each complaint = 1)"
"BK0401","Bushwick (West)",FALSE,"off_season",21,"stations_in",4,7801303,47.61,46.29,1,"2025 entries"
"BK0401","Bushwick (West)",FALSE,"off_season",21,"stations_400",10,22606269,47.61,47.37,1,"2025 entries"
"BK0401","Bushwick (West)",FALSE,"off_season",21,"hotspots",2,14,40.81,42.16,1,"complaints in hot spot"
"BK0401","Bushwick (West)",FALSE,"off_season",21,"complaints",51,51,44.76,45.72,1,"none (each complaint = 1)"
"BK0401","Bushwick (West)",FALSE,"off_season",21,"complaints_evening",27,27,44.76,46.5,1,"none (each complaint = 1)"
"BK0401","Bushwick (West)",FALSE,"in_season",14,"stations_in",4,7801303,5.68,5.9,0,"2025 entries"
"BK0401","Bushwick (West)",FALSE,"in_season",14,"stations_400",10,22606269,5.56,5.43,0,"2025 entries"
"BK0401","Bushwick (West)",FALSE,"in_season",14,"hotspots",2,14,1.42,5.11,0.5,"complaints in hot spot"
"BK0401","Bushwick (West)",FALSE,"in_season",14,"complaints",51,51,5.22,5.21,0.27,"none (each complaint = 1)"
"BK0401","Bushwick (West)",FALSE,"in_season",14,"complaints_evening",27,27,6.63,6.13,0.44,"none (each complaint = 1)"
"BK0401","Bushwick (West)",FALSE,"in_season",18,"stations_in",4,7801303,5.68,5.9,0,"2025 entries"
"BK0401","Bushwick (West)",FALSE,"in_season",18,"stations_400",10,22606269,5.56,5.6,0,"2025 entries"
"BK0401","Bushwick (West)",FALSE,"in_season",18,"hotspots",2,14,1.42,5.11,0.5,"complaints in hot spot"
"BK0401","Bushwick (West)",FALSE,"in_season",18,"complaints",51,51,5.48,5.5,0.27,"none (each complaint = 1)"
"BK0401","Bushwick (West)",FALSE,"in_season",18,"complaints_evening",27,27,6.63,6.26,0.44,"none (each complaint = 1)"
"BK0401","Bushwick (West)",FALSE,"in_season",21,"stations_in",4,7801303,47.61,46.29,1,"2025 entries"
"BK0401","Bushwick (West)",FALSE,"in_season",21,"stations_400",10,22606269,47.61,47.37,1,"2025 entries"
"BK0401","Bushwick (West)",FALSE,"in_season",21,"hotspots",2,14,40.81,42.16,1,"complaints in hot spot"
"BK0401","Bushwick (West)",FALSE,"in_season",21,"complaints",51,51,44.76,45.72,1,"none (each complaint = 1)"
"BK0401","Bushwick (West)",FALSE,"in_season",21,"complaints_evening",27,27,44.76,46.5,1,"none (each complaint = 1)"
"BK0204","Clinton Hill",FALSE,"off_season",14,"stations_in",3,4666418,4.8,3.65,0,"2025 entries"
"BK0204","Clinton Hill",FALSE,"off_season",14,"stations_400",5,7421589,4.76,3.42,0,"2025 entries"
"BK0204","Clinton Hill",FALSE,"off_season",14,"hotspots",2,10,0.61,2.47,0,"complaints in hot spot"
"BK0204","Clinton Hill",FALSE,"off_season",14,"complaints",22,22,3.12,2.75,0,"none (each complaint = 1)"
"BK0204","Clinton Hill",FALSE,"off_season",14,"complaints_evening",4,4,2.54,2.37,0,"none (each complaint = 1)"
"BK0204","Clinton Hill",FALSE,"off_season",18,"stations_in",3,4666418,14.14,16.12,1,"2025 entries"
"BK0204","Clinton Hill",FALSE,"off_season",18,"stations_400",5,7421589,14.14,14.57,0.81,"2025 entries"
"BK0204","Clinton Hill",FALSE,"off_season",18,"hotspots",2,10,14.51,14.57,1,"complaints in hot spot"
"BK0204","Clinton Hill",FALSE,"off_season",18,"complaints",22,22,15.1,16.29,1,"none (each complaint = 1)"
"BK0204","Clinton Hill",FALSE,"off_season",18,"complaints_evening",4,4,17.95,17.81,1,"none (each complaint = 1)"
"BK0204","Clinton Hill",FALSE,"off_season",21,"stations_in",3,4666418,40.31,41.58,1,"2025 entries"
"BK0204","Clinton Hill",FALSE,"off_season",21,"stations_400",5,7421589,40.31,41.29,1,"2025 entries"
"BK0204","Clinton Hill",FALSE,"off_season",21,"hotspots",2,10,39.9,41.85,1,"complaints in hot spot"
"BK0204","Clinton Hill",FALSE,"off_season",21,"complaints",22,22,40.87,39.69,1,"none (each complaint = 1)"
"BK0204","Clinton Hill",FALSE,"off_season",21,"complaints_evening",4,4,36.29,36.59,1,"none (each complaint = 1)"
"BK0204","Clinton Hill",FALSE,"in_season",14,"stations_in",3,4666418,4.8,3.65,0,"2025 entries"
"BK0204","Clinton Hill",FALSE,"in_season",14,"stations_400",5,7421589,4.76,3.42,0,"2025 entries"
"BK0204","Clinton Hill",FALSE,"in_season",14,"hotspots",2,10,0.61,2.47,0,"complaints in hot spot"
"BK0204","Clinton Hill",FALSE,"in_season",14,"complaints",22,22,3.12,2.75,0,"none (each complaint = 1)"
"BK0204","Clinton Hill",FALSE,"in_season",14,"complaints_evening",4,4,2.54,2.37,0,"none (each complaint = 1)"
"BK0204","Clinton Hill",FALSE,"in_season",18,"stations_in",3,4666418,4.8,3.65,0,"2025 entries"
"BK0204","Clinton Hill",FALSE,"in_season",18,"stations_400",5,7421589,4.76,3.83,0,"2025 entries"
"BK0204","Clinton Hill",FALSE,"in_season",18,"hotspots",2,10,0.61,2.47,0,"complaints in hot spot"
"BK0204","Clinton Hill",FALSE,"in_season",18,"complaints",22,22,3.26,2.8,0,"none (each complaint = 1)"
"BK0204","Clinton Hill",FALSE,"in_season",18,"complaints_evening",4,4,2.54,2.37,0,"none (each complaint = 1)"
"BK0204","Clinton Hill",FALSE,"in_season",21,"stations_in",3,4666418,40.31,41.58,1,"2025 entries"
"BK0204","Clinton Hill",FALSE,"in_season",21,"stations_400",5,7421589,40.31,41.29,1,"2025 entries"
"BK0204","Clinton Hill",FALSE,"in_season",21,"hotspots",2,10,39.9,41.85,1,"complaints in hot spot"
"BK0204","Clinton Hill",FALSE,"in_season",21,"complaints",22,22,40.87,39.69,1,"none (each complaint = 1)"
"BK0204","Clinton Hill",FALSE,"in_season",21,"complaints_evening",4,4,36.29,36.59,1,"none (each complaint = 1)"
"SI0101","St. George-New Brighton",FALSE,"off_season",14,"stations_in",0,0,NA,NA,NA,"2025 entries"
"SI0101","St. George-New Brighton",FALSE,"off_season",14,"stations_400",0,0,NA,NA,NA,"2025 entries"
"SI0101","St. George-New Brighton",FALSE,"off_season",14,"hotspots",0,0,NA,NA,NA,"complaints in hot spot"
"SI0101","St. George-New Brighton",FALSE,"off_season",14,"complaints",5,5,4.11,5.33,0.2,"none (each complaint = 1)"
"SI0101","St. George-New Brighton",FALSE,"off_season",14,"complaints_evening",2,2,7.19,7.19,0.5,"none (each complaint = 1)"
"SI0101","St. George-New Brighton",FALSE,"off_season",18,"stations_in",0,0,NA,NA,NA,"2025 entries"
"SI0101","St. George-New Brighton",FALSE,"off_season",18,"stations_400",0,0,NA,NA,NA,"2025 entries"
"SI0101","St. George-New Brighton",FALSE,"off_season",18,"hotspots",0,0,NA,NA,NA,"complaints in hot spot"
"SI0101","St. George-New Brighton",FALSE,"off_season",18,"complaints",5,5,4.11,7.52,0.2,"none (each complaint = 1)"
"SI0101","St. George-New Brighton",FALSE,"off_season",18,"complaints_evening",2,2,12.68,12.68,0.5,"none (each complaint = 1)"
"SI0101","St. George-New Brighton",FALSE,"off_season",21,"stations_in",0,0,NA,NA,NA,"2025 entries"
"SI0101","St. George-New Brighton",FALSE,"off_season",21,"stations_400",0,0,NA,NA,NA,"2025 entries"
"SI0101","St. George-New Brighton",FALSE,"off_season",21,"hotspots",0,0,NA,NA,NA,"complaints in hot spot"
"SI0101","St. George-New Brighton",FALSE,"off_season",21,"complaints",5,5,86.11,86.44,1,"none (each complaint = 1)"
"SI0101","St. George-New Brighton",FALSE,"off_season",21,"complaints_evening",2,2,86.97,86.97,1,"none (each complaint = 1)"
"SI0101","St. George-New Brighton",FALSE,"in_season",14,"stations_in",0,0,NA,NA,NA,"2025 entries"
"SI0101","St. George-New Brighton",FALSE,"in_season",14,"stations_400",0,0,NA,NA,NA,"2025 entries"
"SI0101","St. George-New Brighton",FALSE,"in_season",14,"hotspots",0,0,NA,NA,NA,"complaints in hot spot"
"SI0101","St. George-New Brighton",FALSE,"in_season",14,"complaints",5,5,4.11,5.33,0.2,"none (each complaint = 1)"
"SI0101","St. George-New Brighton",FALSE,"in_season",14,"complaints_evening",2,2,7.19,7.19,0.5,"none (each complaint = 1)"
"SI0101","St. George-New Brighton",FALSE,"in_season",18,"stations_in",0,0,NA,NA,NA,"2025 entries"
"SI0101","St. George-New Brighton",FALSE,"in_season",18,"stations_400",0,0,NA,NA,NA,"2025 entries"
"SI0101","St. George-New Brighton",FALSE,"in_season",18,"hotspots",0,0,NA,NA,NA,"complaints in hot spot"
"SI0101","St. George-New Brighton",FALSE,"in_season",18,"complaints",5,5,4.11,5.33,0.2,"none (each complaint = 1)"
"SI0101","St. George-New Brighton",FALSE,"in_season",18,"complaints_evening",2,2,7.19,7.19,0.5,"none (each complaint = 1)"
"SI0101","St. George-New Brighton",FALSE,"in_season",21,"stations_in",0,0,NA,NA,NA,"2025 entries"
"SI0101","St. George-New Brighton",FALSE,"in_season",21,"stations_400",0,0,NA,NA,NA,"2025 entries"
"SI0101","St. George-New Brighton",FALSE,"in_season",21,"hotspots",0,0,NA,NA,NA,"complaints in hot spot"
"SI0101","St. George-New Brighton",FALSE,"in_season",21,"complaints",5,5,86.11,86.44,1,"none (each complaint = 1)"
"SI0101","St. George-New Brighton",FALSE,"in_season",21,"complaints_evening",2,2,86.97,86.97,1,"none (each complaint = 1)"
"SI0102","Tompkinsville-Stapleton-Clifton-Fox Hills",FALSE,"off_season",14,"stations_in",0,0,NA,NA,NA,"2025 entries"
"SI0102","Tompkinsville-Stapleton-Clifton-Fox Hills",FALSE,"off_season",14,"stations_400",0,0,NA,NA,NA,"2025 entries"
"SI0102","Tompkinsville-Stapleton-Clifton-Fox Hills",FALSE,"off_season",14,"hotspots",0,0,NA,NA,NA,"complaints in hot spot"
"SI0102","Tompkinsville-Stapleton-Clifton-Fox Hills",FALSE,"off_season",14,"complaints",4,4,7.12,7.58,0.5,"none (each complaint = 1)"
"SI0102","Tompkinsville-Stapleton-Clifton-Fox Hills",FALSE,"off_season",14,"complaints_evening",2,2,6.23,6.23,0,"none (each complaint = 1)"
"SI0102","Tompkinsville-Stapleton-Clifton-Fox Hills",FALSE,"off_season",18,"stations_in",0,0,NA,NA,NA,"2025 entries"
"SI0102","Tompkinsville-Stapleton-Clifton-Fox Hills",FALSE,"off_season",18,"stations_400",0,0,NA,NA,NA,"2025 entries"
"SI0102","Tompkinsville-Stapleton-Clifton-Fox Hills",FALSE,"off_season",18,"hotspots",0,0,NA,NA,NA,"complaints in hot spot"
"SI0102","Tompkinsville-Stapleton-Clifton-Fox Hills",FALSE,"off_season",18,"complaints",4,4,7.12,7.58,0.5,"none (each complaint = 1)"
"SI0102","Tompkinsville-Stapleton-Clifton-Fox Hills",FALSE,"off_season",18,"complaints_evening",2,2,6.23,6.23,0,"none (each complaint = 1)"
"SI0102","Tompkinsville-Stapleton-Clifton-Fox Hills",FALSE,"off_season",21,"stations_in",0,0,NA,NA,NA,"2025 entries"
"SI0102","Tompkinsville-Stapleton-Clifton-Fox Hills",FALSE,"off_season",21,"stations_400",0,0,NA,NA,NA,"2025 entries"
"SI0102","Tompkinsville-Stapleton-Clifton-Fox Hills",FALSE,"off_season",21,"hotspots",0,0,NA,NA,NA,"complaints in hot spot"
"SI0102","Tompkinsville-Stapleton-Clifton-Fox Hills",FALSE,"off_season",21,"complaints",4,4,71.34,70,1,"none (each complaint = 1)"
"SI0102","Tompkinsville-Stapleton-Clifton-Fox Hills",FALSE,"off_season",21,"complaints_evening",2,2,68.67,68.67,1,"none (each complaint = 1)"
"SI0102","Tompkinsville-Stapleton-Clifton-Fox Hills",FALSE,"in_season",14,"stations_in",0,0,NA,NA,NA,"2025 entries"
"SI0102","Tompkinsville-Stapleton-Clifton-Fox Hills",FALSE,"in_season",14,"stations_400",0,0,NA,NA,NA,"2025 entries"
"SI0102","Tompkinsville-Stapleton-Clifton-Fox Hills",FALSE,"in_season",14,"hotspots",0,0,NA,NA,NA,"complaints in hot spot"
"SI0102","Tompkinsville-Stapleton-Clifton-Fox Hills",FALSE,"in_season",14,"complaints",4,4,7.12,7.58,0.5,"none (each complaint = 1)"
"SI0102","Tompkinsville-Stapleton-Clifton-Fox Hills",FALSE,"in_season",14,"complaints_evening",2,2,6.23,6.23,0,"none (each complaint = 1)"
"SI0102","Tompkinsville-Stapleton-Clifton-Fox Hills",FALSE,"in_season",18,"stations_in",0,0,NA,NA,NA,"2025 entries"
"SI0102","Tompkinsville-Stapleton-Clifton-Fox Hills",FALSE,"in_season",18,"stations_400",0,0,NA,NA,NA,"2025 entries"
"SI0102","Tompkinsville-Stapleton-Clifton-Fox Hills",FALSE,"in_season",18,"hotspots",0,0,NA,NA,NA,"complaints in hot spot"
"SI0102","Tompkinsville-Stapleton-Clifton-Fox Hills",FALSE,"in_season",18,"complaints",4,4,7.12,7.58,0.5,"none (each complaint = 1)"
"SI0102","Tompkinsville-Stapleton-Clifton-Fox Hills",FALSE,"in_season",18,"complaints_evening",2,2,6.23,6.23,0,"none (each complaint = 1)"
"SI0102","Tompkinsville-Stapleton-Clifton-Fox Hills",FALSE,"in_season",21,"stations_in",0,0,NA,NA,NA,"2025 entries"
"SI0102","Tompkinsville-Stapleton-Clifton-Fox Hills",FALSE,"in_season",21,"stations_400",0,0,NA,NA,NA,"2025 entries"
"SI0102","Tompkinsville-Stapleton-Clifton-Fox Hills",FALSE,"in_season",21,"hotspots",0,0,NA,NA,NA,"complaints in hot spot"
"SI0102","Tompkinsville-Stapleton-Clifton-Fox Hills",FALSE,"in_season",21,"complaints",4,4,71.34,70,1,"none (each complaint = 1)"
"SI0102","Tompkinsville-Stapleton-Clifton-Fox Hills",FALSE,"in_season",21,"complaints_evening",2,2,68.67,68.67,1,"none (each complaint = 1)"
"BK0701","Windsor Terrace-South Slope",FALSE,"off_season",14,"stations_in",2,2911984,3.4,3.44,0,"2025 entries"
"BK0701","Windsor Terrace-South Slope",FALSE,"off_season",14,"stations_400",4,6587197,4.48,4.27,0.22,"2025 entries"
"BK0701","Windsor Terrace-South Slope",FALSE,"off_season",14,"hotspots",1,4,7.66,7.66,1,"complaints in hot spot"
"BK0701","Windsor Terrace-South Slope",FALSE,"off_season",14,"complaints",14,14,7.5,6.13,0.57,"none (each complaint = 1)"
"BK0701","Windsor Terrace-South Slope",FALSE,"off_season",14,"complaints_evening",4,4,7.01,6.96,0.5,"none (each complaint = 1)"
"BK0701","Windsor Terrace-South Slope",FALSE,"off_season",18,"stations_in",2,2911984,12.13,12.22,0.51,"2025 entries"
"BK0701","Windsor Terrace-South Slope",FALSE,"off_season",18,"stations_400",4,6587197,16.72,17.24,0.78,"2025 entries"
"BK0701","Windsor Terrace-South Slope",FALSE,"off_season",18,"hotspots",1,4,29.7,29.7,1,"complaints in hot spot"
"BK0701","Windsor Terrace-South Slope",FALSE,"off_season",18,"complaints",14,14,15.74,18.55,0.86,"none (each complaint = 1)"
"BK0701","Windsor Terrace-South Slope",FALSE,"off_season",18,"complaints_evening",4,4,14.3,15.59,1,"none (each complaint = 1)"
"BK0701","Windsor Terrace-South Slope",FALSE,"off_season",21,"stations_in",2,2911984,12.13,12.22,0.51,"2025 entries"
"BK0701","Windsor Terrace-South Slope",FALSE,"off_season",21,"stations_400",4,6587197,16.72,18.22,0.78,"2025 entries"
"BK0701","Windsor Terrace-South Slope",FALSE,"off_season",21,"hotspots",1,4,34.37,34.37,1,"complaints in hot spot"
"BK0701","Windsor Terrace-South Slope",FALSE,"off_season",21,"complaints",14,14,16.32,20.34,0.86,"none (each complaint = 1)"
"BK0701","Windsor Terrace-South Slope",FALSE,"off_season",21,"complaints_evening",4,4,14.99,17.17,1,"none (each complaint = 1)"
"BK0701","Windsor Terrace-South Slope",FALSE,"in_season",14,"stations_in",2,2911984,3.4,3.44,0,"2025 entries"
"BK0701","Windsor Terrace-South Slope",FALSE,"in_season",14,"stations_400",4,6587197,4.48,4.27,0.22,"2025 entries"
"BK0701","Windsor Terrace-South Slope",FALSE,"in_season",14,"hotspots",1,4,7.66,7.66,1,"complaints in hot spot"
"BK0701","Windsor Terrace-South Slope",FALSE,"in_season",14,"complaints",14,14,7.5,6.13,0.57,"none (each complaint = 1)"
"BK0701","Windsor Terrace-South Slope",FALSE,"in_season",14,"complaints_evening",4,4,7.01,6.96,0.5,"none (each complaint = 1)"
"BK0701","Windsor Terrace-South Slope",FALSE,"in_season",18,"stations_in",2,2911984,3.4,3.44,0,"2025 entries"
"BK0701","Windsor Terrace-South Slope",FALSE,"in_season",18,"stations_400",4,6587197,4.48,4.27,0.22,"2025 entries"
"BK0701","Windsor Terrace-South Slope",FALSE,"in_season",18,"hotspots",1,4,7.66,7.66,1,"complaints in hot spot"
"BK0701","Windsor Terrace-South Slope",FALSE,"in_season",18,"complaints",14,14,7.5,6.13,0.57,"none (each complaint = 1)"
"BK0701","Windsor Terrace-South Slope",FALSE,"in_season",18,"complaints_evening",4,4,7.01,6.96,0.5,"none (each complaint = 1)"
"BK0701","Windsor Terrace-South Slope",FALSE,"in_season",21,"stations_in",2,2911984,12.13,12.22,0.51,"2025 entries"
"BK0701","Windsor Terrace-South Slope",FALSE,"in_season",21,"stations_400",4,6587197,16.72,18.22,0.78,"2025 entries"
"BK0701","Windsor Terrace-South Slope",FALSE,"in_season",21,"hotspots",1,4,34.37,34.37,1,"complaints in hot spot"
"BK0701","Windsor Terrace-South Slope",FALSE,"in_season",21,"complaints",14,14,16.32,20.34,0.86,"none (each complaint = 1)"
"BK0701","Windsor Terrace-South Slope",FALSE,"in_season",21,"complaints_evening",4,4,14.99,17.17,1,"none (each complaint = 1)"
"BX0102","Melrose",FALSE,"off_season",14,"stations_in",3,6760590,3.74,4.49,0,"2025 entries"
"BX0102","Melrose",FALSE,"off_season",14,"stations_400",5,10382993,3.74,4.1,0,"2025 entries"
"BX0102","Melrose",FALSE,"off_season",14,"hotspots",1,7,5.16,5.16,0,"complaints in hot spot"
"BX0102","Melrose",FALSE,"off_season",14,"complaints",16,16,5.24,4.61,0,"none (each complaint = 1)"
"BX0102","Melrose",FALSE,"off_season",14,"complaints_evening",8,8,5.36,4.53,0,"none (each complaint = 1)"
"BX0102","Melrose",FALSE,"off_season",18,"stations_in",3,6760590,18.03,13.38,1,"2025 entries"
"BX0102","Melrose",FALSE,"off_season",18,"stations_400",5,10382993,18.03,13.79,1,"2025 entries"
"BX0102","Melrose",FALSE,"off_season",18,"hotspots",1,7,14.85,14.85,1,"complaints in hot spot"
"BX0102","Melrose",FALSE,"off_season",18,"complaints",16,16,13.97,13.59,1,"none (each complaint = 1)"
"BX0102","Melrose",FALSE,"off_season",18,"complaints_evening",8,8,15.44,15.63,1,"none (each complaint = 1)"
"BX0102","Melrose",FALSE,"off_season",21,"stations_in",3,6760590,35.63,35.36,1,"2025 entries"
"BX0102","Melrose",FALSE,"off_season",21,"stations_400",5,10382993,35.63,35.37,1,"2025 entries"
"BX0102","Melrose",FALSE,"off_season",21,"hotspots",1,7,35.76,35.76,1,"complaints in hot spot"
"BX0102","Melrose",FALSE,"off_season",21,"complaints",16,16,35.52,35.38,1,"none (each complaint = 1)"
"BX0102","Melrose",FALSE,"off_season",21,"complaints_evening",8,8,35.85,35.81,1,"none (each complaint = 1)"
"BX0102","Melrose",FALSE,"in_season",14,"stations_in",3,6760590,3.74,4.49,0,"2025 entries"
"BX0102","Melrose",FALSE,"in_season",14,"stations_400",5,10382993,3.74,4.1,0,"2025 entries"
"BX0102","Melrose",FALSE,"in_season",14,"hotspots",1,7,5.16,5.16,0,"complaints in hot spot"
"BX0102","Melrose",FALSE,"in_season",14,"complaints",16,16,5.24,4.61,0,"none (each complaint = 1)"
"BX0102","Melrose",FALSE,"in_season",14,"complaints_evening",8,8,5.36,4.53,0,"none (each complaint = 1)"
"BX0102","Melrose",FALSE,"in_season",18,"stations_in",3,6760590,4.26,4.59,0,"2025 entries"
"BX0102","Melrose",FALSE,"in_season",18,"stations_400",5,10382993,4.26,4.17,0,"2025 entries"
"BX0102","Melrose",FALSE,"in_season",18,"hotspots",1,7,5.16,5.16,0,"complaints in hot spot"
"BX0102","Melrose",FALSE,"in_season",18,"complaints",16,16,5.24,4.61,0,"none (each complaint = 1)"
"BX0102","Melrose",FALSE,"in_season",18,"complaints_evening",8,8,5.36,4.53,0,"none (each complaint = 1)"
"BX0102","Melrose",FALSE,"in_season",21,"stations_in",3,6760590,35.63,35.36,1,"2025 entries"
"BX0102","Melrose",FALSE,"in_season",21,"stations_400",5,10382993,35.63,35.37,1,"2025 entries"
"BX0102","Melrose",FALSE,"in_season",21,"hotspots",1,7,35.76,35.76,1,"complaints in hot spot"
"BX0102","Melrose",FALSE,"in_season",21,"complaints",16,16,35.52,35.38,1,"none (each complaint = 1)"
"BX0102","Melrose",FALSE,"in_season",21,"complaints_evening",8,8,35.85,35.81,1,"none (each complaint = 1)"
