"key","value","display_string","unit","source_script","note"
"model_oos_spearman","0.788415","0.788","Spearman rho (mean)","R/50_tree_vs_regression.R","mean over 200 splits, seed 6093"
"benchmark_oos_spearman","0.703112","0.703","Spearman rho (mean)","R/50_tree_vs_regression.R","subway ridership alone, same splits"
"model_beats_benchmark_share","0.955","96%","share of splits","R/50_tree_vs_regression.R","191 of 200 splits. Canonical wording: '96% of 200 splits'"
"n_oos_splits","200","200","splits","R/50_tree_vs_regression.R","random 70/30 train/test splits"
"tree_oos_spearman","0.720048","0.720","Spearman rho (mean)","R/50_tree_vs_regression.R","unpruned decision tree"
"tree_beats_benchmark_share","0.61","61%","share of splits","R/50_tree_vs_regression.R",""
"regression_beats_tree_share","0.9","90%","share of splits","R/50_tree_vs_regression.R",""
"model_seed_range","0.784108; 0.790686","0.784–0.791","Spearman rho range","R/A3_seed_stability.R","six seeds x 200 splits; benchmark 0.697–0.705; wins 94%–96%"
"model_oos_spearman_20_regression","0.785685","0.786","Spearman rho (mean)","R/20_regression.R / A3 seed 6093","NOT canonical: same model, different splits. Quote only when explaining 20_regression.R output"
"benchmark_fullsample_spearman","0.707096","0.707","Spearman rho","R/11_benchmark.R -> model_nta_benchmark_20260920.csv","all 197, no split; subway ridership"
"oneliner_unserved_fullsample_spearman","0.488833","0.489","Spearman rho","R/11_benchmark.R -> model_nta_benchmark_20260920.csv","ridership at stations with no restroom within 400 m"
"n_neighbourhoods_modelled","197","197","NTAs","R/20_regression.R","residential NTAs (ntatype 0)"
"ntas_ratio_ge_1_5","29","29","NTAs","R/20_regression.R -> model_nta_scored","observed/predicted >= 1.5"
"max_ratio","3.84776","3.85","ratio","R/20_regression.R","Brighton Beach"
"brighton_beach_expected_ratio","6.2374; 3.84776","24 observed, 6.2 expected, 3.85×","count / ratio","R/20_regression.R","worked example on the site. Ratio is 3.8478: at one decimal it is 3.8×, NOT 3.9× (3.9 comes from rounding the rounded 3.85). Prefer two decimals"
"east_harlem_ratio","2.99565","3.00","ratio","R/20_regression.R","99 observed, 33.0 expected, 7 restrooms"
"null_nb_mean_ntas_ge_1_5","33.774","33.8","NTAs (mean of 500 sims)","R/A1_noise_floor.R","NB null (areas do differ by the estimated spread)"
"posterior_gt_0_95_n","6","6","NTAs","R/A6_empirical_bayes.R","P(true relative risk > 1.5) > 0.95: East Harlem (North); Astoria (East)-Woodside (North); East Elmhurst; Williamsbridge-Olinville; Brighton Beach; Midtown-Times Square"
"posterior_gt_0_95_names","East Harlem (North); Astoria (East)-Woodside (North); East Elmhurst; Williamsbridge-Olinville; Brighton Beach; Midtown-Times Square","East Harlem (North); Astoria (East)-Woodside (North); East Elmhurst; Williamsbridge-Olinville; Brighton Beach; Midtown-Times Square","names","R/A6_empirical_bayes.R","ordered by posterior probability"
"posterior_near_miss","East Flatbush-Rugby; 0.948","East Flatbush-Rugby 0.948","posterior probability","R/A6_empirical_bayes.R","first area below 0.95"
"posterior_loo_survivors","7","7 of 7","NTAs","R/A6_empirical_bayes.R","top 7 re-scored leave-one-out (model and prior refit)"
"restrooms_register_total","1066","1,066","facilities","data_raw/nycrestrooms_i7jb-7jku","all rows on the register"
"restrooms_operational","975","975","facilities","data_raw/nycrestrooms_i7jb-7jku","status == Operational. The Council dashboard's 973 is an EXTERNAL figure (see external)"
"restrooms_operational_year_round","843","843","facilities","data_raw/nycrestrooms_i7jb-7jku","Operational & open == Year Round"
"restrooms_operational_seasonal","132","132","facilities","data_raw/nycrestrooms_i7jb-7jku","operational but seasonal"
"restrooms_not_operational","91","91","facilities","data_raw/nycrestrooms_i7jb-7jku","register minus operational"
"hours_placeholder_year_round","525","525","facilities","R/80_corrections.R §3","62.3% of year-round operational carry the placeholder string"
"hours_genuine_year_round","318","318","facilities","R/80_corrections.R §3","year-round operational with real hours. NB outputs/hub_open_access.json reports 316 'parsed_explicit' on a different base (all 975 operational, placeholder AND unparseable excluded)"
"open_24h","8","8","facilities","R/80_corrections.R §4","our register, derived. The earlier published 9 counted an NA; the Council dashboard's '8 open 24/7' is an external figure that happens to agree"
"open_after_11pm_saturday","20","20","facilities","R/80_corrections.R §4","close after 23:00 on Saturday (day 7). 35 close at or after 23:00; earlier published 21"
"outcome_raw_urination","7926","7,926","complaints","data_raw/nyc311_urination_*","Urinating in Public, 2020-2026"
"outcome_public_places","4706","4,706","complaints","notes/outcome_count_reconciliation.md","public location types"
"outcome_dedup_coords","3629","3,629","complaints","notes/outcome_count_reconciliation.md","one per address-month, coords required (citywide)"
"outcome_modelled","3556","3,556","complaints","R/20_regression.R","inside the 197 residential NTAs"
"top1pct_address_share","0.223119","22.3%","share of complaints","data_raw/nyc311_urination_*","top 31 of 3,019 addresses (ceiling of 1%), public-place complaints before dedup"
"east_harlem_dedup","223; 384","223 of 384","complaints","data_raw/nyc311_urination_*","community board 11 Manhattan, raw public-place counts; five addresses: 226 EAST  122 STREET | 227 EAST  122 STREET | 225 EAST  122 STREET | 224 EAST  122 STREET | 216 EAST  122 STREET"
"parks_fail_2024","0.0847914","8.5%","share of rated inspections","R/A8_condition_trend.R","Jan-Jun matched window"
"parks_fail_2026","0.200577","20.1%","share of rated inspections","R/A8_condition_trend.R","Jan-Jun matched window (data end 28 Jun 2026)"
"parks_fail_fe_2026_vs_2024","0.113548","+11.4 pp","percentage points","R/A8_condition_trend.R","facility fixed effects, SE 2.0 pp clustered by facility, p = 1.5e-08"
"parks_acceptable_2024_2026","0.712788; 0.568205","71.3% -> 56.8%","share of all inspections","R/A8_condition_trend.R","open AND acceptable"
"parks_inspections_n","31768","31,768","inspections","R/A8_condition_trend.R",""
"build_new_median","4000000","$4.0M","USD","R/A7_repair_vs_build.R","n=68 capital-tracker projects; also shown as $4,000,000"
"reconstruct_median","1656500","$1.66M","USD","R/A7_repair_vs_build.R","n=108; also $1,656,500"
"component_median","357000","$357,000","USD","R/A7_repair_vs_build.R","n=5 only — too thin to price a programme"
"pooled_project_median","2331000","$2,331,000","USD","R/A2_cost_bands.R","all 191 restroom projects, banded rows valued at band midpoint"
"programme_capex_total","24052000","$24.1M","USD","R/60_cost_layer.R -> model_nta_interventions","cheapest fix per shortlisted NTA; hours counted as $0 CAPITAL (see hours_extension_*)"
"intervention_mix","Build new / modular unit=9; Extend operating hours=10; Monitor / already served=2; Reconstruct or repair=8","Build new / modular unit 9; Extend operating hours 10; Monitor / already served 2; Reconstruct or repair 8","NTAs","R/60_cost_layer.R",""
"unit_in_all_shortlist","34800000","$34.8M","USD","R/60_cost_layer.R","29 x $1,200,000 modular — $1.2M = NYC Parks pilot budget per unit (see modular_unit_cost_in_code)"
"modular_unit_cost_in_code","1200000","$1.2M","USD","R/60_cost_layer.R, R/61_cost_annualised.R","SOURCED 2026-09-23: NYC Parks' $6M five-unit Portland Loo pilot = $1.2M/unit budgeted (reported outturn ~$1.0M/site: $185k unit + ~$815k utilities/site work). See external.modular_portland_loo. Compare modular_pilot_implied_per_unit_year (service contract, not capital)"
"shortlist_annual_cost_total","2127670","$2.13M","USD per year","R/61_cost_annualised.R -> model_shortlist_costed","modular + reconstruction annualised over 20 yr at the central rate; hours at the labelled wage assumption"
"discount_rate_programme","0.03","3%","rate","R/61_cost_annualised.R","central rate used everywhere (61 shortlist costing, 94 break-even, A2 corrected median); sensitivity 2%/5% in 94"
"discount_rate_breakeven","0.03","3%","rate","R/94_breakeven.R (A <- crf(MED,20,r))","central break-even rate; must equal discount_rate_programme"
"breakeven_annual_cost","104789","$104,789","USD per year","R/94_breakeven.R","numeric-only median project, 20 yr @ 3%"
"pooled_median_annualised","156680","$156,680","USD per year","R/A2_cost_bands.R","pooled_project_median over 20 yr @ 3%"
"pooled_cost_per_use_200day","2.1463","$2.15","USD per use","derived here from pooled_median_annualised","at 200 uses/day = 73,000/yr (94's per-use grid)"
"hours_extension_areas","10","10","NTAs","R/C1_trial_power.R","shortlisted areas whose fix is 'Extend operating hours'"
"hours_extension_facilities","51","51","facilities","R/C1_trial_power.R","restrooms inside those areas (post geography fix; the site's 44 came from a stale investment table)"
"hours_extension_annual","2606100","$2.6M","USD per year","R/C1_trial_power.R / R/61_cost_annualised.R","51 facilities x 4 h x 365 x $35/h (wage and hours are labelled ASSUMPTIONS in 61). The site shows hours as $0 CAPITAL; this is the recurring cost"
"hours_extension_trial_10mo","2171750","$2.2M","USD","R/C1_trial_power.R","10-month staggered trial"
"hours_extension_10yr_undiscounted","26061000","$26.1M","USD","derived here from hours_extension_annual","10 years, no discounting"
"hours_extension_10yr_pv","22230600","$22.2M","USD","derived here from hours_extension_annual","present value, 10 years at 3% (61's rate)"
"trial_mde_summons","0.374872","37%","smallest detectable change","R/C1_trial_power.R","1,301 deduped summonses over 3.5 yr in the trial areas, 80% power, 5% two-sided"
"trial_mde_311_all","1.56462","156%","smallest detectable change","R/C1_trial_power.R","311, all channels"
"trial_mde_311_phone","4.32626","433%","smallest detectable change","R/C1_trial_power.R","311, phone only"
"ll58_gap","1145","1,145","facilities","external ll58_target - restrooms_operational","2,120 - 975. Using the Council's 973 gives 1,147 — do not mix"
"modular_pilot_implied_per_unit_year","235294","$235k","USD per unit-year","external pilot","$4M / 17 units / 1 year. A SERVICE CONTRACT (units + cleaning + maintenance), not capital — not directly comparable with the $1.2M capital assumption"
"ddc_per_building","3860000","$3.86M","USD","external ddc_build","corroborates build_new_median"
"nyc_population_acs","8483840","8,483,844","residents","data_raw/census_acs5_2024_tract","ACS 5-yr 2024, sum of tracts"
"restrooms_per_100k_now","11.4924","11.5","per 100k residents","restrooms_operational / nyc_population_acs",""
"restrooms_per_100k_target","24.9887","25.0","per 100k residents","external ll58_target / nyc_population_acs","at today's population"
"hub_top50_walk_min_wed_14","3.7","3.7 min","minutes (straight line, lower bound)","R/C2_hub_open_access.R","top-50 hubs, entry-weighted, Wednesday, off-season placeholder close 16:00; 4 of 50 with none open within 500 m"
"hub_top50_walk_min_wed_18","6.2","6.2 min","minutes (straight line, lower bound)","R/C2_hub_open_access.R","top-50 hubs, entry-weighted, Wednesday, off-season placeholder close 16:00; 21 of 50 with none open within 500 m"
"hub_top50_walk_min_wed_21","13.7","13.7 min","minutes (straight line, lower bound)","R/C2_hub_open_access.R","top-50 hubs, entry-weighted, Wednesday, off-season placeholder close 16:00; 43 of 50 with none open within 500 m"
"pilot_cost_per_planned_open_hour","42.9761","$42.98","USD per planned unit-open hour","external pilot","$4M / (17 units x 15 h x 365). PLANNED hours: the metric we recommend divides by VERIFIED open hours"
"cheapest_per_excess_first","East Harlem (North); Extend operating hours; 775","East Harlem (North), Extend operating hours, $775 per excess complaint a year","USD per excess complaint per year","R/61_cost_annualised.R -> model_shortlist_costed","lowest annual cost per excess complaint in the shortlist"
"first_repair_rank","7","7","rank","R/61_cost_annualised.R","rank of the first reconstruction in cost per excess complaint"
"hours_cost_per_area_year","51100","$51,100","USD per year","R/61_cost_annualised.R (cost_of)","61 prices 'extend hours' as ONE extra attendant per AREA, not per restroom"
"cheapest_per_excess_if_hours_per_restroom","Astoria (East)-Woodside (North); Build new / modular unit; 2195","Astoria (East)-Woodside (North), Build new / modular unit, $2,195 per excess complaint a year","USD per excess complaint per year","derived here from model_shortlist_costed","hours priced per restroom; East Harlem (North) then ranks 9"
"east_harlem_rank_if_hours_per_restroom","9","9","rank","derived here from model_shortlist_costed",""
"hours_flip_wage","100","$100/h","USD per staffed hour","R/61_cost_annualised.R (w_flip)","hourly staffing cost at which extending hours stops being the cheapest option (searched in $5 steps)"
"hours_wage_assumption","35","$35/h","USD per staffed hour","R/61_cost_annualised.R (WAGE)","ASSUMPTION, loaded attendant wage"
"hours_extra_per_day","4","4","hours/day","R/61_cost_annualised.R (EXTRA_H)","ASSUMPTION"
"pip_long_term_closed","80; 46; 736","80 of 736 (46 for repairs)","comfort stations","data_raw/pipRestrooms_9byw-znpj","PIP long-term closure flag (undated, current state)"
"capital_median_years","5.24572","5.2 years","years design start -> construction complete","R/A7_repair_vs_build.R (ct)","median over 119 completed restroom projects in the capital tracker"
"restrooms_in_parks","824","824 of 1,066","facilities","data_raw/nycrestrooms_i7jb-7jku","location_type == Park, all statuses"
"open_24h_names","Grand Central Parkway Gas; Grand Central Parkway Gas; Shore Parkway Gas Station; Cunningham Gas Station; Hutchinson River Parkway Gas; Major Deegan No. Gas Station; Major Deegan So. Gas Station; Hutchinson River Prkwy Snack","Grand Central Parkway Gas; Grand Central Parkway Gas; Shore Parkway Gas Station; Cunningham Gas Station; Hutchinson River Parkway Gas; Major Deegan No. Gas Station; Major Deegan So. Gas Station; Hutchinson River Prkwy Snack","names","R/80_corrections.R §4 logic","the 8 '24-hour' facilities — parkway gas stations and a snack bar, not walk-in public toilets"
"complaints_peak_hour","18","18:00","hour of day","R/70_audit_checks.R","de-duplicated series; 311 filing time"
"complaints_evening_share","0.29898","30%","share filed 18:00-23:59","R/70_audit_checks.R","de-duplicated series"
"coverage_3pm","0.240167","24%","mean share of NTA land within 5 min of an open restroom","R/B1_small_maps.R","genuine-hours facilities only (placeholder hours excluded)"
"coverage_9pm","0.0346874","3.5%","mean share of NTA land within 5 min of an open restroom","R/B1_small_maps.R","genuine-hours facilities only (placeholder hours excluded)"
"channel_online_cor","0.311225","0.31","Pearson r across community boards","R/A4_reporting_channel.R","de-duplicated complaints vs share filed online"
"phone_rank_east_harlem","41","41st","rank of 197 on phone-only reports","R/70_audit_checks.R","East Harlem (North)"
"phone_rank_astoria","121","121st","rank of 197 on phone-only reports","R/70_audit_checks.R","Astoria (East)-Woodside (North)"
"phone_rank_williamsbridge","50","50th","rank of 197 on phone-only reports","R/70_audit_checks.R","Williamsbridge-Olinville"
"summons_alcohol_cor","0.95085","0.95","Spearman across NTAs","R/91_rebuild_outcome.R","urination summonses vs alcohol summonses: tracks enforcement"
"winter_irr_main","0.62408","0.624","IRR","R/93_winterization.R","urination summonses, seasonal x winter"
"winter_irr_placebo","0.699162","0.699","IRR","R/93_winterization.R","alcohol summonses (placebo)"
"inspectors_both_years","7","7","inspectors","R/A8_condition_trend.R","rated comfort stations in both 2024 and 2026"
"inspector_litter_2024_2026","0.0164534; 0.0114286","0.016 -> 0.011","fail share","R/A8_condition_trend.R","same seven inspectors"
"inspector_structural_2024_2026","0.0440882; 0.209503","0.044 -> 0.210","fail share","R/A8_condition_trend.R","same seven inspectors"
"commercial_supply_rank_cor","0.997154","0.997","Spearman","R/96_commercial_supply.R","ranking with vs without 1,886 chain outlets"
"posterior_top_values","1; 0.9999; 0.9997; 0.9986; 0.9969; 0.9669","East Harlem (North) >0.999; Astoria (East)-Woodside (North) >0.999; East Elmhurst >0.999; Williamsbridge-Olinville 0.999; Brighton Beach 0.997; Midtown-Times Square 0.967","posterior probability","R/A6_empirical_bayes.R","P(true relative risk > 1.5)"
"rows_restrooms","1066","1,066","rows as pulled","data_raw/nycrestrooms_i7jb-7jku_20260920.csv",""
"rows_urination311","8193","8,193","rows as pulled","data_raw/nyc311_urination_publictoilet_erm2-nwe9_20260920.csv",""
"rows_dirty311","108775","108,775","rows as pulled","data_raw/nyc311_dirtycondition_erm2-nwe9_20260920.csv",""
"rows_oath_urination","27384","27,384","rows as pulled","data_raw/nypd_oath_urination_hxbk-grd3_20260920.csv",""
"rows_oath_alcohol","163329","163,329","rows as pulled","data_raw/nypd_oath_alcohol_placebo_hxbk-grd3_20260920.csv",""
"rows_acs_tracts","2327","2,327","rows as pulled","data_raw/census_acs5_2024_tract_demographics_20260920.csv",""
"rows_lodes","25445","25,445","rows as pulled","data_raw/census_lodes8_nywac2023_20260920.csv",""
"rows_tlc","138706","138,706","rows as pulled","data_raw/tlc_c5iv-bn4s_zonemonth_20260920.csv",""
"rows_mta_monthly","48255","48,255","rows as pulled","data_raw/mta_ak4z-sape_monthly_20260920.csv",""
"rows_mta_stations","496","496","rows as pulled","data_raw/mta_39hk-dx4f_stations_20260920.csv",""
"rows_hotels","14010","14,010","rows as pulled","data_raw/nyc_tjus-cn27_hotels_20260920.csv",""
"rows_parks","2061","2,061","rows as pulled","data_raw/parksprops_enfh-gkve_20260920.csv",""
"rows_capital","2787","2,787","rows as pulled","data_raw/capitaltracker_4hcv-tc5r_20260920.csv",""
"rows_pip_master","152484","152,484","rows as pulled","data_raw/pipInspectionsMaster_yg3y-7juh_20260920.csv",""
"rows_pip_sites","6406","6,406","rows as pulled","data_raw/pipAllSites_buk3-3qpr_20260920.csv",""
"rows_park_structures","2857","2,857","rows as pulled","data_raw/parkstructures_n8q6-i44s_20260920.csv",""
"rows_covid_closures","672","672","rows as pulled","data_raw/csclosurecovid_i5n2-q8ck_20260920.csv",""
"rows_taxi_zones","263","263","rows as pulled","data_raw/nyc_8meu-9t5y_taxizones_20260920.csv",""
"rows_cultural","2535","2,535","rows as pulled","data_raw/nyc_u35m-9t32_cultural_20260920.csv",""
"rows_pedcounts","114","114","rows as pulled","data_raw/nyc_cqsj-cfgu_pedcounts_20260920.csv",""
"rows_chains","1886","1,886","rows as pulled","data_raw/commercial_chains_dohmh_20260920.csv",""
"rows_pip_restrooms","736","736","rows as pulled","data_raw/pipRestrooms_9byw-znpj_20260920.csv",""
"n_datasets_listed","22","22","datasets","this block","raw datasets listed on the Data & code tab"
"n_scripts","49","49","R scripts","R/","count of R/*.R"
"external.ll58_target","2120","2,120","restrooms by 2035","https://intro.nyc/local-laws/2025-58","Local Law 58 of 2025; at least half publicly owned"
"external.ll58_enacted","2025-05-12","May 2025","date","https://intro.nyc/local-laws/2025-58","passed 10 Apr 2025, returned unsigned 12 May 2025. NOT July 2025 (that is LL92)"
"external.ll58_strategy_due","2026-11-01","1 Nov 2026","date","https://pix11.com/news/local-news/deadline-delayed-for-plan-to-expand-nyc-public-bathrooms/","originally due 1 Sep 2026; deputy mayor's letter Aug 2026"
"external.council_dashboard_operational","973","973","facilities","https://council.nyc.gov/data/public-restroom-analysis/","Council dashboard (Dec 2025). Our register says 975"
"external.council_dashboard_24h","8","8","facilities open 24/7","https://council.nyc.gov/data/public-restroom-analysis/","agrees with our derived open_24h"
"external.council_dashboard_5min_walk","0.4942","49.42%","share of residents","https://council.nyc.gov/data/public-restroom-analysis/","method undisclosed; our 53.45% (R/31) is NOT comparable (WORKLOG: comparison withdrawn). Cite only with that caveat"
"external.council_audit_closed","36; 337","36 of 337","rooms closed in posted hours","https://council.nyc.gov/press/wp-content/uploads/sites/56/2025/12/OID_Restrooms-REPORT_121625-v4.pdf","Council OID 'Good to Go?' audit, Aug-Sep 2025, stratified random; all 36 in parks"
"external.council_audit_missing_necessity","129; 301","129 of 301","open rooms missing a basic necessity","https://council.nyc.gov/press/wp-content/uploads/sites/56/2025/12/OID_Restrooms-REPORT_121625-v4.pdf",""
"external.pilot","units=17; cost=4000000; years=1; hours=7am-10pm; hours_per_day=15; sites_published=2026-09-16; sites_midtown=0; sites_astoria_woodside=4","17 units, $4M, one year, 7am–10pm","","https://www.nyc.gov/mayors-office/news/2026/09/mayor-mamdani-brings-17-new-public-bathrooms-to-neighborhoods-ac","Throne Labs via NYCEDC; self-contained units, no hookups; operator cleans and maintains (service contract). Queens sites: Astoria Blvd S & 31 St, Northern Blvd & 31 St, Northern Blvd & 54 St, 34 Ave & 64 St (Astoria/Woodside); Manhattan: Cooper Sq, Malcolm X Plaza, Delancey & Suffolk, Plaza Alianza Dominicana — none in Midtown"
"external.ll114","2022-11-28","Local Law 114 of 2022","law","https://intro.nyc/local-laws/2022-114","report identifying at least one feasible bathroom location per ZIP code area; no funding attached"
"external.ll92","2025-07","Local Law 92 of 2025","law","https://council.nyc.gov/press/2025/07/12/2922/","each bathroom strategy report must update all active/planned capital projects at the LL114 sites"
"external.amato_2022","change_per_week=-12.47; p=0.0002; installations=13","-12.47 reports/week (p = 0.0002)","311 feces reports per week within 500 m","https://pmc.ncbi.nlm.nih.gov/articles/PMC9441075/","Amato et al., BMC Public Health 2022; San Francisco Pit Stop, 13 new-restroom installations, 2014-2020; not NYC"
"external.privy_by_the_bay_2025","effect appears to be small","'the effect appears to be small'","quote","https://journals.plos.org/plosone/article?id=10.1371/journal.pone.0327795","PLOS ONE, 14 Aug 2025, SF 311 waste reports 2009-2022; qualifies Amato 2022"
"external.restroom_register_last_updated","2025-06-27","27 June 2025","date","https://data.cityofnewyork.us/d/i7jb-7jku","rowsUpdatedAt of the register; the catalogue claims Nov 2025"
"external.peer_cities","san_francisco=https://sfpublicworks.org/pitstop; washington_dc=https://dcpublicrestrooms.org/wp-content/uploads/2023/12/Public-Restroom-Pilot-Program.pdf; paris=https://opendata.paris.fr/explore/dataset/sanisettesparis/; tokyo=https://tokyotoilet.jp/en/maintenance/; london=https://www.cityoflondon.gov.uk/services/streets/clean-streets/public-toilets","SF, DC, Paris, Tokyo, London","links","see value","each link opened 23 Sep 2026 (DC pilot statute: monthly reports on use by date/time and misuse)"
"external.modular_portland_loo","pilot_budget=6000000; units=5; per_unit_budget=1200000; per_site_reported=1000000; unit_only=185000","$6M for 5 units = $1.2M each","","https://www.nyc.gov/mayors-office/news/2025/07/mayor-adams-nyc-parks-commissioner-rodriguez-rosa-continue-we-outside-summer-announcing","2026-09-23: NYC Mayor's Office / Parks, 1 Jul 2025: '$6 million pilot' for five Portland Loos, 'constructed for only $1 million per location, plus some additional site-specific costs'; traditional build 'at least $3.5 million'. Unit alone ~$185k, ~$815k utilities/site work (amNY, https://www.amny.com/news/modular-restrooms-nyc-parks-million-install/). Our $1.2M = pilot budget per unit; outturn ~$1.0M+ is the low case"
"external.ddc_build","cost=19300000; buildings=5","$19.3M for 5 buildings","","https://www.nyc.gov/site/ddc/about/press-releases/2026/pr-062626-MurphyBros.page","announced 26 Jun 2026; independent check on build_new_median"
