"city","grade","listed","core","broad","free_only","access_scheme","register_all_operational","sites_30m","core_def","broad_adds","excluded","data_date","source_url","file","population","pop_year","pop_boundary","pop_source","per100k_core","per100k_listed","per100k_broad","per100k_free_only","per100k_sites30m","per100k_access_scheme_added","accessed","per100k_hk_with_lcsd"
"Paris","A",600,572,581,572,NA,581,567,"type Sanisette / WC (park & garden toilets) / Lavatory AND statut 'En service'","+ urinals (Urinoir) in service","toilets inside mairies, libraries, museums (not in the list); units 'Hors service'","live export 2026-09-24","https://opendata.paris.fr/explore/dataset/sanisettesparis/","data_raw/peer_cities/paris_sanisettesparis_20260924.csv",2103778,"2023 (in force 1 Jan 2026)","Commune de Paris (75056)","INSEE, Populations de référence 2023, population municipale: https://www.insee.fr/fr/statistiques/8643952?geo=COM-75056",27.2,28.5,27.6,27.2,27,NA,"2026-09-24",NA
"Zurich","A",112,112,139,93,NA,139,105,"Züri WC fixed facilities (wheelchair + non-wheelchair layers), excluding pissoirs; no status field (all listed assumed operating)","+4 pissoirs, +23 mobile (seasonal) WCs","none further; list is the city's own (GUD, Umwelt- und Gesundheitsschutz)","records edited 2024-12 to 2026-08; pulled 2026-09-24","https://data.stadt-zuerich.ch/dataset/geo_zueri_wc","data_raw/peer_cities/zurich_*.geojson",452421,"31 Dec 2025","Stadt Zürich","Statistik Stadt Zürich, Bevölkerungsbestand (BEV324OD3243): https://data.stadt-zuerich.ch/dataset/bev_bestand_jahr_od3243",24.8,24.8,30.7,20.6,23.2,NA,"2026-09-24",NA
"San Francisco","B",205,205,205,205,NA,205,194,"resource_type 'restroom' from Rec & Park (174), Public Works Pit Stops (16), Port (14), PUC (1); no status field","none available; 191 of 205 are 'publicly_accessible' (rest 'limited_access')","street JCDecaux toilets not staffed as Pit Stops appear to be missing; library restrooms not listed (library source has fountains only)","data_as_of 2024-06 to 2026-09-01; loaded 2026-09-01","https://data.sfgov.org/d/wfq4-upmv","data_raw/peer_cities/sf_wfq4-upmv_20260924.csv",830235,"ACS 2020-24 5-yr","City and County of San Francisco","US Census ACS 5-yr 2024, table B01003 (same vintage as NYC base)",24.7,24.7,24.7,24.7,23.4,NA,"2026-09-24",NA
"Vancouver","A",114,114,147,114,NA,147,113,"street APTs (large/small), comfort stations, park field houses, park washrooms, Portland Loos; no status field","+28 community centres, +1 aquatic centre, +3 other (VanDusen garden, aquarium plaza), +1 portable","none further","dataset modified 2026-09-19","https://opendata.vancouver.ca/explore/dataset/public-washrooms/","data_raw/peer_cities/vancouver_public-washrooms_20260924.csv",740454,"1 Jul 2025","City of Vancouver (CSD 5915022)","Statistics Canada Table 17-10-0155-01",15.4,15.4,19.9,15.4,15.3,NA,"2026-09-24",NA
"Hong Kong","B",808,757,1540,757,NA,910,756,"FEHD map_type 'toilet', excluding units whose remark says suspended (temporary or permanent)","+31 aqua privies, +122 long-term portable toilets (FEHD), +~630 LCSD park/sports-venue toilets (LegCo 2019, approximate, no list)","LCSD park and sports-venue toilets are NOT in the FEHD list -- the list is PARTIAL for this rule (NYC's core is mostly park toilets)","XML generation_date 2026-09-21","https://data.gov.hk/en-data/dataset/hk-fehd-fehdlocatn-fehd-facility-and-service-locations","data_raw/peer_cities/hk_fehd_map_e_20260924.xml",7527500,"mid-2025 (provisional)","Hong Kong SAR","C&SD press release 14 Aug 2025: https://www.info.gov.hk/gia/general/202508/14/P2025081400404.htm",10.1,10.7,20.5,10.1,10,NA,"2026-09-24",18.4
"Toronto","A",359,318,329,318,NA,329,313,"Parks washroom facilities with Status 1 (open) or 2 (partially open) + automated public washrooms 'Existing'","+11 civic buildings with public washrooms (CREM list: 119 washroom rooms)","41 park washrooms Status 0 (closed for repairs / season / construction) on 2026-09-22; community-centre washrooms not in these lists","park list refreshed 2026-09-22; APT 2026-02-20; CREM 2026-06-22","https://open.toronto.ca/dataset/washroom-facilities/ ; https://open.toronto.ca/dataset/street-furniture-public-washroom/ ; https://open.toronto.ca/dataset/corporate-real-estate-management-portfolio-washrooms/","data_raw/peer_cities/toronto_*.csv",3271830,"1 Jul 2025","City of Toronto (CSD 3520005)","Statistics Canada Table 17-10-0155-01: https://www150.statcan.gc.ca/t1/tbl1/en/tv.action?pid=1710015501",9.7,11,10.1,9.7,9.6,NA,"2026-09-24",NA
"Berlin","A",339,339,455,162,13,510,339,"Vertrag 1/2/3 (Wall contract, container, other public) AND Symbol 'WC' (not event-only), excluding toilets in civic buildings / cemeteries and sanitary containers","+ library / Bürgeramt / public-building / museum / cemetery toilets, + containers, + pissoirs","31 privately operated station/other toilets (Vertrag 4), 13 'Kooperationstoilette' cafés (access scheme), 11 event-only WCs","list updated 2026-08-25","https://daten.berlin.de/datensaetze/toiletten","data_raw/peer_cities/berlin_toiletten_standorte_20260924.xlsx",3700577,"31 Dec 2025","Land Berlin","Amt für Statistik Berlin-Brandenburg, press release 22 Jun 2026: https://www.statistik-berlin-brandenburg.de/presse/2026/73-bevoelkerungsfortschreibung-2025-berlin/",9.2,9.2,12.3,4.4,9.2,9.5,"2026-09-24",NA
"New York City","A",836,763,962,763,NA,975,756,"status Operational AND location_type Park / Public Plaza / Transit (NYC Parks, concessionaires, Hudson River Park, BBP, BPCA, conservancies, DOT/JCDecaux, LIRR/MNR/NYCT)","+199 library restrooms (NYPL/BPL/QPL)","13 POPS (privately owned, operated by landlords); 91 not operational / closed / construction","2025-06-27 (rowsUpdatedAt; pulled 2026-09-20)","https://data.cityofnewyork.us/d/i7jb-7jku","data_raw/nycrestrooms_i7jb-7jku_20260920.csv",8483844,"ACS 2020-24 5-yr","five boroughs (5 counties)","US Census ACS 5-yr 2024, table B01003 (project base); cached extract us_acs5y2024_b01003_counties_extract.psv",9,9.9,11.3,9,8.9,NA,"2026-09-24",NA
"Melbourne (City of Melbourne LGA)","C",74,74,74,74,NA,74,72,"all 74 council-operated toilets in the council list","none","list last modified 2021-09-30 (stale); LGA is the CBD with a small resident base","2021-09-30 (dataset modified)","https://data.melbourne.vic.gov.au/explore/dataset/public-toilets/","data_raw/peer_cities/melbourne_public-toilets_20260924.csv",189381,"30 Jun 2024","City of Melbourne LGA","ABS ERP via profile.id.com.au/melbourne/population-estimate (secondary; list is 2021 so years mismatch)",39.1,39.1,39.1,39.1,38,NA,"2026-09-24",NA
