"boro_cd","pop_total","households","pop_65plus","pop_disabled","pov_below","pov_universe","dis_universe","med_hh_income_hhwtd","inc_tracts_used","poverty_rate","pct_65plus","disability_rate","cb_label","boroname","cd_num","land_sqmi","pop_density","events_311_raw","events_311","events_per_100k"
"101",68707.0196097589,31765.0631117542,6962.12894159427,3167.36376216235,4410.82271917853,65382.4789386091,68221.4535099426,205939,13,0.0674618459070674,0.10133067889042,0.0464276792592926,"01 MANHATTAN","Manhattan",1,1.49567466013789,45937.1422414982,231,125,181.931920071593
"102",84584.4280392133,45682.3034184504,14700.0233583244,5845.69146356101,6499.24308149145,79046.4280392133,84494.4280392133,171434,20,0.0822205790028527,0.173791130342685,0.0691843426746206,"02 MANHATTAN","Manhattan",2,1.3532512413852,62504.6003672103,268,131,154.87484284846
"103",154360.137089561,73739.8260406175,30416.0007280691,22609.9081709729,38568.5931120734,148023.388894238,153729.063864046,74392,31,0.260557425418969,0.197045696522163,0.147076340690974,"03 MANHATTAN","Manhattan",3,1.68144621673086,91802.0068400849,291,94,60.8965512549788
"104",122640.009102543,71099.7070378527,19688.0724564169,13133.3892631806,14443.4570941469,120517.203201109,122536.035237879,122443,26,0.119845604697986,0.160535477781603,0.107179812352218,"04 MANHATTAN","Manhattan",4,1.76874841526659,69337.1697433062,208,125,101.924323811395
"105",61196.2443590657,34133.106291862,9817.5943270075,4910.93465473621,6597.00412226718,57479.8789478504,61138.2251423148,168318,27,0.114770668328172,0.160428052894934,0.0803251099178093,"05 MANHATTAN","Manhattan",5,1.57075152047566,38959.8504673316,272,145,236.942644959093
"106",134674.502585872,73059.6591299594,27829.9847299415,10648.3005805901,12532.4024191965,130885.867997087,134488.521802623,152983,27,0.0957506154864282,0.206646278215851,0.0791762779296338,"06 MANHATTAN","Manhattan",6,1.38926833441042,96939.1580086836,160,89,66.085263573371
"107",216256.990897457,106297.292962147,48239.927543583,21851.6107368194,23956.5429058531,212273.796798891,214759.964762121,152680,29,0.112856806949892,0.223067598154351,0.10174899572657,"07 MANHATTAN","Manhattan",7,1.90659024177516,113426.045176916,235,132,61.0384891846529
"108",211855.253055062,110989.234578179,49782.420943051,18993.7647646737,15742.5934585363,209408.253055062,210361.253055062,160493,43,0.0751765664861209,0.234983179435783,0.0902911752465273,"08 MANHATTAN","Manhattan",8,1.98056325953691,106967.173118519,204,126,59.4745696332826
"109",110156.746866191,39998.4906442214,16718.405266385,14530.7502401132,24601.9243873715,97709.9427657231,109657.945529288,66570,20,0.251785270679761,0.151769235584753,0.132509780025308,"09 MANHATTAN","Manhattan",9,1.50277592872853,73302.1768317732,112,57,51.7444474547154
"110",138157.802011305,59935.5252596314,17233.6357985015,19630.2359661086,35582.3157279749,137483.222306906,137920.603348208,59843,28,0.25881205816186,0.124738780927416,0.142329974561873,"10 MANHATTAN","Manhattan",10,1.40157896977202,98572.9701935938,169,74,53.5619407103371
"111",127287.719382854,54985.2569886816,19716.3749695373,23552.2740881383,39510.6594572325,124065.903989231,125902.719382854,45841,23,0.318465091429648,0.154896128747775,0.187067238925307,"11 MANHATTAN","Manhattan",11,2.37319247267292,53635.649383082,435,112,87.9896352476297
"112",186848.73173965,71996.7271074656,32787.5839655763,30829.7397056399,34474.1004274211,183648.93093814,185751.73173965,72207,29,0.187717403261298,0.175476620367226,0.165972825216246,"12 MANHATTAN","Manhattan",12,2.79656623153721,66813.6265226029,161,78,41.7449983597872
"201",99222.454813996,38737.5138821573,12643.5948766417,22233.997317388,41688.0482532585,98926.5578874411,99135.454813996,30843,23,0.421404010646881,0.127426749321448,0.224278966179202,"01 BRONX","Bronx",1,2.16655716683125,45797.2936662068,47,27,27.211582348587
"202",54401.9504614641,19893.3933163048,6946.14827930762,13653.3268263432,17041.2126521255,53540.1242829184,53942.5206955934,38584,16,0.318288627087897,0.127681971333509,0.253108802671482,"02 BRONX","Bronx",2,2.21708032402915,24537.6542617086,23,12,22.058032659142
"203",89402.0779663273,33854.0002580861,9731.71325666606,19869.1299902565,35075.3443547465,88708.623272131,88962.5077321981,34161,26,0.395399489485324,0.108853322853765,0.223342737258128,"03 BRONX","Bronx",3,1.60687952750199,55637.0757335551,44,11,12.3039645724376
"204",145712.679401573,56037.9909671986,18568.2503118366,28094.7779713406,45165.7100969774,143395.785035092,144959.645346572,43985,38,0.314972368859549,0.127430573565008,0.193811028608487,"04 BRONX","Bronx",4,1.99163589700731,73162.3082414438,70,29,19.9021801802699
"205",126208.208488977,45644.9998138749,12382.951022238,24817.386026649,44309.2867457468,125125.822890187,126084.935118851,37504,29,0.354117844920256,0.0981152586705128,0.19683069990285,"05 BRONX","Bronx",5,1.37437916498562,91829.2504021608,50,17,13.4698053347971
"206",88205.4026935921,32695.378940546,10570.3176958455,19338.5330098329,31823.3249917568,84284.2924076437,87887.1216524278,34404,25,0.377571242312177,0.119837531183488,0.22003830192906,"06 BRONX","Bronx",6,1.53030165118372,57639.2259822524,37,11,12.4708914239775
"207",131700.907183349,51627.3880389539,16172.8412729293,19666.1517451932,36541.1229563982,129389.168162355,130157.907183349,47191,32,0.282412534800032,0.122799771230231,0.151094560221302,"07 BRONX","Bronx",7,1.91215789236238,68875.5398857985,61,23,17.4638128862546
"208",105135.335576475,42991.3664664392,22790.4598573003,15904.4949363331,16208.1242922048,100260.335576475,102117.335576475,81618,25,0.161660383430912,0.21677259821673,0.15574725727565,"08 BRONX","Bronx",8,3.30278036892158,31832.3726778125,48,21,19.97425497798
"209",171403.661724795,64433.0998005944,25995.1863894737,26353.7950110329,45320.8118768125,169855.624066345,170845.578034309,52900,41,0.266819612985616,0.151660624562453,0.154255060705993,"09 BRONX","Bronx",9,4.09945559813556,41811.3228992526,77,38,22.1698880978475
"210",125546.882225333,50020.3293113988,24536.5114096095,19456.9649453523,17667.6798041769,122817.867398432,124344.778564578,73301,33,0.143852683476919,0.195437042917331,0.15647593063385,"10 BRONX","Bronx",10,6.41932353882539,19557.6498779038,29,13,10.3546975994732
"211",112551.753789168,42395.400186771,18403.1228500579,14868.9610783305,21067.9472951103,109038.737265522,109695.01002407,66550,40,0.193215253802942,0.163508094991844,0.135548199276046,"11 BRONX","Bronx",11,3.59829067059818,31279.2278591704,54,26,23.1004841103616
"212",162590.685674951,59124.139017675,26082.902778094,24823.4811419477,34298.3866806859,159877.061755458,160806.20525758,70389,54,0.214529753700049,0.160420645683471,0.154368925640558,"12 BRONX","Bronx",12,5.55649654503588,29261.3671865247,177,78,47.9732277874371
"301",208212.852555263,85745.2878712817,19535.3398291672,19969.0580880085,44070.1936469958,207367.852555263,207966.852555263,117891,51,0.212521821024555,0.093823890261444,0.0960203890314788,"01 BROOKLYN","Brooklyn",1,4.72392469071534,44076.2429944101,189,86,41.303886356955
"302",135611.174163586,64603.7326736609,17316.2180267493,13071.5494076742,15590.5879064662,129570.152136086,134648.701451452,150808,46,0.120325458058362,0.127690200557226,0.0970789117664622,"02 BROOKLYN","Brooklyn",2,2.84521971869503,47662.8125668217,202,113,83.3264667878248
"303",184758.774431703,72237.4453120486,18626.467275267,21276.6525943057,47318.3109387426,183754.576120727,184245.631032329,85180,53,0.257508204354347,0.10081506186951,0.115479821557193,"03 BROOKLYN","Brooklyn",3,2.85029584516114,64820.9113960442,217,84,45.4646878116476
"304",112557,45491,11608,13164,23613,112206,112285,84865,29,0.210443291802577,0.103129969704239,0.117237387006279,"04 BROOKLYN","Brooklyn",4,2.03250167407695,55378.5521732065,136,80,71.0750997272493
"305",194965.860249094,70445.72928099,29679.3670487756,24508.6586399705,41637.7841211198,193318.535538249,193918.775364144,60241,57,0.2153843344881,0.15222853381026,0.126386207802456,"05 BROOKLYN","Brooklyn",5,5.5773565894941,34956.6783333067,116,39,20.0035021260504
"306",116486.423414673,50595.6365525371,15049.3513338649,9185.87393354174,9586.67096490468,115646.91710014,115982.907516335,172816,37,0.082896035668668,0.129194037319626,0.0792002384683107,"06 BROOKLYN","Brooklyn",6,3.06695305120417,37981.1563691647,127,67,57.5174325350269
"307",119498.790808564,40920.3447355823,15865.2655372073,11454.3358472427,21935.7146874701,116959.876456143,117895.264520965,98637,37,0.18754905829347,0.132765071762301,0.0971568781306377,"07 BROOKLYN","Brooklyn",7,3.73502057481633,31994.1452570019,133,77,64.4357984536873
"308",107460.310781032,47485.2357132208,13560.5488025917,12583.1375391261,19120.7087047513,106652.936786155,106875.786630145,103268,30,0.179279720567746,0.126191230083296,0.117736092859568,"08 BROOKLYN","Brooklyn",8,1.63598122143166,65685.5405021049,70,30,27.917283862253
"309",101253.612043881,41718.9924106052,16720.1653052083,11900.6990716745,17770.6203191279,99729.8803340544,100220.880334054,78272,31,0.178187522732441,0.165131544126665,0.118744707011227,"09 BROOKLYN","Brooklyn",9,1.62543701056246,62293.1626300568,64,28,27.6533344685674
"310",127192.710294559,49837.5338003165,24723.0967016191,14025.3348009597,18893.0199566615,126193.13511689,126374.87968419,90524,51,0.149715116746733,0.194375107224023,0.11098198341323,"10 BROOKLYN","Brooklyn",10,3.99391077468385,31846.6579425845,82,40,31.4483431537594
"311",181821.355479692,62465.2538498076,32476.2929764188,19641.9860640676,33817.3909879323,180826.733410146,181141.546255053,72773,62,0.187015439311337,0.178616493594703,0.108434461724264,"11 BROOKLYN","Brooklyn",11,3.70210020941402,49113.029144198,99,47,25.8495487925506
"312",193513.541443779,54741.4664079038,24207.83335158,14980.6621339755,49547.4178951271,191871.941463848,192724.572736939,69976,62,0.258231701399981,0.125096327476457,0.0777309396577233,"12 BROOKLYN","Brooklyn",12,3.5699646327314,54206.010801771,56,37,19.1201089721928
"313",105857.315049046,44133.7276000019,28172.3091188972,20684.0001408306,25446.5517059478,104188.197917781,104469.207091199,49347,32,0.24423641270798,0.266134740956203,0.197991357613867,"13 BROOKLYN","Brooklyn",13,3.16606447729496,33434.9839708538,76,37,34.9527096760927
"314",155784.727067322,59465.218832867,24930.4642348501,17281.6395849289,25317.9470533041,154734.235313645,155276.790393067,84145,54,0.163622142197457,0.160031504398224,0.111295703248259,"14 BROOKLYN","Brooklyn",14,2.94761964849143,52851.0274882483,91,43,27.6021923390589
"315",159742.077657484,61834.8972090628,34254.7205234922,19546.4655641678,26897.9685460323,158403.932868795,158785.881636527,73138,63,0.169806191417682,0.214437679951431,0.123099518437736,"15 BROOKLYN","Brooklyn",15,4.72225441232713,33827.5034992794,71,30,18.7802740767686
"316",98998.472341587,37686.2057461019,13670.4442950599,17281.7489783909,31721.4243103115,98538.8006986836,98822.7130515903,48665,27,0.321918108251699,0.138087426722011,0.174876285468594,"16 BROOKLYN","Brooklyn",16,1.85695290286393,53312.3226705987,49,17,17.1719821507374
"317",147212.131849815,57093.9384288369,27794.1446693517,17993.8234857482,25098.8841938777,145318.278316809,146047.285089589,72727,52,0.172716636094184,0.18880335689797,0.12320546372848,"17 BROOKLYN","Brooklyn",17,3.36531336030412,43743.9596520997,91,45,30.5681328261102
"318",183151.285630387,64669.1610043529,38505.817941912,21973.4107286905,21201.1451484839,181851.721994525,182234.379243959,91177,83,0.116584791807042,0.210240500411336,0.120577746196147,"18 BROOKLYN","Brooklyn",18,8.45319306194387,21666.5210753237,75,32,17.4718948271968
"401",178686.841689615,81134.2981743345,23341.1654960728,17443.8308164216,22596.1835834581,174902.4048236,175447.857781729,93707,61,0.129193098323878,0.130626101370223,0.0994245870936942,"01 QUEENS","Queens",1,6.14973842949176,29056.0068104202,323,119,66.5969574898563
"402",126524.516070493,56728.3270557974,16754.7840915945,8706.36848795201,12924.6893654889,125807.83443562,126117.127801931,104282,40,0.102733581127675,0.132423222091279,0.0690339895912118,"02 QUEENS","Queens",2,5.02217147120819,25193.1892002991,169,103,81.4071479574868
"403",161725.06875425,54001.078399069,23831.3925833325,15743.6968272823,23225.5699256362,160364.619589299,161025.440930699,80032,43,0.144829763479737,0.147357442893072,0.0977714871407061,"03 QUEENS","Queens",3,2.99424132130125,54012.0355709896,226,118,72.9633327157877
"404",166246.554802823,53206.030608025,23456.3403367239,17679.9905136468,28216.0700950833,163964.050799783,165531.619254991,71304,47,0.172086929771806,0.141093692825961,0.106807331392148,"04 QUEENS","Queens",4,2.35808400986455,70500.6921328357,290,131,78.7986254243719
"405",175981.110541241,65285.1971847546,28201.5776816613,17056.8950119095,19998.7355177487,174819.012910676,175317.046089073,90038,63,0.114396799208373,0.160253436263276,0.0972917088920343,"05 QUEENS","Queens",5,7.5468473585736,23318.4934290896,174,68,38.6405107859939
"406",124506.358701463,53980.2359173311,26481.157211024,14181.5687205585,12499.4798879357,123859.074976084,124076.905676641,102531,36,0.100916948478335,0.212689195051633,0.114296602121247,"06 QUEENS","Queens",6,2.96655385306494,41970.0315141176,66,36,28.9141858901517
"407",247650.637876321,94129.7463648967,58956.9829810321,27577.3251103408,39447.2161240524,245081.732446368,245353.356218503,75181,72,0.160955350406154,0.238065136785457,0.11239840178009,"07 QUEENS","Queens",7,11.7755538088654,21030.9121673644,111,56,22.6124998022282
"408",155581.796594224,57539.9418415254,30030.2935218352,17250.2872453976,18753.0699085887,150696.02558365,154531.819690457,86997,46,0.124443029177163,0.19301932603438,0.111629354264718,"08 QUEENS","Queens",8,7.44505722169096,20897.3271744563,50,24,15.4259691849393
"409",147196.176891329,46994.7960730405,22805.965418805,15638.4854695152,17573.5077321573,145973.39179676,146687.917176642,88475,60,0.120388431863151,0.154935854316666,0.10661059050067,"09 QUEENS","Queens",9,3.85167800543666,38216.1168933541,79,36,24.4571569454402
"410",135456.925185005,41555.5129002678,25632.2746266737,17477.7411088197,14178.9642167036,134526.905266029,135412.167474199,97867,43,0.105398724431105,0.189228233194173,0.129070684228948,"10 QUEENS","Queens",10,6.17243586453646,21945.456892192,114,52,38.3885873158418
"411",120329.912821201,45481.6574071782,27642.4731270799,12363.0355669058,10715.8913504671,119474.949394724,119874.61249051,106583,44,0.0896915328673933,0.229722373090673,0.1031330597034,"11 QUEENS","Queens",11,9.33917993603506,12884.4195791656,41,20,16.6209710711901
"412",251424.878167807,79544.3773942009,38448.9603126256,27807.2838601849,33166.2238227474,248825.72637821,250402.233991588,80541,88,0.133290975597657,0.152924247563774,0.111050462357772,"12 QUEENS","Queens",12,9.58929384992185,26219.3319031366,207,101,40.1710446221595
"413",203436.221904228,64718.8006795789,44282.6326115396,24655.4912610654,17245.3984699328,201042.271599195,202036.895423039,110992,72,0.0857799622574593,0.217673294347683,0.122034597737409,"13 QUEENS","Queens",13,12.5714289787103,16182.4262181131,91,41,20.1537364468465
"414",131239,46698,23763,19256,25840,127462,127857,74282,27,0.202727087288761,0.181066603677261,0.150605754866765,"14 QUEENS","Queens",14,7.01535803920903,18707.3844651266,391,72,54.8617407935141
"501",182538.433459312,63232.2295662459,27301.2855460395,20821.9627210251,29319.8218469352,180188.19687886,180944.367740071,88263,55,0.162717771501131,0.149564587734478,0.115073837230104,"01 STATEN ISLAND","Staten Island",1,13.531342691359,13490.0458604067,78,31,16.9827249048403
"502",141650.070051959,48417.2190892183,27644.1995960884,16024.2686423763,15666.1034776374,139447.752436986,139943.088904297,94919,40,0.112343893708266,0.195158389868415,0.114505609157554,"02 STATEN ISLAND","Staten Island",2,21.2176500990524,6676.04892109542,54,33,23.2968469326526
"503",170767.496488729,59127.5513445358,30309.5148578721,17754.7686365986,11300.0746754273,170373.050684154,170683.543355631,117633,34,0.0663254818179902,0.177489952602734,0.104021561115621,"03 STATEN ISLAND","Staten Island",3,21.5344044137641,7929.98465188943,93,17,9.9550560554842
