"nta2020","ntaname","n_tracts","boroname","n_boroughs","pop_total","households","pop_65plus","pop_disabled","pov_below","pov_universe","dis_universe","med_hh_income_hhwtd","inc_tracts_used","poverty_rate","pct_65plus","disability_rate"
"BK0101","Greenpoint",15,"Brooklyn",1,39784,19771,3658,3127,3579,39631,39755,129172,13,0.0903080921500845,0.0919465111602654,0.0786567727329896
"BK0102","Williamsburg",13,"Brooklyn",1,66612,30352,4503,5656,8684,66396,66590,153299,13,0.130791011506717,0.0676004323545307,0.0849376783300796
"BK0103","South Williamsburg",10,"Brooklyn",1,50948,11859,4599,3504,19588,50636,50766,47324,9,0.386839402796429,0.0902685090680694,0.0690225741638104
"BK0104","East Williamsburg",16,"Brooklyn",1,50775,23726,6751,7655,12174,50611,50762,96897,15,0.240540593942028,0.132959133431807,0.150801780859698
"BK0201","Brooklyn Heights",6,"Brooklyn",1,26031,12601,4704,1969,1161,24286,26031,181460,6,0.0478053199374125,0.180707617840267,0.0756405823825439
"BK0202","Downtown Brooklyn-DUMBO-Boerum Hill",11,"Brooklyn",1,39977,19883,3674,3209,5785,39280,39784,168047,11,0.147275967413442,0.0919028441353778,0.0806605670621355
"BK0203","Fort Greene",11,"Brooklyn",1,33180,15102,4682,4506,5304,31819,32463,121467,10,0.166692856469405,0.141109101868596,0.138804177063118
"BK0204","Clinton Hill",7,"Brooklyn",1,29205,13664,3553,2544,2641,26882,29175,129174,7,0.0982441782605461,0.12165725047081,0.0871979434447301
"BK0261","Brooklyn Navy Yard",1,"Brooklyn",1,0,0,0,0,0,0,0,NA,NA,NA,NA,NA
"BK0301","Bedford-Stuyvesant (West)",21,"Brooklyn",1,90068,34580,6488,9254,23328,89823,89920,95171,20,0.259710764503524,0.0720344628502909,0.102913701067616
"BK0302","Bedford-Stuyvesant (East)",23,"Brooklyn",1,92769,37000,11868,11878,23572,92279,92407,76390,23,0.255442733449647,0.127930666494195,0.128540045667536
"BK0401","Bushwick (West)",13,"Brooklyn",1,52698,22293,3892,5530,9610,52404,52442,93387,13,0.183382947866575,0.0738547952483965,0.1054498302887
"BK0402","Bushwick (East)",16,"Brooklyn",1,59859,23198,7716,7634,14003,59802,59843,76675,16,0.234156048292699,0.128902921866386,0.127567134000635
"BK0471","The Evergreens Cemetery",1,"Brooklyn",1,0,0,0,0,0,0,0,NA,NA,NA,NA,NA
"BK0501","Cypress Hills",14,"Brooklyn",1,42117,13775,5826,3765,7151,41961,42107,69587,14,0.170420152045947,0.13832894080775,0.0894150616287078
"BK0502","East New York (North)",13,"Brooklyn",1,41335,14522,6064,5238,9976,40928,41049,69397,12,0.24374511336982,0.146703761945083,0.127603595702697
"BK0503","East New York-New Lots",14,"Brooklyn",1,51641,19652,8081,6787,11719,51049,51337,56580,14,0.229563752473114,0.156484188919657,0.132204842511249
"BK0504","Spring Creek-Starrett City",4,"Brooklyn",1,16410,8244,4752,4295,4099,16238,16194,37687,3,0.252432565586895,0.289579524680073,0.265221687044584
"BK0505","East New York-City Line",12,"Brooklyn",1,47234,15755,5894,5251,9699,46788,46953,59807,12,0.207296742754552,0.124782995299996,0.111835239494814
"BK0571","Highland Park-Cypress Hills Cemeteries (South)",1,"Brooklyn",1,0,0,0,0,0,0,0,NA,NA,NA,NA,NA
"BK0601","Carroll Gardens-Cobble Hill-Gowanus-Red Hook",21,"Brooklyn",1,60738,26206,7787,6255,7193,60175,60301,147505,20,0.119534690486082,0.128206394678784,0.103729623057661
"BK0602","Park Slope",16,"Brooklyn",1,59281,25910,7751,3515,2888,58988,59199,194361,16,0.0489591103275242,0.130750156036504,0.0593760029730232
"BK0701","Windsor Terrace-South Slope",8,"Brooklyn",1,25036,10712,3782,2470,1801,24706,25036,147547,8,0.0728972719177528,0.151062470043138,0.098657932577089
"BK0702","Sunset Park (West)",18,"Brooklyn",1,50926,16922,6091,5325,9094,49064,49331,91023,14,0.185349747268873,0.119604916938303,0.107944294662585
"BK0703","Sunset Park (Central)",14,"Brooklyn",1,44499,13497,6183,3711,11523,44158,44484,66011,13,0.26094931835681,0.138946942627924,0.0834232533045589
"BK0771","Green-Wood Cemetery",1,"Brooklyn",1,0,0,0,0,0,0,0,NA,NA,NA,NA,NA
"BK0801","Prospect Heights",6,"Brooklyn",1,23969,11243,2955,1870,1628,23920,23962,173220,6,0.0680602006688963,0.123284242146105,0.0780402303647442
"BK0802","Crown Heights (North)",22,"Brooklyn",1,85819,37294,10953,10967,17677,85042,85238,83554,22,0.207861997601185,0.127629079807502,0.128663272249466
"BK0891","Lincoln Terrace Park",1,"Brooklyn",1,0,0,0,0,0,0,0,NA,NA,NA,NA,NA
"BK0901","Crown Heights (South)",13,"Brooklyn",1,53466,20383,8314,6088,9011,52919,53398,79126,13,0.170279105803209,0.155500692028579,0.114011760740103
"BK0902","Prospect Lefferts Gardens-Wingate",14,"Brooklyn",1,44881,20116,7844,5516,8391,44117,44129,78018,14,0.190198789582247,0.17477328936521,0.12499716739559
"BK1001","Bay Ridge",28,"Brooklyn",1,84838,35515,16669,9236,10544,84398,84577,95549,28,0.12493187042347,0.196480350786204,0.1092022653913
"BK1002","Dyker Heights",17,"Brooklyn",1,39148,13587,7739,4634,7677,38873,38938,78684,17,0.197489259897615,0.197685705527741,0.119009707740511
"BK1061","Fort Hamilton",1,"Brooklyn",1,980,173,14,30,0,702,634,106875,1,0,0.0142857142857143,0.0473186119873817
"BK1091","Dyker Beach Park",1,"Brooklyn",1,0,0,0,0,0,0,0,NA,NA,NA,NA,NA
"BK1101","Bensonhurst",28,"Brooklyn",1,94498,33338,15843,10155,17996,94306,94456,68344,28,0.190825610247492,0.167654341890834,0.107510375201152
"BK1102","Bath Beach",11,"Brooklyn",1,30170,10780,6068,3743,5294,29965,29986,81931,11,0.176672784915735,0.201126947298641,0.124824918295204
"BK1103","Gravesend (West)",16,"Brooklyn",1,56517,18221,10602,5653,10573,55937,56064,75253,16,0.189016214670075,0.187589574818196,0.100831192922374
"BK1201","Sunset Park (East)-Borough Park (West)",10,"Brooklyn",1,30220,9014,4526,2270,6728,29669,29828,65632,10,0.226768681114968,0.149768365320979,0.0761029904787448
"BK1202","Borough Park",21,"Brooklyn",1,89673,20890,8770,5038,30075,89254,89523,56332,21,0.336959688081206,0.0977997836584033,0.0562760407939859
"BK1203","Kensington",10,"Brooklyn",1,38903,13951,5224,4124,5641,38336,38659,91351,10,0.147146285475793,0.134282703133434,0.106676323753848
"BK1204","Mapleton-Midwood (West)",16,"Brooklyn",1,37519,11256,5778,3554,7620,37400,37519,73999,16,0.203743315508021,0.154001972334017,0.0947253391614915
"BK1301","Gravesend (South)",7,"Brooklyn",1,28604,10783,6627,5155,5853,28293,28326,60400,7,0.206870957480649,0.231680883792477,0.181988279319353
"BK1302","Coney Island-Sea Gate",12,"Brooklyn",1,54465,22185,15214,11068,13462,53296,53536,45416,12,0.252589312518763,0.279335352978977,0.206739390316796
"BK1303","Brighton Beach",8,"Brooklyn",1,28327,13743,7834,5656,6974,28053,28066,47868,8,0.248600862652836,0.27655593603276,0.201524976840305
"BK1391","Calvert Vaux Park",1,"Brooklyn",1,0,0,0,0,0,0,0,NA,NA,NA,NA,NA
"BK1401","Flatbush",18,"Brooklyn",1,65759,25275,8230,6538,10085,65335,65624,82678,18,0.154358307186041,0.125153971319515,0.0996281848104352
"BK1402","Flatbush (West)-Ditmas Park-Parkville",11,"Brooklyn",1,39803,15820,6713,3851,7102,39627,39635,96678,11,0.179221238044767,0.16865562897269,0.0971615995963164
"BK1403","Midwood",16,"Brooklyn",1,49291,18462,10023,6970,8126,48857,49096,73279,16,0.1663221237489,0.203343409547382,0.14196675900277
"BK1501","Gravesend (East)-Homecrest",18,"Brooklyn",1,50032,17602,8330,5114,9665,49727,50030,71697,18,0.194361212218714,0.166493444195715,0.102218668798721
"BK1502","Madison",15,"Brooklyn",1,38197,14724,8635,4153,6362,38007,38077,73484,15,0.167390217591496,0.22606487420478,0.10906846652835
"BK1503","Sheepshead Bay-Manhattan Beach-Gerritsen Beach",20,"Brooklyn",1,64244,26383,15522,9008,9465,63484,63489,75858,20,0.149092684770966,0.241610111450097,0.141882845847312
"BK1601","Ocean Hill",10,"Brooklyn",1,39942,15700,5645,5824,9551,39837,39918,62458,10,0.239751989356628,0.141329928396174,0.145899093140939
"BK1602","Brownsville",14,"Brooklyn",1,59014,21897,7866,11179,22010,58728,58919,38936,13,0.374778640512192,0.133290405666452,0.189735059997624
"BK1701","East Flatbush-Erasmus",11,"Brooklyn",1,42375,17556,6583,4655,7076,41780,41984,73723,11,0.169363331737674,0.155351032448378,0.110875571646341
"BK1702","East Flatbush-Farragut",14,"Brooklyn",1,34025,12398,7520,4515,4402,33869,34005,84808,13,0.129971360240928,0.221013960323292,0.132774591971769
"BK1703","East Flatbush-Rugby",16,"Brooklyn",1,36352,14124,7385,4175,6138,35699,35883,71290,16,0.171937589288215,0.203152508802817,0.116350360895131
"BK1704","East Flatbush-Remsen Village",9,"Brooklyn",1,38240,14510,6891,5121,8335,37475,37685,62550,8,0.22241494329553,0.180203974895397,0.135889611251161
"BK1771","Holy Cross Cemetery",1,"Brooklyn",1,0,0,0,0,0,0,0,NA,NA,NA,NA,NA
"BK1801","Flatlands",27,"Brooklyn",1,61589,21884,12618,7759,7118,61357,61505,87957,26,0.116009583258634,0.204874247024631,0.126152345337777
"BK1802","Marine Park-Mill Basin-Bergen Beach",19,"Brooklyn",1,42837,15127,9681,5058,2949,42758,42735,114035,19,0.0689695495579775,0.225996218222565,0.118357318357318
"BK1803","Canarsie",34,"Brooklyn",1,76746,26760,15681,8662,10322,75852,76052,83139,33,0.136080788904709,0.204323352357126,0.113895755535686
"BK1891","Marine Park-Plumb Island",1,"Brooklyn",1,0,0,0,0,0,0,0,NA,NA,NA,NA,NA
"BK1892","McGuire Fields",1,"Brooklyn",1,0,0,0,0,0,0,0,NA,NA,NA,NA,NA
"BK1893","Canarsie Park & Pier",2,"Brooklyn",1,0,0,0,0,0,0,0,NA,NA,NA,NA,NA
"BK5591","Prospect Park",1,"Brooklyn",1,0,0,0,0,0,0,0,NA,NA,NA,NA,NA
"BK5691","Barren Island-Floyd Bennett Field",1,"Brooklyn",1,14,9,0,0,0,14,14,NA,NA,0,0,0
"BK5692","Jamaica Bay (West)",1,"Brooklyn",1,0,0,0,0,0,0,0,NA,NA,NA,NA,NA
"BK5693","Shirley Chisholm State Park",1,"Brooklyn",1,0,0,0,0,0,0,0,NA,NA,NA,NA,NA
"BX0101","Mott Haven-Port Morris",15,"Bronx",1,56600,22081,7214,13140,23756,56451,56532,29645,14,0.420825140387239,0.127455830388693,0.232434727234133
"BX0102","Melrose",8,"Bronx",1,41043,15978,5240,8885,17401,40900,41024,31028,8,0.425452322738386,0.127670979216919,0.216580538221529
"BX0201","Hunts Point",6,"Bronx",1,14219,5245,2046,3462,3950,13816,13942,40045,4,0.285900405327157,0.143891975525705,0.248314445560178
"BX0202","Longwood",9,"Bronx",1,40143,14677,4954,10335,13311,39663,39958,37218,9,0.335602450646698,0.123408813491767,0.258646578907853
"BX0291","North & South Brother Islands",1,"Bronx",1,0,0,0,0,0,0,0,NA,NA,NA,NA,NA
"BX0301","Morrisania",7,"Bronx",1,37248,14072,2977,8276,14552,36940,37031,33969,7,0.393936112615051,0.0799237542955326,0.223488428613864
"BX0302","Claremont Village-Claremont (East)",6,"Bronx",1,24213,8503,2983,4635,11380,23889,23993,33253,6,0.476369877349408,0.123198281914674,0.19318134455883
"BX0303","Crotona Park East",7,"Bronx",1,29480,11668,3773,7033,9099,29461,29480,38302,7,0.308848986796103,0.127985074626866,0.238568521031208
"BX0391","Crotona Park",1,"Bronx",1,0,0,0,0,0,0,0,NA,NA,NA,NA,NA
"BX0401","Concourse-Concourse Village",14,"Bronx",1,67780,27203,9451,13517,22119,66220,67110,44135,14,0.334022953790396,0.139436411920921,0.201415586350767
"BX0402","Highbridge",5,"Bronx",1,30812,12162,3370,5182,8830,30207,30729,44594,5,0.292316350514781,0.109372971569518,0.168635490904357
"BX0403","Mount Eden-Claremont (West)",12,"Bronx",1,48394,17422,5965,9647,14759,48222,48394,43308,12,0.306063622413006,0.123259081704344,0.199342893747159
"BX0491","Yankee Stadium-Macombs Dam Park",1,"Bronx",1,0,0,0,0,0,0,0,NA,NA,NA,NA,NA
"BX0492","Claremont Park",1,"Bronx",1,0,0,0,0,0,0,0,NA,NA,NA,NA,NA
"BX0501","University Heights (South)-Morris Heights",13,"Bronx",1,53624,19333,5709,11951,20618,53392,53613,34394,12,0.386162721006892,0.106463523795316,0.222912353347136
"BX0502","Mount Hope",10,"Bronx",1,47120,17264,4714,9477,14762,46002,46951,40825,9,0.320899091343855,0.100042444821732,0.201848735916168
"BX0503","Fordham Heights",7,"Bronx",1,30863,10692,2315,4572,10638,30770,30863,38801,7,0.345726356841079,0.0750089103457214,0.148138547775654
"BX0601","West Farms",5,"Bronx",1,18442,7156,2467,3851,7913,18255,18422,31965,5,0.433470282114489,0.133770740700575,0.209043534903919
"BX0602","Tremont",9,"Bronx",1,32428,12135,4061,8822,10213,32085,32187,36794,9,0.318310737104566,0.125231281608486,0.274085811041725
"BX0603","Belmont",7,"Bronx",1,35608,12802,4037,6061,13372,32050,35608,32264,7,0.417223088923557,0.113373399236127,0.170214558526174
"BX0701","University Heights (North)-Fordham",9,"Bronx",1,42305,16160,5846,6976,11095,41260,41377,44865,9,0.268904507998061,0.138186975534807,0.168596079947797
"BX0702","Bedford Park",11,"Bronx",1,49148,20487,6441,6964,13974,49000,49061,46725,11,0.285183673469388,0.131053145601042,0.141945741016286
"BX0703","Norwood",8,"Bronx",1,39556,15109,4033,5578,10863,38914,39028,51548,8,0.279154031967929,0.10195671958742,0.14292302961976
"BX0801","Kingsbridge Heights-Van Cortlandt Village",6,"Bronx",1,33261,13295,5525,4682,7008,32504,32460,62573,6,0.215604233325129,0.166110459697544,0.144239063462723
"BX0802","Kingsbridge-Marble Hill",5,"Bronx",1,24004,9303,3430,4747,6744,23835,23844,50515,5,0.282945248584015,0.142892851191468,0.199085723871834
"BX0803","Riverdale-Spuyten Duyvil",14,"Bronx",1,47430,20096,13647,6548,2817,43481,45373,108322,13,0.0647869184241393,0.287729285262492,0.144314900932273
"BX0901","Soundview-Bruckner-Bronx River",15,"Bronx",1,67869,24895,8431,8901,22245,67340,67678,42210,15,0.33033858033858,0.124224609173555,0.13151984396702
"BX0902","Soundview-Clason Point",8,"Bronx",1,35612,13149,6482,6887,7764,35071,35382,60080,8,0.221379487325711,0.182017297540155,0.194646995647504
"BX0903","Castle Hill-Unionport",9,"Bronx",1,35838,12870,6251,6442,8652,35624,35829,57830,9,0.242869975297552,0.174423795970757,0.179798487258924
"BX0904","Parkchester",5,"Bronx",1,29460,12480,4529,3787,6190,29272,29445,61589,5,0.211464881115059,0.153733876442634,0.128612667685515
"BX0991","Soundview Park",1,"Bronx",1,105,0,0,14,78,105,105,NA,NA,0.742857142857143,0,0.133333333333333
"BX1001","Westchester Square",5,"Bronx",1,14680,5148,2063,1730,3493,14434,14436,57101,5,0.24199806013579,0.140531335149864,0.119839290662233
"BX1002","Throgs Neck-Schuylerville",14,"Bronx",1,47903,17284,7487,7645,6675,46241,47685,82192,14,0.144352414523907,0.156295012838444,0.160322952710496
"BX1003","Pelham Bay-Country Club-City Island",6,"Bronx",1,28351,11597,5624,4543,3514,28111,28143,81525,6,0.125004446657892,0.198370427850869,0.161425576519916
"BX1004","Co-op City",7,"Bronx",1,36000,16716,9811,5511,3890,35313,35321,62754,7,0.110157732279897,0.272527777777778,0.156026160074743
"BX1071","Hart Island",1,"Bronx",1,0,0,0,0,0,0,0,NA,NA,NA,NA,NA
"BX1091","Ferry Point Park-St. Raymond Cemetery",1,"Bronx",1,0,0,0,0,0,0,0,NA,NA,NA,NA,NA
"BX1101","Pelham Parkway-Van Nest",9,"Bronx",1,28955,10894,3259,4164,5921,28776,28872,65945,9,0.205761745899361,0.112553963046106,0.144222776392352
"BX1102","Morris Park",10,"Bronx",1,23701,8815,4007,2659,2618,22859,23282,80967,10,0.11452819458419,0.16906459643053,0.114208401340091
"BX1103","Pelham Gardens",10,"Bronx",1,27832,9181,5734,2905,3679,26179,26209,89594,10,0.140532487871958,0.206021845357861,0.110839787859132
"BX1104","Allerton",9,"Bronx",1,33067,14011,5481,5155,8667,32457,32538,44113,9,0.267030224604862,0.165754377476033,0.158430143217161
"BX1161","Hutchinson Metro Center",1,"Bronx",1,374,0,118,32,107,135,135,NA,NA,0.792592592592593,0.315508021390374,0.237037037037037
"BX1201","Williamsbridge-Olinville",20,"Bronx",1,57663,21433,8320,8574,14755,56623,57306,57055,19,0.260583155254932,0.144286630941852,0.149617841063763
"BX1202","Eastchester-Edenwald-Baychester",12,"Bronx",1,51213,17506,8259,7884,10180,50176,50142,70558,11,0.202885841836735,0.161267646886533,0.157233456982171
"BX1203","Wakefield-Woodlawn",16,"Bronx",1,49552,18594,8769,7874,8587,49001,49265,85993,16,0.175241321605682,0.176965611882467,0.159829493555262
"BX1271","Woodlawn Cemetery",1,"Bronx",1,0,0,0,0,0,0,0,NA,NA,NA,NA,NA
"BX2691","Van Cortlandt Park",1,"Bronx",1,0,0,0,0,0,0,0,NA,NA,NA,NA,NA
"BX2791","Bronx Park",1,"Bronx",1,32,8,0,13,2,32,32,NA,NA,0.0625,0,0.40625
"BX2891","Pelham Bay Park",2,"Bronx",1,154,31,1,20,16,154,154,NA,NA,0.103896103896104,0.00649350649350649,0.12987012987013
"MN0101","Financial District-Battery Park City",7,"Manhattan",1,48198,23144,3887,1730,2819,46415,48186,195573,7,0.0607346762899925,0.0806464998547658,0.0359025443074752
"MN0102","Tribeca-Civic Center",5,"Manhattan",1,22563,9638,3064,1476,1631,20861,22089,229813,5,0.0781841714203538,0.13579754465275,0.0668205894336548
"MN0191","The Battery-Governors Island-Ellis Island-Liberty Island",3,"Manhattan",1,0,0,0,0,0,0,0,NA,NA,NA,NA,NA
"MN0201","SoHo-Little Italy-Hudson Square",6,"Manhattan",1,21220,11840,3795,1641,2217,20814,21220,147765,6,0.106514845776881,0.178840716305372,0.0773327049952875
"MN0202","Greenwich Village",7,"Manhattan",1,31628,15537,5561,2192,2303,26974,31603,175960,7,0.0853785126418032,0.175825218161123,0.069360503749644
"MN0203","West Village",7,"Manhattan",1,31913,18404,5375,2023,1987,31435,31848,183262,7,0.0632097979958645,0.168426659981826,0.063520472243155
"MN0301","Chinatown-Two Bridges",7,"Manhattan",1,38006,18246,9769,4945,13212,37707,37742,36726,6,0.350385869997613,0.257038362363837,0.131021143553601
"MN0302","Lower East Side",10,"Manhattan",1,47185,22062,10510,7898,11449,46572,46986,68630,10,0.245834406939792,0.222740277630603,0.16809262333461
"MN0303","East Village",14,"Manhattan",1,69437,33560,10217,9824,14024,64018,69269,96609,14,0.219063388422006,0.147140573469476,0.14182390391084
"MN0401","Chelsea-Hudson Yards",13,"Manhattan",1,62960,35994,10042,6334,7353,61708,62896,130722,13,0.11915796979322,0.159498094027954,0.100705927244976
"MN0402","Hell's Kitchen",10,"Manhattan",1,54743,32736,9073,6477,6648,54362,54715,108939,10,0.122291306427284,0.165738085234642,0.118377044686101
"MN0501","Midtown South-Flatiron-Union Square",8,"Manhattan",1,29148,15619,3521,1900,3366,26388,29122,186086,8,0.127557980900409,0.120797310278578,0.065242771787652
"MN0502","Midtown-Times Square",14,"Manhattan",1,23035,13384,5013,2613,2571,22694,23006,155770,12,0.113289856349696,0.217625352724115,0.113579066330522
"MN0601","Stuyvesant Town-Peter Cooper Village",2,"Manhattan",1,22040,10527,4097,1543,1835,22040,22040,164234,2,0.0832577132486388,0.185889292196007,0.0700090744101633
"MN0602","Gramercy",4,"Manhattan",1,25905,13459,3966,1828,2928,23428,25861,152659,4,0.124978658016049,0.153097857556456,0.0706855883376513
"MN0603","Murray Hill-Kips Bay",9,"Manhattan",1,53742,30641,9423,4348,5317,52043,53598,130997,9,0.102165516976346,0.175337724684604,0.0811224299414157
"MN0604","East Midtown-Turtle Bay",10,"Manhattan",1,42046,23587,11643,3331,3114,41818,42045,175362,10,0.0744655411545268,0.276911002235647,0.0792246402663813
"MN0661","United Nations",1,"Manhattan",1,0,0,0,0,0,0,0,NA,NA,NA,NA,NA
"MN0701","Upper West Side-Lincoln Square",11,"Manhattan",1,69909,37142,14030,5844,7198,67696,69877,169470,11,0.106328291184117,0.200689467736629,0.0836326688323769
"MN0702","Upper West Side (Central)",12,"Manhattan",1,101153,48748,23265,9712,9045,100046,100282,161803,12,0.09040841213042,0.229998121657291,0.0968468917652221
"MN0703","Upper West Side-Manhattan Valley",6,"Manhattan",1,50132,22777,11518,6618,8156,48979,49526,108956,6,0.166520345454174,0.229753450889651,0.133626781892339
"MN0801","Upper East Side-Lenox Hill-Roosevelt Island",14,"Manhattan",1,77188,40586,14903,6758,6679,75540,76262,137957,14,0.0884167328567646,0.1930740529616,0.0886155621410401
"MN0802","Upper East Side-Carnegie Hill",14,"Manhattan",1,56073,27366,16925,4530,2811,55807,56052,210571,14,0.0503700252656477,0.301838674584916,0.0808178120316849
"MN0803","Upper East Side-Yorkville",14,"Manhattan",1,78549,43013,17939,7702,6251,78016,78002,149848,14,0.0801245898277276,0.228379737488701,0.0987410579215918
"MN0901","Morningside Heights",8,"Manhattan",1,37716,12431,6384,3973,6522,26104,37306,82777,8,0.249846766779038,0.169265033407572,0.106497614324773
"MN0902","Manhattanville-West Harlem",5,"Manhattan",1,21638,8346,2870,3442,6140,21168,21606,45385,4,0.290060468631897,0.132637027451705,0.159307599740813
"MN0903","Hamilton Heights-Sugar Hill",7,"Manhattan",1,53598,20276,7770,7456,12470,53230,53540,65609,7,0.23426639113282,0.144968095824471,0.139260366081434
"MN1001","Harlem (South)",10,"Manhattan",1,48446,21253,5297,5392,8910,48330,48446,77149,10,0.184357541899441,0.109338232258597,0.111299178466746
"MN1002","Harlem (North)",15,"Manhattan",1,86565,37462,11560,13824,26033,86012,86329,49748,15,0.302667069711203,0.133541269566222,0.160131589616467
"MN1101","East Harlem (South)",11,"Manhattan",1,61875,26904,10613,11360,18237,59534,61114,46953,11,0.306329156448416,0.171523232323232,0.185882121936054
"MN1102","East Harlem (North)",12,"Manhattan",1,63246,28197,8951,11290,19846,62593,62806,44772,12,0.317064208457815,0.141526736868735,0.17975989555138
"MN1191","Randall's Island",1,"Manhattan",1,2395,0,193,946,1511,2166,2211,NA,NA,0.697599261311173,0.0805845511482255,0.427860696517413
"MN1201","Washington Heights (South)",11,"Manhattan",1,76079,27997,14044,15538,18087,74629,75838,61497,11,0.24235886853636,0.184597589347915,0.204884095044701
"MN1202","Washington Heights (North)",12,"Manhattan",1,74030,29009,12632,9102,10411,72329,73187,84083,12,0.143939498679644,0.170633526948534,0.124366349215025
"MN1203","Inwood",6,"Manhattan",1,36850,15041,6140,6220,6002,36813,36850,69195,6,0.163040230353408,0.166621438263229,0.168792401628223
"MN1291","Highbridge Park",1,"Manhattan",1,0,0,0,0,0,0,0,NA,NA,NA,NA,NA
"MN1292","Inwood Hill Park",1,"Manhattan",1,13,0,2,0,0,0,0,NA,NA,NA,0.153846153846154,NA
"MN6491","Central Park",1,"Manhattan",1,0,0,0,0,0,0,0,NA,NA,NA,NA,NA
"QN0101","Astoria (North)-Ditmars-Steinway",17,"Queens",1,48620,20521,6650,4435,5050,48422,48620,100929,16,0.104291437776217,0.136774989716166,0.0912176059234883
"QN0102","Old Astoria-Hallets Point",6,"Queens",1,13998,6641,1761,1961,2699,13948,13996,112417,5,0.193504445081732,0.125803686240892,0.140111460417262
"QN0103","Astoria (Central)",11,"Queens",1,48044,24001,6095,3870,4578,47712,47761,101745,11,0.0959507042253521,0.126862875697277,0.0810284541780951
"QN0104","Astoria (East)-Woodside (North)",14,"Queens",1,36805,16717,4995,3732,4371,36741,36802,79887,14,0.118967910508696,0.135715256079337,0.101407532199337
"QN0105","Queensbridge-Ravenswood-Dutch Kills",12,"Queens",1,29051,13688,3882,3600,6146,28861,29051,76600,11,0.212951734174145,0.133627069636157,0.123920002753778
"QN0151","Rikers Island",1,"Bronx",1,2950,0,91,0,0,0,0,NA,NA,NA,0.0308474576271186,NA
"QN0161","Sunnyside Yards (North)",1,"Queens",1,344,175,0,0,22,343,343,184083,1,0.0641399416909621,0,0
"QN0171","St. Michael's Cemetery",1,"Queens",1,0,0,0,0,0,0,0,NA,NA,NA,NA,NA
"QN0191","Astoria Park",1,"Queens",1,0,0,0,0,0,0,0,NA,NA,NA,NA,NA
"QN0201","Long Island City-Hunters Point",9,"Queens",1,30464,15844,1548,1421,2411,30464,30443,170326,7,0.0791425945378151,0.0508140756302521,0.0466773971027823
"QN0202","Sunnyside",18,"Queens",1,46879,21055,6366,3680,5974,46645,46747,81960,14,0.128073748526101,0.135796412039506,0.0787216291954564
"QN0203","Woodside",14,"Queens",1,46947,18812,8477,3358,4129,46495,46716,75617,14,0.0888052478761157,0.1805653183377,0.0718811542084083
"QN0261","Sunnyside Yards (South)",1,"Queens",1,0,0,0,0,0,0,0,NA,NA,NA,NA,NA
"QN0271","Calvary & Mount Zion Cemeteries",1,"Queens",1,0,0,0,0,0,0,0,NA,NA,NA,NA,NA
"QN0301","Jackson Heights",20,"Queens",1,93975,35581,16375,10048,12318,93562,93709,79884,20,0.131656014193797,0.174248470337856,0.10722555997823
"QN0302","East Elmhurst",10,"Queens",1,29093,8647,4309,2770,4225,28350,28685,80116,10,0.149029982363316,0.148111229505379,0.0965661495555168
"QN0303","North Corona",10,"Queens",1,38521,9738,3240,2912,6621,38291,38472,80006,10,0.172912694889138,0.0841099659925755,0.0756914119359534
"QN0401","Elmhurst",23,"Queens",1,100015,33039,13881,8491,14839,99136,99802,72467,23,0.149683263395739,0.138789181622757,0.0850784553415763
"QN0402","Corona",17,"Queens",1,67341,20432,9579,9178,13547,65933,66838,69520,17,0.205466155036173,0.142246179890409,0.137317095065681
"QN0501","Maspeth",20,"Queens",1,40680,14746,6849,3926,5126,40374,40455,87267,18,0.126962896913855,0.168362831858407,0.0970461006056112
"QN0502","Ridgewood",19,"Queens",1,66747,25112,7619,5811,8978,66482,66678,87554,18,0.135044072079661,0.114147452319954,0.0871501844686403
"QN0503","Glendale",13,"Queens",1,35585,12880,5838,3341,3209,35419,35558,94437,13,0.0906010898105537,0.164057889560208,0.0939591653073851
"QN0504","Middle Village",14,"Queens",1,34057,12976,8239,4207,2778,33603,33715,94141,13,0.082671190072315,0.241917961065273,0.124781254634436
"QN0571","Mount Olivet & All Faiths Cemeteries",1,"Queens",1,0,0,0,0,0,0,0,NA,NA,NA,NA,NA
"QN0572","Middle Village Cemetery",1,"Queens",1,0,0,0,0,0,0,0,NA,NA,NA,NA,NA
"QN0573","St. John Cemetery",1,"Queens",1,0,0,0,0,0,0,0,NA,NA,NA,NA,NA
"QN0574","Highland Park-Cypress Hills Cemeteries (North)",1,"Queens",1,12,4,0,0,0,12,12,NA,NA,0,0,0
"QN0601","Rego Park",8,"Queens",1,29744,12637,6580,3600,3384,29612,29733,84920,8,0.114277995407267,0.221221086605702,0.121077590555948
"QN0602","Forest Hills",24,"Queens",1,93621,40992,19661,10452,9048,93137,93205,107850,24,0.0971472132450047,0.210006302004892,0.112139906657368
"QN0701","College Point",7,"Queens",1,30120,9642,6540,2703,3237,29574,29607,91833,7,0.109454250355042,0.217131474103586,0.0912959773026649
"QN0702","Whitestone-Beechhurst",7,"Queens",1,29547,11007,7382,2944,2065,29348,29382,103344,7,0.0703625459997274,0.249839239178258,0.100197399768566
"QN0703","Bay Terrace-Clearview",5,"Queens",1,23195,10403,7029,3650,2349,23154,23175,103249,5,0.101451153148484,0.30303944815693,0.157497303128371
"QN0704","Murray Hill-Broadway Flushing",15,"Queens",1,53912,19740,11930,4647,10319,53047,53110,72788,15,0.19452560936528,0.221286541029826,0.087497646394276
"QN0705","East Flushing",14,"Queens",1,30771,11132,8075,3854,5085,30664,30751,61333,13,0.16582963735977,0.262422410711384,0.125329257585119
"QN0706","Queensboro Hill",5,"Queens",1,20405,6216,3695,1944,3459,20391,20402,71064,5,0.169633661909666,0.181083067875521,0.0952847760023527
"QN0707","Flushing-Willets Point",14,"Queens",1,61079,26505,14708,7975,13143,60291,60305,55738,13,0.217992735234115,0.240802894611896,0.1322444241771
"QN0761","Fort Totten",1,"Queens",1,0,0,0,0,0,0,0,NA,NA,NA,NA,NA
"QN0791","Kissena Park",1,"Queens",1,0,0,0,0,0,0,0,NA,NA,NA,NA,NA
"QN0801","Kew Gardens Hills",8,"Queens",1,35598,12834,6468,3820,3735,34340,35585,85291,8,0.108765288293535,0.181695600876454,0.107348601939019
"QN0802","Pomonok-Electchester-Hillcrest",8,"Queens",1,34432,12434,6503,4674,4360,32059,34308,78614,8,0.135999251380268,0.18886500929368,0.136236446309899
"QN0803","Fresh Meadows-Utopia",6,"Queens",1,20679,7952,4152,1554,1800,20677,20679,97257,6,0.0870532475697635,0.200783403452778,0.0751487015813144
"QN0804","Jamaica Estates-Holliswood",8,"Queens",1,23270,8841,5160,2111,2692,22630,22961,87536,8,0.11895713654441,0.221744735711216,0.0919385044205392
"QN0805","Jamaica Hills-Briarwood",10,"Queens",1,37121,14186,7028,4236,5130,36526,36534,92556,10,0.140447900125938,0.189326796153121,0.115946789292166
"QN0871","Mount Hebron & Cedar Grove Cemeteries",1,"Queens",1,0,0,0,0,0,0,0,NA,NA,NA,NA,NA
"QN0891","Cunningham Park",1,"Queens",1,0,0,0,0,0,0,0,NA,NA,NA,NA,NA
"QN0901","Kew Gardens",9,"Queens",1,24548,10568,4567,2791,2301,24339,24483,89550,8,0.0945396277579194,0.18604366954538,0.113997467630601
"QN0902","Richmond Hill",13,"Queens",1,32785,10389,5217,3651,3278,32223,32396,88385,13,0.101728578965335,0.159127649839866,0.112699098654155
"QN0903","South Richmond Hill",9,"Queens",1,23493,6508,3467,2550,2797,23348,23462,85086,8,0.119796128148021,0.147575873664496,0.108686386497315
"QN0904","Ozone Park (North)",10,"Queens",1,25562,7417,3540,2619,4823,25327,25539,80586,10,0.190429186243929,0.138486816368046,0.102549042640667
"QN0905","Woodhaven",13,"Queens",1,39914,11883,5824,3974,4248,39836,39904,93448,13,0.106637212571543,0.145913714486145,0.0995890136327185
"QN1001","South Ozone Park",25,"Queens",1,80840,22848,14458,8360,9641,80219,80818,100469,25,0.120183497675114,0.17884710539337,0.103442302457373
"QN1002","Ozone Park",7,"Queens",1,23862,7518,3791,3080,2430,23561,23862,86696,6,0.103136539196129,0.158871846450423,0.129075517559299
"QN1003","Howard Beach-Lindenwood",4,"Queens",1,31308,11346,7530,6066,2165,31308,31293,100809,4,0.0691516545291938,0.24051360674588,0.19384526890998
"QN1091","Spring Creek Park",1,"Queens",1,0,0,0,0,0,0,0,NA,NA,NA,NA,NA
"QN1101","Auburndale",13,"Queens",1,34216,12682,7552,3396,3365,33581,33953,94848,13,0.100205473333135,0.220715454758008,0.100020616734898
"QN1102","Bayside",13,"Queens",1,35395,12688,7175,3449,3937,35278,35296,108454,13,0.111599297012302,0.202712247492584,0.0977164551223935
"QN1103","Douglaston-Little Neck",6,"Queens",1,25623,10088,6890,3204,1498,25536,25536,122147,6,0.0586622807017544,0.268899036022324,0.12546992481203
"QN1104","Oakland Gardens-Hollis Hills",5,"Queens",1,24840,9834,5922,2323,1851,24840,24840,102446,5,0.0745169082125604,0.238405797101449,0.0935185185185185
"QN1191","Alley Pond Park",1,"Queens",1,92,0,33,30,30,71,89,NA,NA,0.422535211267606,0.358695652173913,0.337078651685393
"QN1201","Jamaica",15,"Queens",1,56742,18224,8438,6584,10259,55997,56489,61143,14,0.1832062431916,0.148708187938388,0.116553665315371
"QN1202","South Jamaica",14,"Queens",1,42675,12660,5456,3846,5874,42469,42628,74002,13,0.138312651581153,0.127850029291154,0.0902223890400676
"QN1203","Baisley Park",20,"Queens",1,43885,13205,6302,4793,5385,43598,43845,85631,19,0.123514840130281,0.14360259769853,0.109316911848557
"QN1204","Springfield Gardens (North)-Rochdale Village",6,"Queens",1,33511,12948,5597,4502,4615,33348,33486,77057,6,0.138389108792131,0.167019784548357,0.134444245356268
"QN1205","St. Albans",23,"Queens",1,54727,16417,8915,6023,5140,54190,54412,101281,22,0.094851448606754,0.162899482887788,0.110692494302727
"QN1206","Hollis",10,"Queens",1,22264,6848,4028,2671,2641,21629,21913,85188,10,0.122104581811457,0.180919870643191,0.121891114863323
"QN1301","Glen Oaks-Floral Park-New Hyde Park",6,"Queens",1,22157,8972,8043,3629,1838,21506,21591,110908,6,0.0854645215288757,0.363000406192174,0.168079292297717
"QN1302","Bellerose",6,"Queens",1,26891,8726,6780,3860,1903,26418,26467,104693,6,0.0720342190930426,0.252128965081254,0.14584199191446
"QN1303","Queens Village",20,"Queens",1,55339,16816,11819,6869,5257,55046,55158,104046,19,0.0955019438287977,0.213574513453442,0.124533159287864
"QN1304","Cambria Heights",13,"Queens",1,19981,6567,4803,2716,1498,19775,19971,112672,13,0.0757522123893805,0.240378359441469,0.135997195934104
"QN1305","Laurelton",11,"Queens",1,27708,8789,5104,2745,1536,27510,27588,114800,11,0.0558342420937841,0.184206727298975,0.0994997825141366
"QN1306","Springfield Gardens (South)-Brookville",7,"Queens",1,24458,6819,3113,1919,2475,23947,24347,115929,5,0.10335323840147,0.127279417777414,0.0788187456360127
"QN1307","Rosedale",8,"Queens",1,28309,8410,4797,3027,2929,28195,28309,120880,8,0.1038836673169,0.169451411211982,0.106927125649087
"QN1371","Montefiore Cemetery",1,"Queens",1,0,0,0,0,0,0,0,NA,NA,NA,NA,NA
"QN1401","Far Rockaway-Bayswater",11,"Queens",1,62827,20742,10883,9446,12952,60855,61157,63990,11,0.212833785227179,0.173221704044439,0.154454927481727
"QN1402","Rockaway Beach-Arverne-Edgemere",9,"Queens",1,42621,15989,6892,6494,10874,41401,41396,58538,9,0.262650660612062,0.161704324159452,0.156875060392308
"QN1403","Breezy Point-Belle Harbor-Rockaway Park-Broad Channel",7,"Queens",1,25783,9963,5980,3308,2014,25198,25296,120977,7,0.0799269783316136,0.231935771632471,0.130771663504111
"QN1491","Rockaway Community Park",1,"Queens",1,0,0,0,0,0,0,0,NA,NA,NA,NA,NA
"QN8081","LaGuardia Airport",1,"Queens",1,0,0,0,0,0,0,0,NA,NA,NA,NA,NA
"QN8191","Flushing Meadows-Corona Park",1,"Queens",1,0,0,0,0,0,0,0,NA,NA,NA,NA,NA
"QN8291","Forest Park",1,"Queens",1,0,0,0,0,0,0,0,NA,NA,NA,NA,NA
"QN8381","John F. Kennedy International Airport",1,"Queens",1,0,0,0,0,0,0,0,NA,NA,NA,NA,NA
"QN8491","Jamaica Bay (East)",1,"Queens",1,0,0,0,0,0,0,0,NA,NA,NA,NA,NA
"QN8492","Jacob Riis Park-Fort Tilden-Breezy Point Tip",3,"Queens",1,24,9,8,8,0,24,24,NA,NA,0,0.333333333333333,0.333333333333333
"SI0101","St. George-New Brighton",6,"Staten Island",1,21009,7342,3172,2742,5854,20643,20641,70476,6,0.283582812575692,0.150982912085297,0.132842401046461
"SI0102","Tompkinsville-Stapleton-Clifton-Fox Hills",5,"Staten Island",1,18170,6083,2518,2084,4756,17467,17497,51778,5,0.272284880059541,0.138580077050083,0.119106132479854
"SI0103","Rosebank-Shore Acres-Park Hill",7,"Staten Island",1,23027,8820,3671,2672,3736,22994,22972,70751,7,0.162477167956858,0.159421548616841,0.116315514539439
"SI0104","West New Brighton-Silver Lake-Grymes Hill",12,"Staten Island",1,35957,12905,5371,3943,3499,34929,35506,107570,11,0.100174639983967,0.149372862029647,0.111051653241706
"SI0105","Westerleigh-Castleton Corners",8,"Staten Island",1,31542,10804,5470,3079,2321,31410,31542,119026,8,0.073893664438077,0.173419567560713,0.097615877243041
"SI0106","Port Richmond",6,"Staten Island",1,20577,6431,2322,2312,4048,20552,20553,81299,6,0.196963799143636,0.112844437964718,0.112489660876758
"SI0107","Mariner's Harbor-Arlington-Graniteville",8,"Staten Island",1,32272,10865,4756,3992,5091,32209,32255,85529,8,0.15806141140675,0.147372335151215,0.123763757556968
"SI0191","Snug Harbor",1,"Staten Island",1,40,21,17,0,0,40,40,NA,NA,0,0.425,0
"SI0201","Grasmere-Arrochar-South Beach-Dongan Hills",9,"Staten Island",1,35372,13038,7010,4359,3833,34708,34922,80169,9,0.110435634435865,0.198179350899016,0.124821029723384
"SI0202","New Dorp-Midland Beach",6,"Staten Island",1,29103,9591,4773,3102,2631,29028,29103,96225,6,0.0906366267052501,0.164003710957633,0.10658694979899
"SI0203","Todt Hill-Emerson Hill-Lighthouse Hill-Manor Heights",9,"Staten Island",1,33910,10543,7771,3822,3733,32726,32731,111523,9,0.114068324879301,0.229165437923916,0.116770034523846
"SI0204","New Springville-Willowbrook-Bulls Head-Travis",9,"Staten Island",1,42601,14974,8113,4654,5413,42294,42568,96241,9,0.127985056982078,0.190441538931011,0.109330952828416
"SI0291","Freshkills Park (North)",1,"Staten Island",1,0,0,0,0,0,0,0,NA,NA,NA,NA,NA
"SI0301","Oakwood-Richmondtown",5,"Staten Island",1,21154,7934,4630,2501,1912,21088,21149,111581,5,0.0906676783004552,0.218871135482651,0.118256182325405
"SI0302","Great Kills-Eltingville",11,"Staten Island",1,58253,19882,10435,5844,4200,58212,58253,118504,11,0.0721500721500721,0.179132405198016,0.100321013510034
"SI0303","Arden Heights-Rossville",7,"Staten Island",1,31824,10776,5418,3429,1718,31822,31806,111900,7,0.0539878071774244,0.170248868778281,0.107809847198642
"SI0304","Annadale-Huguenot-Prince's Bay-Woodrow",7,"Staten Island",1,42159,14447,7253,4329,2169,41956,42150,112231,7,0.0516970159214415,0.172039184990156,0.10270462633452
"SI0305","Tottenville-Charleston",4,"Staten Island",1,17425,6138,2546,1682,1334,17392,17425,146847,3,0.0767019319227231,0.146111908177905,0.0965279770444763
"SI0391","Freshkills Park (South)",1,"Staten Island",1,37,10,0,5,0,37,37,NA,NA,0,0,0.135135135135135
"SI9561","Fort Wadsworth",1,"Staten Island",1,449,146,9,7,27,427,346,67273,1,0.063231850117096,0.0200445434298441,0.0202312138728324
"SI9591","Hoffman & Swinburne Islands",1,"Staten Island",1,0,0,0,0,0,0,0,NA,NA,NA,NA,NA
"SI9592","Miller Field",1,"Staten Island",1,75,27,0,43,11,75,75,NA,NA,0.146666666666667,0,0.573333333333333
"SI9593","Great Kills Park",1,"Staten Island",1,0,0,0,0,0,0,0,NA,NA,NA,NA,NA
