"locationid","nta2020","w_from"
2,"QN8491",0.651388680939055
2,"BK5692",0.345731762474187
2,"QN1403",0.0028795565867585
3,"BX1103",0.946713464292163
3,"BX1104",0.0532865357078371
4,"MN0303",1
5,"SI0303",0.770526166116657
5,"SI0304",0.229473833883343
6,"SI0201",0.749933143785441
6,"SI9561",0.240446521963024
6,"SI0103",0.00962033425153514
7,"QN0104",0.469793669845396
7,"QN0103",0.38613278220328
7,"QN0105",0.109420402571502
7,"QN0102",0.034653145379822
8,"QN0191",1
9,"QN1101",0.996812856317678
9,"QN0803",0.00318714368232165
10,"QN1203",1
11,"BK1102",1
12,"MN0191",0.981354559385212
12,"MN0101",0.0186454406147882
13,"MN0101",1
14,"BK1001",0.87378340257273
14,"BK1061",0.12621659742727
15,"QN0703",0.848294393143341
15,"QN0761",0.150212447178264
15,"QN0702",0.0014931596783949
16,"QN1102",0.733563994304613
16,"QN1101",0.265161529586369
16,"QN1104",0.00068597707186197
16,"QN0891",0.00058849903715591
17,"BK0301",0.889078861145548
17,"BK0103",0.110921138854452
18,"BX0702",0.646301514990238
18,"BX0701",0.232002016804571
18,"BX0503",0.121696468205192
19,"QN1302",0.999130423004862
19,"QN1103",0.00086957699513818
20,"BX0603",1
21,"BK1103",0.82378316385675
21,"BK1101",0.17621683614325
22,"BK1101",0.907039024643172
22,"BK1103",0.0929609753568276
23,"SI0204",0.834614460029144
23,"SI0203",0.158887942907491
23,"SI0107",0.00289370258081465
23,"SI0105",0.00245786709338595
23,"SI0291",0.00114602738916371
24,"MN0703",1
25,"BK0202",0.620649413595145
25,"BK0601",0.376840423028258
25,"BK0201",0.00251016337659761
26,"BK1202",0.749584449706393
26,"BK1204",0.18502985000429
26,"BK1201",0.0653857002893174
27,"QN8492",0.722773639438361
27,"QN1403",0.277226360561639
28,"QN0805",0.927445538366353
28,"QN1201",0.0645444138494442
28,"QN8191",0.0064695893247694
28,"QN0801",0.000884936637429553
28,"QN0901",0.000655521822003406
29,"BK1303",0.789366250546305
29,"BK1301",0.210633749453695
30,"QN1403",0.991187555671731
30,"QN8491",0.00881244432826927
31,"BX2791",0.992841639019489
31,"BX0601",0.00639094365381705
31,"BX0603",0.000767417326694481
32,"BX1104",0.925074272564898
32,"BX1201",0.0732030535303922
32,"BX1103",0.001199791988144
32,"BX2791",0.000522881916566051
33,"BK0201",0.904516909820953
33,"MN0101",0.0930481405917981
33,"BK0601",0.00243494958724869
34,"BK0261",0.901126757042148
34,"BK0203",0.0952668680873382
34,"BK0202",0.00216094576388772
34,"MN0302",0.00144542910662568
35,"BK1602",0.940935054101576
35,"BK1704",0.0590649458984244
36,"BK0401",0.484782368408292
36,"BK0402",0.373846400233002
36,"BK0104",0.137541103963795
36,"BK0471",0.00311043407257675
36,"QN0574",0.00071969332233425
37,"BK0402",0.406768398305064
37,"BK0401",0.241021970517946
37,"BK0104",0.212297481464634
37,"BK0471",0.12027916744595
37,"BK0302",0.0196329822664053
38,"QN1304",1
39,"BK1803",0.859921185088618
39,"BK1893",0.140078814911382
40,"BK0601",1
41,"MN1001",0.998953201821088
41,"MN1102",0.0010467981789123
42,"MN1002",0.936613876765748
42,"MN1102",0.0633861232342525
43,"MN6491",1
44,"SI0305",0.869194121170582
44,"SI0304",0.130805878829418
45,"MN0301",0.772201750825462
45,"MN0102",0.212541447154745
45,"MN0101",0.0152568020197935
46,"BX1003",0.717641584956379
46,"BX1071",0.282358415043621
47,"BX0302",0.606525517293803
47,"BX0602",0.268450454232145
47,"BX0603",0.125024028474053
48,"MN0402",1
49,"BK0204",0.709587927897162
49,"BK0301",0.290412072102838
50,"MN0402",1
51,"BX1004",0.728145687767476
51,"BX1202",0.264259824966958
51,"BX2891",0.00759448726556634
52,"BK0601",1
53,"QN0701",0.993819859349253
53,"QN0704",0.00366564771065261
53,"QN0707",0.0025144929400942
54,"BK0601",0.782398122082122
54,"MN0191",0.217601877917878
55,"BK1302",1
56,"QN0402",0.959848745347147
56,"QN0303",0.0340850982844191
56,"QN0602",0.0048759756102012
56,"QN8191",0.00119018075823289
58,"BX1003",1
59,"BX0391",1
60,"BX0303",0.789948036189468
60,"BX0601",0.208959425579282
60,"BX0202",0.000560123296411739
60,"BX0901",0.000532414934837666
61,"BK0802",0.685948015016103
61,"BK0302",0.17410228927817
61,"BK0901",0.078940407716881
61,"BK0301",0.0374784893428997
61,"BK0891",0.023530798645946
62,"BK0901",0.99944757242546
62,"BK0801",0.00055242757453952
63,"BK0501",0.59248415215306
63,"BK0571",0.22701372043477
63,"BK0505",0.180502127412169
64,"QN1103",0.721281131656816
64,"QN1191",0.277098929660897
64,"QN1302",0.000822976729746894
64,"QN1104",0.000796961952539981
65,"BK0202",1
66,"BK0202",0.996444008076309
66,"MN0101",0.0021937322236984
66,"BK0261",0.0013622596999929
67,"BK1002",0.677661405567579
67,"BK1091",0.249976043056867
67,"BK1001",0.0723625513755536
68,"MN0401",1
69,"BX0401",0.695870144938236
69,"BX0403",0.212730465237859
69,"BX0492",0.0913993898239053
70,"QN0302",1
71,"BK1702",0.536498139340596
71,"BK1703",0.258995803411319
71,"BK1771",0.110563413698264
71,"BK1701",0.0939426435498198
72,"BK1704",0.503227866437726
72,"BK1703",0.442398428806973
72,"BK1702",0.0543737047553007
73,"QN0705",1
74,"MN1102",1
75,"MN1101",1
76,"BK0503",0.313545628752172
76,"BK0505",0.214248912022489
76,"BK0502",0.155854722486204
76,"BK5693",0.155818371558468
76,"BK0504",0.132269273928794
76,"BK0501",0.0273567753043804
76,"QN1091",0.000906315947492084
77,"BK0503",0.502064131099166
77,"BK0502",0.497935868900834
78,"BX0602",0.592621038925843
78,"BX0601",0.407378961074157
79,"MN0303",0.999414151124473
79,"MN0202",0.000585848875527246
80,"BK0104",1
81,"BX1202",0.99853368726358
81,"BX1103",0.00146631273641985
82,"QN0401",0.988954523645478
82,"QN0601",0.00796230898870191
82,"QN0504",0.00308316736582026
83,"QN0203",0.554046186827427
83,"QN0401",0.445953813172573
84,"SI0304",0.800892561081792
84,"SI0302",0.192647555514489
84,"SI0303",0.00645988340371965
85,"BK1701",0.874589262137246
85,"BK1401",0.125410737862754
86,"QN1401",1
87,"MN0101",1
88,"MN0101",0.997465490651754
88,"MN0191",0.00253450934824549
89,"BK1402",0.506223092013845
89,"BK1401",0.45858786987382
89,"BK1702",0.0351890381123355
90,"MN0401",1
91,"BK1801",1
92,"QN0707",0.845097189032067
92,"QN0704",0.0998781824905926
92,"QN0705",0.0537682986741213
92,"QN8191",0.00125632980321883
93,"QN8191",0.998740741418725
93,"QN0707",0.000666607949469947
93,"QN0302",0.000592650631805163
94,"BX0503",0.880277192237916
94,"BX0603",0.119722807762084
95,"QN0602",1
96,"QN0574",0.563974257050294
96,"QN8291",0.434194402322885
96,"QN0503",0.00107756557435097
96,"QN0905",0.000753775052470246
97,"BK0203",0.99788875702169
97,"BK0602",0.00107079488837301
97,"BK0202",0.00104044808993683
98,"QN0803",0.566303264856348
98,"QN0891",0.431381204227283
98,"QN0804",0.00231553091636944
99,"SI0291",0.584512437781704
99,"SI0391",0.410831561841322
99,"SI0204",0.00465600037697445
100,"MN0502",1
101,"QN1301",0.994587574002702
101,"QN1103",0.00484644387883587
101,"QN1302",0.000565982118461723
102,"QN0503",0.99946444542065
102,"QN0574",0.00053555457935018
103,"MN0191",1
106,"BK0601",0.996732317999396
106,"BK0702",0.00326768200060364
107,"MN0602",1
108,"BK1301",0.709129317424626
108,"BK1501",0.156074891394603
108,"BK1391",0.13479579118077
109,"SI0302",1
110,"SI9593",1
111,"BK0771",1
112,"BK0101",1
113,"MN0202",0.998952812412129
113,"MN0303",0.00104718758787063
114,"MN0202",1
115,"SI0104",0.663191963924252
115,"SI0103",0.249904699096085
115,"SI0102",0.0869033369796628
116,"MN0903",0.992640399509802
116,"MN0902",0.00545934475723013
116,"MN1201",0.00190025573296744
117,"QN1402",0.754334507691582
117,"QN1491",0.144347157680988
117,"QN1401",0.101318334627431
118,"SI0203",0.825799449761561
118,"SI0204",0.172795768060772
118,"SI0105",0.00140478217766734
119,"BX0402",0.791312422392914
119,"BX0403",0.204594766939298
119,"BX0501",0.0040928106677878
120,"MN1291",0.991066303418939
120,"MN1203",0.00712657448149341
120,"MN1202",0.0018071220995676
121,"QN0802",0.858749263831079
121,"QN0803",0.135744356181473
121,"QN0805",0.00550637998744759
122,"QN1206",0.8982704127572
122,"QN1205",0.1017295872428
123,"BK1501",1
124,"QN1003",0.818127883770342
124,"QN1091",0.180549995418236
124,"QN1002",0.00132212081142175
125,"MN0201",0.997125363293605
125,"MN0203",0.00287463670639529
126,"BX0201",0.90640820260288
126,"BX0202",0.0935917973971205
127,"MN1203",0.997634454957027
127,"MN1292",0.00154189267252106
127,"MN1291",0.00082365237045218
128,"MN1292",1
129,"QN0301",0.817283961029948
129,"QN0302",0.181560447249525
129,"QN0104",0.0011555917205269
130,"QN1201",0.947518025916626
130,"QN1206",0.0524819740833742
131,"QN0804",0.918410137525759
131,"QN1303",0.0482226586125972
131,"QN1206",0.0333672038616443
132,"QN8381",0.999411196819293
132,"QN1306",0.000588803180706965
133,"BK1203",1
134,"QN0901",0.991568632588698
134,"QN0805",0.00499072775640877
134,"QN8191",0.00226098534316281
134,"QN0602",0.00117965431173023
135,"QN0801",0.724949124771918
135,"QN0871",0.194422883268139
135,"QN0802",0.0755740480264822
135,"QN8191",0.00398240753058683
135,"QN0805",0.00107153640287416
136,"BX0701",1
137,"MN0603",1
138,"QN8081",0.96883880227504
138,"QN0101",0.0205080515608746
138,"QN0302",0.0106531461640858
139,"QN1305",0.881035253571073
139,"QN1371",0.117924279455866
139,"QN1205",0.00104046697306079
140,"MN0801",0.998973036002467
140,"MN0604",0.00102696399753277
141,"MN0801",1
142,"MN0701",0.997977415344948
142,"MN0502",0.00104188652331605
142,"MN6491",0.000980698131736396
143,"MN0701",0.998965195349635
143,"MN0402",0.00103480465036527
144,"MN0201",1
145,"QN0201",0.998479433084408
145,"QN0105",0.00152056691559224
146,"QN0105",0.996555381847873
146,"QN0201",0.00344461815212652
147,"BX0202",1
148,"MN0302",0.682949461347609
148,"MN0301",0.317050538652391
149,"BK1502",1
150,"BK1503",1
151,"MN0703",1
152,"MN0902",1
153,"BX0802",1
154,"BK5691",0.558320269159819
154,"BK1891",0.441679730840181
155,"BK1802",0.848582422073151
155,"BK1892",0.151417577926849
156,"SI0107",0.995614604132521
156,"SI0204",0.00438539586747889
157,"QN0501",1
158,"MN0203",1
159,"BX0102",1
160,"QN0504",0.603997530316143
160,"QN0573",0.151772953156286
160,"QN0571",0.13255988523379
160,"QN0501",0.111669631293781
161,"MN0502",1
162,"MN0604",1
163,"MN0502",1
164,"MN0501",0.668307947114362
164,"MN0502",0.331692052885638
165,"BK1403",0.899946052041546
165,"BK1204",0.100053947958454
166,"MN0901",1
167,"BX0301",0.817617423321807
167,"BX0303",0.182382576678193
168,"BX0101",0.977788580690361
168,"BX0291",0.0222114193096391
169,"BX0502",0.861818777948159
169,"BX0403",0.134311060072463
169,"BX0492",0.00191558442730795
169,"BX0302",0.00110448880723351
169,"BX0501",0.000850088744836703
170,"MN0603",0.752535601893661
170,"MN0502",0.247464398106339
171,"QN0704",1
172,"SI0202",0.804301477661045
172,"SI9592",0.195698522338955
173,"QN0303",0.737066971689
173,"QN0402",0.262933028311
174,"BX0703",1
175,"QN1104",0.775025991421016
175,"QN1102",0.219398917733363
175,"QN1303",0.00198750074638889
175,"QN0891",0.00196003497878736
175,"QN1302",0.00162755512044476
176,"SI0301",1
177,"BK1601",0.99890922617365
177,"BK0501",0.00109077382634988
178,"BK1204",1
179,"QN0102",0.622759456411312
179,"QN0103",0.377240543588688
180,"QN1002",1
181,"BK0602",0.832202976451765
181,"BK0701",0.091830044917063
181,"BK0702",0.0759669786311724
182,"BX0904",1
183,"BX1003",1
184,"BX2891",0.998176635469118
184,"BX1202",0.00182336453088199
185,"BX1102",0.77785241546027
185,"BX1101",0.22214758453973
186,"MN0501",1
187,"SI0106",0.647465563740086
187,"SI0105",0.345656450703616
187,"SI0107",0.00499521379060367
187,"SI0204",0.00188277176569453
188,"BK0902",0.759769256623551
188,"BK1701",0.108343838570438
188,"BK1703",0.0859370239755722
188,"BK1401",0.0459498808304386
189,"BK0801",1
190,"BK5591",0.998128114514374
190,"BK0801",0.00187188548562584
191,"QN1303",0.970612332607028
191,"QN1205",0.0293876673929716
192,"QN0706",0.700177944121161
192,"QN0791",0.292072117895469
192,"QN0705",0.00456173450926326
192,"QN0802",0.00149728552637939
192,"QN0803",0.00108741960220157
192,"QN0871",0.000603498345525661
193,"QN0105",1
194,"MN1191",1
195,"BK0601",1
196,"QN0601",1
197,"QN0902",0.593292513904998
197,"QN0903",0.31084311267938
197,"QN0904",0.0937647418470362
197,"QN1201",0.00209963156858583
198,"QN0502",0.842580568347236
198,"QN0572",0.109206205796071
198,"QN0501",0.0482132258566924
199,"QN0151",1
200,"BX0803",1
201,"QN1403",0.898770137024919
201,"QN1402",0.101229862975081
202,"MN0801",1
203,"QN1307",0.766226180439231
203,"QN1306",0.22818382311157
203,"QN8381",0.0043427123228718
203,"QN1305",0.00124728412632716
204,"SI0304",0.568745380722789
204,"SI0303",0.431254619277211
205,"QN1205",0.873746090408631
205,"QN1204",0.0779927032157336
205,"QN1203",0.0482612063756351
206,"SI0101",0.47309893883661
206,"SI0104",0.233814250215772
206,"SI0106",0.225821864130812
206,"SI0191",0.067264946816805
207,"QN0171",0.970376265003834
207,"QN0301",0.019442656731335
207,"QN0104",0.0101810782648306
208,"BX1002",0.752300984859106
208,"BX1091",0.245421749985298
208,"BX0903",0.00227726515559609
209,"MN0101",1
210,"BK1503",1
211,"MN0201",1
212,"BX0901",0.777880011734413
212,"BX0903",0.222119988265587
213,"BX0902",0.507474632239747
213,"BX0903",0.282537024047425
213,"BX0991",0.130912177290611
213,"BX0901",0.0790761664222169
214,"SI0201",0.737312850487261
214,"SI0202",0.262687149512739
215,"QN1202",0.944605224455433
215,"QN1205",0.0553947755445673
216,"QN1001",0.992526315867316
216,"QN8381",0.00419171764937364
216,"QN1203",0.00201367706254129
216,"QN1202",0.0012682894207689
217,"BK0103",1
218,"QN1204",1
219,"QN1306",1
220,"BX0803",0.601335938997296
220,"BX0802",0.388656839543171
220,"BX0801",0.00683119271459619
220,"BX2691",0.00317602874493732
221,"SI0103",0.547944105589307
221,"SI0102",0.451544688617093
221,"SI9561",0.000511205793599599
222,"BK0504",1
223,"QN0101",0.998844792583399
223,"QN0301",0.0011552074166012
224,"MN0601",1
225,"BK0302",1
226,"QN0202",0.636650167398009
226,"QN0501",0.183975313578951
226,"QN0261",0.117279162721114
226,"QN0161",0.060053994733712
226,"QN0105",0.00137588693560807
226,"QN0271",0.000665474632606666
227,"BK0703",0.619436148426253
227,"BK1201",0.302968935697253
227,"BK1002",0.0765808681722994
227,"BK1001",0.00101404770419461
228,"BK0702",0.958951572159676
228,"BK0703",0.0390214919987464
228,"BK1001",0.00202693584157781
229,"MN0604",0.998649999101498
229,"MN0661",0.00135000089850197
230,"MN0502",1
231,"MN0102",0.989745404407448
231,"MN0101",0.0087104807123752
231,"MN0201",0.00154411488017705
232,"MN0302",0.765052043241698
232,"MN0301",0.233521471564893
232,"MN0303",0.00142648519340896
233,"MN0603",0.515986646226139
233,"MN0604",0.307637572228512
233,"MN0661",0.176375781545349
234,"MN0501",1
235,"BX0501",0.919988512811794
235,"BX0701",0.078833123277299
235,"BX0402",0.00117836391090673
236,"MN0802",1
237,"MN0802",1
238,"MN0702",1
239,"MN0702",1
240,"BX2691",0.695404673328439
240,"BX1271",0.245995020148831
240,"BX1201",0.0586003065227301
241,"BX0702",0.579209318864808
241,"BX0801",0.420790681135193
242,"BX1161",0.33496620258685
242,"BX1101",0.288588316454293
242,"BX1102",0.273536692952167
242,"BX1001",0.101609795205058
242,"BX2891",0.00129899280163312
243,"MN1202",1
244,"MN1201",0.908866779164194
244,"MN1202",0.0911332208358063
245,"SI0104",1
246,"MN0401",0.999079346042268
246,"MN0402",0.000920653957732038
247,"BX0401",0.648259362130025
247,"BX0403",0.206544421322818
247,"BX0491",0.145196216547157
248,"BX0901",0.984346321744492
248,"BX0601",0.0156536782555079
249,"MN0203",1
250,"BX0903",0.512183720334475
250,"BX1001",0.487816279665525
251,"SI0105",0.997866434303121
251,"SI0203",0.00213356569687884
252,"QN0702",0.761507284045637
252,"QN0701",0.238492715954363
253,"QN0707",0.998677042346422
253,"QN8191",0.00132295765357802
254,"BX1201",0.85100402268403
254,"BX1203",0.148371025457099
254,"BX2791",0.000624951858871245
255,"BK0102",0.998737723231568
255,"MN0303",0.00126227676843204
256,"BK0102",1
257,"BK0701",0.887627823171503
257,"BK1203",0.112372176828497
258,"QN0905",0.640290457858546
258,"QN0904",0.359709542141454
259,"BX1203",0.862202948686449
259,"BX1202",0.137797051313551
260,"QN0203",0.487549076408398
260,"QN0271",0.334124116691537
260,"QN0104",0.175008539116524
260,"QN0301",0.00149181175165366
260,"QN0202",0.00094382723541975
260,"QN0501",0.000882628796467989
261,"MN0101",0.998875644568334
261,"MN0102",0.00112435543166562
262,"MN0803",1
263,"MN0803",1
