"nta2020","ntaname","n_tracts","boroname","n_boroughs","pop_total","households","pop_65plus","pop_disabled","pov_below","pov_universe","dis_universe","med_hh_income_hhwtd","inc_tracts_used","poverty_rate","pct_65plus","disability_rate","events_311_raw","events_311","events_per_100k","ntatype","cdta2020","is_residential","restrooms","subway_riders","n_stations","jobs","hotels","area_sqmi","pop_density","jobs_density"
"BK0101","Greenpoint",15,"Brooklyn",1,39784,19771,3658,3127,3579,39631,39755,129172,13,0.0903080921500845,0.0919465111602654,0.0786567727329896,54,21,52.7850392117434,0,"BK01",TRUE,4,5359888,2,16267,8,1.2669932012309,31400.3263485149,12839.0586344081
"BK0102","Williamsburg",13,"Brooklyn",1,66612,30352,4503,5656,8684,66396,66590,153299,13,0.130791011506717,0.0676004323545307,0.0849376783300796,69,32,48.0393923016874,0,"BK01",TRUE,9,15029064,2,41689,15,1.03495171495743,64362.4229394507,40281.1062559713
"BK0103","South Williamsburg",10,"Brooklyn",1,50948,11859,4599,3504,19588,50636,50766,47324,9,0.386839402796429,0.0902685090680694,0.0690225741638104,8,4,7.85114234121065,0,"BK01",TRUE,2,4476692,3,24319,1,0.545546395954343,93388.9406617286,44577.3268421249
"BK0104","East Williamsburg",16,"Brooklyn",1,50775,23726,6751,7655,12174,50611,50762,96897,15,0.240540593942028,0.132959133431807,0.150801780859698,58,29,57.1147218119153,0,"BK01",TRUE,5,10070787,6,28336,9,1.87483757719363,27082.3460216767,15113.8425774541
"BK0201","Brooklyn Heights",6,"Brooklyn",1,26031,12601,4704,1969,1161,24286,26031,181460,6,0.0478053199374125,0.180707617840267,0.0756405823825439,41,24,92.197764204218,0,"BK02",TRUE,8,1574849,1,17780,6,0.358058132071354,72700.4853916083,49656.7412032882
"BK0202","Downtown Brooklyn-DUMBO-Boerum Hill",11,"Brooklyn",1,39977,19883,3674,3209,5785,39280,39784,168047,11,0.147275967413442,0.0919028441353778,0.0806605670621355,83,45,112.564724716712,0,"BK02",TRUE,5,36285739,8,56954,16,0.851249574650053,46962.7253751456,66906.3476753144
"BK0203","Fort Greene",11,"Brooklyn",1,33180,15102,4682,4506,5304,31819,32463,121467,10,0.166692856469405,0.141109101868596,0.138804177063118,30,17,51.2356841470766,0,"BK02",TRUE,7,5396080,3,18693,2,0.628934520098999,52755.8894283259,29721.6950296473
"BK0204","Clinton Hill",7,"Brooklyn",1,29205,13664,3553,2544,2641,26882,29175,129174,7,0.0982441782605461,0.12165725047081,0.0871979434447301,34,22,75.3295668549906,0,"BK02",TRUE,5,4862834,3,11585,2,0.522505281514049,55894.171854825,22172.0246854356
"BK0301","Bedford-Stuyvesant (West)",21,"Brooklyn",1,90068,34580,6488,9254,23328,89823,89920,95171,20,0.259710764503524,0.0720344628502909,0.102913701067616,160,56,62.1752453701648,0,"BK03",TRUE,8,10983020,5,18671,4,1.32384420330814,68035.1961166805,14103.6233367516
"BK0302","Bedford-Stuyvesant (East)",23,"Brooklyn",1,92769,37000,11868,11878,23572,92279,92407,76390,23,0.255442733449647,0.127930666494195,0.128540045667536,56,25,26.9486574178874,0,"BK03",TRUE,10,10027444,4,12537,5,1.48106422436681,62636.7165405411,8464.85911531614
"BK0401","Bushwick (West)",13,"Brooklyn",1,52698,22293,3892,5530,9610,52404,52442,93387,13,0.183382947866575,0.0738547952483965,0.1054498302887,84,51,96.7778663326881,0,"BK04",TRUE,3,7724182,4,31937,3,0.829828780159744,63504.666576948,38486.2525421835
"BK0402","Bushwick (East)",16,"Brooklyn",1,59859,23198,7716,7634,14003,59802,59843,76675,16,0.234156048292699,0.128902921866386,0.127567134000635,52,29,48.4471842162415,0,"BK04",TRUE,4,9763426,5,6842,3,1.00199338253319,59739.9154959165,6828.38840981407
"BK0501","Cypress Hills",14,"Brooklyn",1,42117,13775,5826,3765,7151,41961,42107,69587,14,0.170420152045947,0.13832894080775,0.0894150616287078,45,20,47.4867630647957,0,"BK05",TRUE,3,2234688,4,6734,1,0.874474539281548,48162.6372273829,7700.62442930875
"BK0502","East New York (North)",13,"Brooklyn",1,41335,14522,6064,5238,9976,40928,41049,69397,12,0.24374511336982,0.146703761945083,0.127603595702697,27,9,21.7733155921132,0,"BK05",TRUE,1,3596415,6,8714,10,1.00102536072256,41292.6601281745,8705.07415887051
"BK0503","East New York-New Lots",14,"Brooklyn",1,51641,19652,8081,6787,11719,51049,51337,56580,14,0.229563752473114,0.156484188919657,0.132204842511249,26,5,9.6822292364594,0,"BK05",TRUE,3,3073259,4,14199,3,1.66643325259516,30988.9399527876,8520.59329582368
"BK0504","Spring Creek-Starrett City",4,"Brooklyn",1,16410,8244,4752,4295,4099,16238,16194,37687,3,0.252432565586895,0.289579524680073,0.265221687044584,4,1,6.0938452163315,0,"BK05",TRUE,1,0,0,6966,0,0.971589212396371,16889.8540562484,7169.69673100708
"BK0505","East New York-City Line",12,"Brooklyn",1,47234,15755,5894,5251,9699,46788,46953,59807,12,0.207296742754552,0.124782995299996,0.111835239494814,15,4,8.46847609772621,0,"BK05",TRUE,3,3097135,2,4759,1,1.13095096121283,41764.8524294514,4207.96317719777
"BK0601","Carroll Gardens-Cobble Hill-Gowanus-Red Hook",21,"Brooklyn",1,60738,26206,7787,6255,7193,60175,60301,147505,20,0.119534690486082,0.128206394678784,0.103729623057661,87,45,74.0887088807666,0,"BK06",TRUE,7,7609170,3,24552,15,2.18131253825607,27844.7031018119,11255.6085244112
"BK0602","Park Slope",16,"Brooklyn",1,59281,25910,7751,3515,2888,58988,59199,194361,16,0.0489591103275242,0.130750156036504,0.0593760029730232,56,27,45.5457903881513,0,"BK06",TRUE,3,19412097,5,16333,0,0.926582951726127,63978.081929487,17627.1320010511
"BK0701","Windsor Terrace-South Slope",8,"Brooklyn",1,25036,10712,3782,2470,1801,24706,25036,147547,8,0.0728972719177528,0.151062470043138,0.098657932577089,20,13,51.9252276721521,0,"BK07",TRUE,2,2981796,2,4176,0,0.549251682415983,45582.0178645145,7603.07184063799
"BK0702","Sunset Park (West)",18,"Brooklyn",1,50926,16922,6091,5325,9094,49064,49331,91023,14,0.185349747268873,0.119604916938303,0.107944294662585,63,33,64.7999057455916,0,"BK07",TRUE,4,14172709,6,42705,16,1.8070917824549,28181.1917327287,23631.8931969167
"BK0703","Sunset Park (Central)",14,"Brooklyn",1,44499,13497,6183,3711,11523,44158,44484,66011,13,0.26094931835681,0.138946942627924,0.0834232533045589,49,30,67.4172453313558,0,"BK07",TRUE,1,2868392,1,13407,4,0.672717365319422,66148.1363408403,19929.6178323478
"BK0801","Prospect Heights",6,"Brooklyn",1,23969,11243,2955,1870,1628,23920,23962,173220,6,0.0680602006688963,0.123284242146105,0.0780402303647442,10,6,25.0323334306813,0,"BK08",TRUE,3,2247784,1,5403,0,0.369781356130766,64819.3847596898,14611.336970946
"BK0802","Crown Heights (North)",22,"Brooklyn",1,85819,37294,10953,10967,17677,85042,85238,83554,22,0.207861997601185,0.127629079807502,0.128663272249466,62,28,32.6268075834023,0,"BK08",TRUE,3,427407,1,10205,8,1.27038639315264,67553.4628382062,8032.98906144204
"BK0901","Crown Heights (South)",13,"Brooklyn",1,53466,20383,8314,6088,9011,52919,53398,79126,13,0.170279105803209,0.155500692028579,0.114011760740103,25,11,20.5738226162421,0,"BK09",TRUE,2,11864350,5,11706,4,0.719332212470232,74327.2705894741,16273.4266547036
"BK0902","Prospect Lefferts Gardens-Wingate",14,"Brooklyn",1,44881,20116,7844,5516,8391,44117,44129,78018,14,0.190198789582247,0.17477328936521,0.12499716739559,36,17,37.8779438960807,0,"BK09",TRUE,6,7320972,4,13505,1,0.862269366534829,52049.8602198541,15662.1590933609
"BK1001","Bay Ridge",28,"Brooklyn",1,84838,35515,16669,9236,10544,84398,84577,95549,28,0.12493187042347,0.196480350786204,0.1092022653913,59,24,28.2892100238101,0,"BK10",TRUE,5,7337238,4,16861,3,2.21088413913186,38372.8837248401,7626.36074028772
"BK1002","Dyker Heights",17,"Brooklyn",1,39148,13587,7739,4634,7677,38873,38938,78684,17,0.197489259897615,0.197685705527741,0.119009707740511,24,16,40.8705425564524,0,"BK10",TRUE,4,0,0,15173,0,1.04450300760751,37480.0261127734,14526.5259070479
"BK1101","Bensonhurst",28,"Brooklyn",1,94498,33338,15843,10155,17996,94306,94456,68344,28,0.190825610247492,0.167654341890834,0.107510375201152,66,32,33.8631505428686,0,"BK11",TRUE,1,10489919,8,26231,0,1.74453809377311,54167.9200570612,15036.0717794744
"BK1102","Bath Beach",11,"Brooklyn",1,30170,10780,6068,3743,5294,29965,29986,81931,11,0.176672784915735,0.201126947298641,0.124824918295204,10,2,6.62910175671197,0,"BK11",TRUE,4,0,0,4711,0,0.737375851266458,40915.3621564666,6388.87209542971
"BK1103","Gravesend (West)",16,"Brooklyn",1,56517,18221,10602,5653,10573,55937,56064,75253,16,0.189016214670075,0.187589574818196,0.100831192922374,19,10,17.6937912486509,0,"BK11",TRUE,2,5026045,4,18662,1,1.21366800148725,46567.1006657036,15376.5279937605
"BK1201","Sunset Park (East)-Borough Park (West)",10,"Brooklyn",1,30220,9014,4526,2270,6728,29669,29828,65632,10,0.226768681114968,0.149768365320979,0.0761029904787448,8,5,16.5453342157512,0,"BK12",TRUE,1,2460064,2,9417,2,0.421442732733128,71706.0650305159,22344.6728786356
"BK1202","Borough Park",21,"Brooklyn",1,89673,20890,8770,5038,30075,89254,89523,56332,21,0.336959688081206,0.0977997836584033,0.0562760407939859,17,12,13.3819544344452,0,"BK12",TRUE,2,2832900,3,58519,3,1.45206636735288,61755.4417732806,40300.4995609671
"BK1203","Kensington",10,"Brooklyn",1,38903,13951,5224,4124,5641,38336,38659,91351,10,0.147146285475793,0.134282703133434,0.106676323753848,22,17,43.6984294270365,0,"BK12",TRUE,1,3114853,2,13833,2,0.626694088669566,62076.5389419721,22072.9702898054
"BK1204","Mapleton-Midwood (West)",16,"Brooklyn",1,37519,11256,5778,3554,7620,37400,37519,73999,16,0.203743315508021,0.154001972334017,0.0947253391614915,12,6,15.9918974386311,0,"BK12",TRUE,3,1640525,4,13738,0,1.12475739185226,33357.4158052107,12214.1895661394
"BK1301","Gravesend (South)",7,"Brooklyn",1,28604,10783,6627,5155,5853,28293,28326,60400,7,0.206870957480649,0.231680883792477,0.181988279319353,13,4,13.984058173682,0,"BK13",TRUE,1,1247042,2,12565,2,0.926730613600197,30865.4959491174,13558.4168857733
"BK1302","Coney Island-Sea Gate",12,"Brooklyn",1,54465,22185,15214,11068,13462,53296,53536,45416,12,0.252589312518763,0.279335352978977,0.206739390316796,22,8,14.6883319563022,0,"BK13",TRUE,7,4696837,3,11502,1,1.70702302694379,31906.4237214846,6738.04618827717
"BK1303","Brighton Beach",8,"Brooklyn",1,28327,13743,7834,5656,6974,28053,28066,47868,8,0.248600862652836,0.27655593603276,0.201524976840305,42,24,84.7248208423059,0,"BK13",TRUE,1,3271871,2,18776,4,0.486548084463023,58220.3504742249,38590.2248915892
"BK1401","Flatbush",18,"Brooklyn",1,65759,25275,8230,6538,10085,65335,65624,82678,18,0.154358307186041,0.125153971319515,0.0996281848104352,34,17,25.8519746346508,0,"BK14",TRUE,1,4245189,1,7970,3,0.861748571370219,76308.8007160142,9248.63732274872
"BK1402","Flatbush (West)-Ditmas Park-Parkville",11,"Brooklyn",1,39803,15820,6713,3851,7102,39627,39635,96678,11,0.179221238044767,0.16865562897269,0.0971615995963164,25,14,35.173228148632,0,"BK14",TRUE,2,8507387,5,20283,2,0.821591679538983,48446.2062984067,24687.4457289798
"BK1403","Midwood",16,"Brooklyn",1,49291,18462,10023,6970,8126,48857,49096,73279,16,0.1663221237489,0.203343409547382,0.14196675900277,26,8,16.2301434338926,0,"BK14",TRUE,2,3260758,3,16643,1,1.15568002326756,42651.0790250011,14401.0449821082
"BK1501","Gravesend (East)-Homecrest",18,"Brooklyn",1,50032,17602,8330,5114,9665,49727,50030,71697,18,0.194361212218714,0.166493444195715,0.102218668798721,20,9,17.9884873680844,0,"BK15",TRUE,3,1646951,3,17669,0,1.25114379323789,39989.0086738313,14122.2776274769
"BK1502","Madison",15,"Brooklyn",1,38197,14724,8635,4153,6362,38007,38077,73484,15,0.167390217591496,0.22606487420478,0.10906846652835,26,11,28.7980731471058,0,"BK15",TRUE,3,6041117,2,15331,0,0.982092323806968,38893.4920618601,15610.5486504274
"BK1503","Sheepshead Bay-Manhattan Beach-Gerritsen Beach",20,"Brooklyn",1,64244,26383,15522,9008,9465,63484,63489,75858,20,0.149092684770966,0.241610111450097,0.141882845847312,23,10,15.5656559367412,0,"BK15",TRUE,7,3827931,2,30495,5,2.27310614151368,28262.6485524427,13415.5635951488
"BK1601","Ocean Hill",10,"Brooklyn",1,39942,15700,5645,5824,9551,39837,39918,62458,10,0.239751989356628,0.141329928396174,0.145899093140939,21,8,20.029042111061,0,"BK16",TRUE,2,5330530,4,6374,8,0.720618331200196,55427.3993189658,8845.18159478964
"BK1602","Brownsville",14,"Brooklyn",1,59014,21897,7866,11179,22010,58728,58919,38936,13,0.374778640512192,0.133290405666452,0.189735059997624,28,10,16.945131663673,0,"BK16",TRUE,6,6120131,7,7689,7,1.10429510578074,53440.4252007228,6962.81271170159
"BK1701","East Flatbush-Erasmus",11,"Brooklyn",1,42375,17556,6583,4655,7076,41780,41984,73723,11,0.169363331737674,0.155351032448378,0.110875571646341,26,15,35.3982300884956,0,"BK17",TRUE,0,3351732,2,7588,1,0.709185445703963,59751.6492430792,10699.599161215
"BK1702","East Flatbush-Farragut",14,"Brooklyn",1,34025,12398,7520,4515,4402,33869,34005,84808,13,0.129971360240928,0.221013960323292,0.132774591971769,15,9,26.4511388684791,0,"BK17",TRUE,3,1584885,1,6956,1,0.865254069417233,39323.7098820194,8039.25719145708
"BK1703","East Flatbush-Rugby",16,"Brooklyn",1,36352,14124,7385,4175,6138,35699,35883,71290,16,0.171937589288215,0.203152508802817,0.116350360895131,34,18,49.5158450704225,0,"BK17",TRUE,3,0,0,5682,1,0.975852046022332,37251.5486831988,5822.60397276451
"BK1704","East Flatbush-Remsen Village",9,"Brooklyn",1,38240,14510,6891,5121,8335,37475,37685,62550,8,0.22241494329553,0.180203974895397,0.135889611251161,21,3,7.84518828451883,0,"BK17",TRUE,3,0,0,4405,1,0.659676227619741,57967.830882702,6677.51817568783
"BK1801","Flatlands",27,"Brooklyn",1,61589,21884,12618,7759,7118,61357,61505,87957,26,0.116009583258634,0.204874247024631,0.126152345337777,22,10,16.2366656383445,0,"BK18",TRUE,5,0,0,20072,2,1.94907816960138,31599.0404903031,10298.2016386264
"BK1802","Marine Park-Mill Basin-Bergen Beach",19,"Brooklyn",1,42837,15127,9681,5058,2949,42758,42735,114035,19,0.0689695495579775,0.225996218222565,0.118357318357318,13,6,14.0065830940542,0,"BK18",TRUE,3,0,0,10302,0,2.11172185290619,20285.3420023319,4878.48339771747
"BK1803","Canarsie",34,"Brooklyn",1,76746,26760,15681,8662,10322,75852,76052,83139,33,0.136080788904709,0.204323352357126,0.113895755535686,35,13,16.9389935631824,0,"BK18",TRUE,13,3132900,1,10596,0,2.53004131309803,30333.892020927,4188.07390422617
"BX0101","Mott Haven-Port Morris",15,"Bronx",1,56600,22081,7214,13140,23756,56451,56532,29645,14,0.420825140387239,0.127455830388693,0.232434727234133,22,10,17.6678445229682,0,"BX01",TRUE,8,7593989,6,20895,10,1.46977773335874,38509.2240244092,14216.4352648415
"BX0102","Melrose",8,"Bronx",1,41043,15978,5240,8885,17401,40900,41024,31028,8,0.425452322738386,0.127670979216919,0.216580538221529,24,16,38.9835051044027,0,"BX01",TRUE,5,6771434,3,20580,4,0.619539281925913,66247.6152802013,33218.2326454339
"BX0201","Hunts Point",6,"Bronx",1,14219,5245,2046,3462,3950,13816,13942,40045,4,0.285900405327157,0.143891975525705,0.248314445560178,10,5,35.1642168928898,0,"BX02",TRUE,3,0,0,20741,0,1.61549885409558,8801.61565200266,12838.758719895
"BX0202","Longwood",9,"Bronx",1,40143,14677,4954,10335,13311,39663,39958,37218,9,0.335602450646698,0.123408813491767,0.258646578907853,13,8,19.9287547019406,0,"BX02",TRUE,7,6589033,6,6579,2,0.552069692246209,72713.6456933,11916.9736944479
"BX0301","Morrisania",7,"Bronx",1,37248,14072,2977,8276,14552,36940,37031,33969,7,0.393936112615051,0.0799237542955326,0.223488428613864,20,5,13.4235395189003,0,"BX03",TRUE,3,0,0,7626,2,0.495411626546376,75185.9625492927,15393.2600515707
"BX0302","Claremont Village-Claremont (East)",6,"Bronx",1,24213,8503,2983,4635,11380,23889,23993,33253,6,0.476369877349408,0.123198281914674,0.19318134455883,4,0,0,0,"BX03",TRUE,2,0,0,5903,2,0.358641059331616,67513.1844778864,16459.3535692795
"BX0303","Crotona Park East",7,"Bronx",1,29480,11668,3773,7033,9099,29461,29480,38302,7,0.308848986796103,0.127985074626866,0.238568521031208,19,5,16.9606512890095,0,"BX03",TRUE,1,2312025,2,4509,3,0.572981658213577,51450.1635042067,7869.36184669159
"BX0401","Concourse-Concourse Village",14,"Bronx",1,67780,27203,9451,13517,22119,66220,67110,44135,14,0.334022953790396,0.139436411920921,0.201415586350767,39,16,23.6057834169372,0,"BX04",TRUE,10,9490682,3,15291,3,0.950663587823022,71297.566108757,16084.5541954707
"BX0402","Highbridge",5,"Bronx",1,30812,12162,3370,5182,8830,30207,30729,44594,5,0.292316350514781,0.109372971569518,0.168635490904357,14,6,19.4729326236531,0,"BX04",TRUE,2,0,0,3296,5,0.468067886339864,65828.0580642686,7041.71359794331
"BX0403","Mount Eden-Claremont (West)",12,"Bronx",1,48394,17422,5965,9647,14759,48222,48394,43308,12,0.306063622413006,0.123259081704344,0.199342893747159,16,6,12.3982311856842,0,"BX04",TRUE,2,3585273,3,4045,0,0.488100017317988,99147.7121142411,8287.23592805111
"BX0501","University Heights (South)-Morris Heights",13,"Bronx",1,53624,19333,5709,11951,20618,53392,53613,34394,12,0.386162721006892,0.106463523795316,0.222912353347136,19,4,7.45934656124123,0,"BX05",TRUE,4,2662300,2,4631,1,0.704394836963724,76127.7584474425,6574.43774000646
"BX0502","Mount Hope",10,"Bronx",1,47120,17264,4714,9477,14762,46002,46951,40825,9,0.320899091343855,0.100042444821732,0.201848735916168,19,7,14.8556876061121,0,"BX05",TRUE,1,2780634,2,7500,5,0.45489576560054,103584.169304794,16487.2935013997
"BX0503","Fordham Heights",7,"Bronx",1,30863,10692,2315,4572,10638,30770,30863,38801,7,0.345726356841079,0.0750089103457214,0.148138547775654,12,6,19.4407543012669,0,"BX05",TRUE,1,3926458,3,5566,3,0.264686632298046,116602.035138848,21028.6403649297
"BX0601","West Farms",5,"Bronx",1,18442,7156,2467,3851,7913,18255,18422,31965,5,0.433470282114489,0.133770740700575,0.209043534903919,4,1,5.42240537902614,0,"BX06",TRUE,1,3677535,3,2445,1,0.419724495981314,43938.3456924111,5825.24971358558
"BX0602","Tremont",9,"Bronx",1,32428,12135,4061,8822,10213,32085,32187,36794,9,0.318310737104566,0.125231281608486,0.274085811041725,10,5,15.4187738990995,0,"BX06",TRUE,3,0,0,9707,4,0.56779726968584,57111.9336624184,17095.8905902645
"BX0603","Belmont",7,"Bronx",1,35608,12802,4037,6061,13372,32050,35608,32264,7,0.417223088923557,0.113373399236127,0.170214558526174,25,6,16.850146034599,0,"BX06",TRUE,4,0,0,14168,7,0.588052315125776,60552.4357001875,24093.0945012429
"BX0701","University Heights (North)-Fordham",9,"Bronx",1,42305,16160,5846,6976,11095,41260,41377,44865,9,0.268904507998061,0.138186975534807,0.168596079947797,26,9,21.2740810778868,0,"BX07",TRUE,5,2098918,1,10180,1,0.657054869414642,64385.7948084134,15493.3788240078
"BX0702","Bedford Park",11,"Bronx",1,49148,20487,6441,6964,13974,49000,49061,46725,11,0.285183673469388,0.131053145601042,0.141945741016286,19,9,18.3120371123952,0,"BX07",TRUE,3,5413746,4,7479,1,0.88074246740772,55802.9183543934,8491.69907976944
"BX0703","Norwood",8,"Bronx",1,39556,15109,4033,5578,10863,38914,39028,51548,8,0.279154031967929,0.10195671958742,0.14292302961976,14,4,10.112245929821,0,"BX07",TRUE,2,4153430,3,19824,4,0.563917922469548,70144.95979623,35154.0520527977
"BX0801","Kingsbridge Heights-Van Cortlandt Village",6,"Bronx",1,33261,13295,5525,4682,7008,32504,32460,62573,6,0.215604233325129,0.166110459697544,0.144239063462723,12,4,12.0260966296864,0,"BX08",TRUE,4,0,0,3480,1,0.393495687441991,84526.9746568781,8843.80721583644
"BX0802","Kingsbridge-Marble Hill",5,"Bronx",1,24004,9303,3430,4747,6744,23835,23844,50515,5,0.282945248584015,0.142892851191468,0.199085723871834,16,7,29.1618063656057,0,"BX08",TRUE,2,5229224,4,5880,0,0.441649348422613,54350.8104013564,13313.7295934001
"BX0803","Riverdale-Spuyten Duyvil",14,"Bronx",1,47430,20096,13647,6548,2817,43481,45373,108322,13,0.0647869184241393,0.287729285262492,0.144314900932273,19,9,18.9753320683112,0,"BX08",TRUE,6,0,0,13384,2,2.25921221229949,20994.0437386908,5924.18893946106
"BX0901","Soundview-Bruckner-Bronx River",15,"Bronx",1,67869,24895,8431,8901,22245,67340,67678,42210,15,0.33033858033858,0.124224609173555,0.13151984396702,35,20,29.4685349717839,0,"BX09",TRUE,6,3669401,3,6444,2,1.15530281694314,58745.6370785774,5577.75840714247
"BX0902","Soundview-Clason Point",8,"Bronx",1,35612,13149,6482,6887,7764,35071,35382,60080,8,0.221379487325711,0.182017297540155,0.194646995647504,15,6,16.8482533977311,0,"BX09",TRUE,2,0,0,4654,0,1.08771101888002,32740.3137247507,4278.70998750393
"BX0903","Castle Hill-Unionport",9,"Bronx",1,35838,12870,6251,6442,8652,35624,35829,57830,9,0.242869975297552,0.174423795970757,0.179798487258924,17,8,22.3226742563759,0,"BX09",TRUE,4,2941711,1,11196,3,1.18009782785047,30368.6687274717,9487.34904494597
"BX0904","Parkchester",5,"Bronx",1,29460,12480,4529,3787,6190,29272,29445,61589,5,0.211464881115059,0.153733876442634,0.128612667685515,10,4,13.5777325186694,0,"BX09",TRUE,4,0,0,3992,0,0.329442700996851,89423.7447387902,12117.433435073
"BX1001","Westchester Square",5,"Bronx",1,14680,5148,2063,1730,3493,14434,14436,57101,5,0.24199806013579,0.140531335149864,0.119839290662233,5,3,20.4359673024523,0,"BX10",TRUE,2,2746495,3,9775,0,0.5517474036421,26606.3780329493,17716.4404136294
"BX1002","Throgs Neck-Schuylerville",14,"Bronx",1,47903,17284,7487,7645,6675,46241,47685,82192,14,0.144352414523907,0.156295012838444,0.160322952710496,10,3,6.26265578356262,0,"BX10",TRUE,6,0,0,7050,0,2.38454451729781,20088.9518532806,2956.53947697699
"BX1003","Pelham Bay-Country Club-City Island",6,"Bronx",1,28351,11597,5624,4543,3514,28111,28143,81525,6,0.125004446657892,0.198370427850869,0.161425576519916,14,7,24.6904871080385,0,"BX10",TRUE,2,2488759,3,4950,1,1.26656131345771,22384.2301977484,3908.21979749761
"BX1004","Co-op City",7,"Bronx",1,36000,16716,9811,5511,3890,35313,35321,62754,7,0.110157732279897,0.272527777777778,0.156026160074743,0,0,0,0,"BX10",TRUE,1,0,0,8446,1,1.04215679208259,34543.7464626214,8104.34673953613
"BX1101","Pelham Parkway-Van Nest",9,"Bronx",1,28955,10894,3259,4164,5921,28776,28872,65945,9,0.205761745899361,0.112553963046106,0.144222776392352,20,10,34.536349507857,0,"BX11",TRUE,1,1513558,1,10063,0,0.559155195987234,51783.4765871711,17996.7924329719
"BX1102","Morris Park",10,"Bronx",1,23701,8815,4007,2659,2618,22859,23282,80967,10,0.11452819458419,0.16906459643053,0.114208401340091,8,6,25.3153875363909,0,"BX11",TRUE,2,578002,1,14810,0,0.998380641426659,23739.442670014,14834.0216000552
"BX1103","Pelham Gardens",10,"Bronx",1,27832,9181,5734,2905,3679,26179,26209,89594,10,0.140532487871958,0.206021845357861,0.110839787859132,11,4,14.3719459614832,0,"BX11",TRUE,3,1510275,2,5233,1,1.07837706456444,25809.154250922,4852.66255371784
"BX1104","Allerton",9,"Bronx",1,33067,14011,5481,5155,8667,32457,32538,44113,9,0.267030224604862,0.165754377476033,0.158430143217161,14,6,18.1449783772341,0,"BX11",TRUE,3,874285,1,4864,0,0.565100166654083,58515.2897685154,8607.32359857437
"BX1201","Williamsbridge-Olinville",20,"Bronx",1,57663,21433,8320,8574,14755,56623,57306,57055,19,0.260583155254932,0.144286630941852,0.149617841063763,78,39,67.634358253993,0,"BX12",TRUE,5,3008483,4,5204,2,1.30001313749638,44355.7055977525,4003.03646932529
"BX1202","Eastchester-Edenwald-Baychester",12,"Bronx",1,51213,17506,8259,7884,10180,50176,50142,70558,11,0.202885841836735,0.161267646886533,0.157233456982171,20,8,15.6210337219065,0,"BX12",TRUE,5,1487111,2,6582,7,2.02291198221607,25316.4746910525,3253.72535130743
"BX1203","Wakefield-Woodlawn",16,"Bronx",1,49552,18594,8769,7874,8587,49001,49265,85993,16,0.175241321605682,0.176965611882467,0.159829493555262,79,31,62.5605424604456,0,"BX12",TRUE,3,2290926,3,8895,6,1.42213390294408,34843.4137583094,6254.68528778176
"MN0101","Financial District-Battery Park City",7,"Manhattan",1,48198,23144,3887,1730,2819,46415,48186,195573,7,0.0607346762899925,0.0806464998547658,0.0359025443074752,126,63,130.71081787626,0,"MN01",TRUE,8,50696316,9,230247,45,0.689664561244562,69886.1485836279,333853.604982252
"MN0102","Tribeca-Civic Center",5,"Manhattan",1,22563,9638,3064,1476,1631,20861,22089,229813,5,0.0781841714203538,0.13579754465275,0.0668205894336548,100,58,257.05801533484,0,"MN01",TRUE,3,32268036,6,128636,14,0.487052853242001,46325.5678512352,264110.966897642
"MN0201","SoHo-Little Italy-Hudson Square",6,"Manhattan",1,21220,11840,3795,1641,2217,20814,21220,147765,6,0.106514845776881,0.178840716305372,0.0773327049952875,66,26,122.525918944392,0,"MN02",TRUE,2,29060926,6,90802,25,0.463325065753489,45799.378381333,195979.036558991
"MN0202","Greenwich Village",7,"Manhattan",1,31628,15537,5561,2192,2303,26974,31603,175960,7,0.0853785126418032,0.175825218161123,0.069360503749644,102,45,142.278993297079,0,"MN02",TRUE,1,19732613,3,63174,24,0.380327589156709,83159.8887425652,166104.173878298
"MN0203","West Village",7,"Manhattan",1,31913,18404,5375,2023,1987,31435,31848,183262,7,0.0632097979958645,0.168426659981826,0.063520472243155,100,60,188.01115532855,0,"MN02",TRUE,11,16063682,2,38988,12,0.517133834845608,61711.2976363802,75392.475550628
"MN0301","Chinatown-Two Bridges",7,"Manhattan",1,38006,18246,9769,4945,13212,37707,37742,36726,6,0.350385869997613,0.257038362363837,0.131021143553601,48,27,71.0414145134979,0,"MN03",TRUE,5,3996884,1,14668,16,0.413990352108793,91804.0717770456,35430.7773726702
"MN0302","Lower East Side",10,"Manhattan",1,47185,22062,10510,7898,11449,46572,46986,68630,10,0.245834406939792,0.222740277630603,0.16809262333461,145,25,52.9829394934831,0,"MN03",TRUE,7,15515392,3,21100,21,0.590967194306275,79843.6875254802,35704.1815574363
"MN0303","East Village",14,"Manhattan",1,69437,33560,10217,9824,14024,64018,69269,96609,14,0.219063388422006,0.147140573469476,0.14182390391084,98,42,60.486484151101,0,"MN03",TRUE,5,12346627,2,24070,15,0.680818179787067,101990.519732768,35354.5200680865
"MN0401","Chelsea-Hudson Yards",13,"Manhattan",1,62960,35994,10042,6334,7353,61708,62896,130722,13,0.11915796979322,0.159498094027954,0.100705927244976,108,64,101.651842439644,0,"MN04",TRUE,8,42350211,6,150885,49,1.06432770432046,59154.7131061461,141765.547760814
"MN0402","Hell's Kitchen",10,"Manhattan",1,54743,32736,9073,6477,6648,54362,54715,108939,10,0.122291306427284,0.165738085234642,0.118377044686101,95,56,102.296183986994,0,"MN04",TRUE,8,6156000,1,68439,47,0.65937484649671,83022.5785694619,103793.768239143
"MN0501","Midtown South-Flatiron-Union Square",8,"Manhattan",1,29148,15619,3521,1900,3366,26388,29122,186086,8,0.127557980900409,0.120797310278578,0.065242771787652,104,42,144.092219020173,0,"MN05",TRUE,6,101313532,9,273093,69,0.533711476147068,54613.7778606958,511686.580119082
"MN0502","Midtown-Times Square",14,"Manhattan",1,23035,13384,5013,2613,2571,22694,23006,155770,12,0.113289856349696,0.217625352724115,0.113579066330522,144,84,364.662470154113,0,"MN05",TRUE,11,133253725,10,647628,162,0.880701253950633,26155.2937465117,735354.919837893
"MN0601","Stuyvesant Town-Peter Cooper Village",2,"Manhattan",1,22040,10527,4097,1543,1835,22040,22040,164234,2,0.0832577132486388,0.185889292196007,0.0700090744101633,8,4,18.1488203266788,0,"MN06",TRUE,0,0,0,2025,0,0.199995779822569,110202.325366832,10125.2136509907
"MN0602","Gramercy",4,"Manhattan",1,25905,13459,3966,1828,2928,23428,25861,152659,4,0.124978658016049,0.153097857556456,0.0706855883376513,50,34,131.248793669176,0,"MN06",TRUE,2,6811316,2,46658,21,0.269958087627862,95959.34030956,172834.236640164
"MN0603","Murray Hill-Kips Bay",9,"Manhattan",1,53742,30641,9423,4348,5317,52043,53598,130997,9,0.102165516976346,0.175337724684604,0.0811224299414157,63,32,59.5437460459231,0,"MN06",TRUE,3,0,0,123694,21,0.565712230607145,94998.8299569234,218651.804411665
"MN0604","East Midtown-Turtle Bay",10,"Manhattan",1,42046,23587,11643,3331,3114,41818,42045,175362,10,0.0744655411545268,0.276911002235647,0.0792246402663813,62,37,87.9988583931884,0,"MN06",TRUE,7,51457455,2,149711,41,0.471281746120988,89216.2710439582,317667.724736289
"MN0701","Upper West Side-Lincoln Square",11,"Manhattan",1,69909,37142,14030,5844,7198,67696,69877,169470,11,0.106328291184117,0.200689467736629,0.0836326688323769,68,40,57.2172395542777,0,"MN07",TRUE,6,32998399,3,44188,11,0.566653310519838,123371.731360515,77980.661507938
"MN0702","Upper West Side (Central)",12,"Manhattan",1,101153,48748,23265,9712,9045,100046,100282,161803,12,0.09040841213042,0.229998121657291,0.0968468917652221,118,71,70.1907012149912,0,"MN07",TRUE,8,17267594,3,30813,35,0.911482328199437,110976.369887302,33805.3729037936
"MN0703","Upper West Side-Manhattan Valley",6,"Manhattan",1,50132,22777,11518,6618,8156,48979,49526,108956,6,0.166520345454174,0.229753450889651,0.133626781892339,54,26,51.8630814649326,0,"MN07",TRUE,6,7296637,3,14505,13,0.473501003162178,105875.171679054,30633.5148249557
"MN0801","Upper East Side-Lenox Hill-Roosevelt Island",14,"Manhattan",1,77188,40586,14903,6758,6679,75540,76262,137957,14,0.0884167328567646,0.1930740529616,0.0886155621410401,72,47,60.8902938280562,0,"MN08",TRUE,6,9820528,2,64906,14,0.771240131088108,100082.966236597,84157.9650535393
"MN0802","Upper East Side-Carnegie Hill",14,"Manhattan",1,56073,27366,16925,4530,2811,55807,56052,210571,14,0.0503700252656477,0.301838674584916,0.0808178120316849,59,35,62.4186328536016,0,"MN08",TRUE,1,44061702,6,61620,19,0.719745906603261,77906.6605111082,85613.546995782
"MN0803","Upper East Side-Yorkville",14,"Manhattan",1,78549,43013,17939,7702,6251,78016,78002,149848,14,0.0801245898277276,0.228379737488701,0.0987410579215918,73,44,56.015990018969,0,"MN08",TRUE,1,6509893,1,23597,3,0.489445863128486,160485.57341546,48211.6650229108
"MN0901","Morningside Heights",8,"Manhattan",1,37716,12431,6384,3973,6522,26104,37306,82777,8,0.249846766779038,0.169265033407572,0.106497614324773,37,19,50.376498037968,0,"MN09",TRUE,3,12072517,3,45034,25,0.571151940269833,66034.9678269176,78847.6705143018
"MN0902","Manhattanville-West Harlem",5,"Manhattan",1,21638,8346,2870,3442,6140,21168,21606,45385,4,0.290060468631897,0.132637027451705,0.159307599740813,28,14,64.7009890008319,0,"MN09",TRUE,5,4091723,2,5695,1,0.38505815128017,56194.1097157974,14789.9738807406
"MN0903","Hamilton Heights-Sugar Hill",7,"Manhattan",1,53598,20276,7770,7456,12470,53230,53540,65609,7,0.23426639113282,0.144968095824471,0.139260366081434,49,25,46.643531475055,0,"MN09",TRUE,5,7891555,3,6533,5,0.573332262494753,93485.0583268729,11394.7887243826
"MN1001","Harlem (South)",10,"Manhattan",1,48446,21253,5297,5392,8910,48330,48446,77149,10,0.184357541899441,0.109338232258597,0.111299178466746,55,30,61.9246170994509,0,"MN10",TRUE,3,10997482,5,13908,5,0.517475132002295,93619.957760183,26876.653852302
"MN1002","Harlem (North)",15,"Manhattan",1,86565,37462,11560,13824,26033,86012,86329,49748,15,0.302667069711203,0.133541269566222,0.160131589616467,112,43,49.6736556344943,0,"MN10",TRUE,8,4696312,4,12527,6,0.85345224099586,101429.225727957,14678.0328157352
"MN1101","East Harlem (South)",11,"Manhattan",1,61875,26904,10613,11360,18237,59534,61114,46953,11,0.306329156448416,0.171523232323232,0.185882121936054,31,12,19.3939393939394,0,"MN11",TRUE,3,9842288,3,37888,4,0.597377875089909,103577.655919526,63423.8420602665
"MN1102","East Harlem (North)",12,"Manhattan",1,63246,28197,8951,11290,19846,62593,62806,44772,12,0.317064208457815,0.141526736868735,0.17975989555138,403,99,156.531638364482,0,"MN11",TRUE,6,8787117,2,15977,1,0.936901556049318,67505.4914698751,17053.0189611073
"MN1201","Washington Heights (South)",11,"Manhattan",1,76079,27997,14044,15538,18087,74629,75838,61497,11,0.24235886853636,0.184597589347915,0.204884095044701,59,28,36.8038486310283,0,"MN12",TRUE,7,11007009,4,27604,1,0.754263996689042,100865.214744387,36597.2658395098
"MN1202","Washington Heights (North)",12,"Manhattan",1,74030,29009,12632,9102,10411,72329,73187,84083,12,0.143939498679644,0.170633526948534,0.124366349215025,68,31,41.874915574767,0,"MN12",TRUE,3,10380665,6,13109,3,0.888549885749905,83315.5247524694,14753.2515734178
"MN1203","Inwood",6,"Manhattan",1,36850,15041,6140,6220,6002,36813,36850,69195,6,0.163040230353408,0.166621438263229,0.168792401628223,31,17,46.1329715061058,0,"MN12",TRUE,2,4012377,3,5202,0,0.517855294595754,71158.8746596975,10045.2772314721
"QN0101","Astoria (North)-Ditmars-Steinway",17,"Queens",1,48620,20521,6650,4435,5050,48422,48620,100929,16,0.104291437776217,0.136774989716166,0.0912176059234883,59,25,51.4191690662279,0,"QN01",TRUE,3,6295291,2,11724,2,2.09130675023969,23248.6219414859,5606.06424603005
"QN0102","Old Astoria-Hallets Point",6,"Queens",1,13998,6641,1761,1961,2699,13948,13996,112417,5,0.193504445081732,0.125803686240892,0.140111460417262,8,3,21.4316330904415,0,"QN01",TRUE,2,0,0,2661,1,0.397837298747487,35185.2378951646,6688.66395478162
"QN0103","Astoria (Central)",11,"Queens",1,48044,24001,6095,3870,4578,47712,47761,101745,11,0.0959507042253521,0.126862875697277,0.0810284541780951,44,24,49.9542086420781,0,"QN01",TRUE,1,8094741,3,13739,1,0.756313924549625,63523.8866302899,18165.7372078418
"QN0104","Astoria (East)-Woodside (North)",14,"Queens",1,36805,16717,4995,3732,4371,36741,36802,79887,14,0.118967910508696,0.135715256079337,0.101407532199337,187,57,154.870262192637,0,"QN01",TRUE,2,5068165,2,11956,2,0.934129122353612,39400.3346210499,12799.0871003742
"QN0105","Queensbridge-Ravenswood-Dutch Kills",12,"Queens",1,29051,13688,3882,3600,6146,28861,29051,76600,11,0.212951734174145,0.133627069636157,0.123920002753778,19,7,24.0955560910124,0,"QN01",TRUE,4,8172420,3,34395,46,0.994374627300196,29215.3472166478,34589.579274951
"QN0201","Long Island City-Hunters Point",9,"Queens",1,30464,15844,1548,1421,2411,30464,30443,170326,7,0.0791425945378151,0.0508140756302521,0.0466773971027823,30,18,59.0861344537815,0,"QN02",TRUE,4,16564664,5,38735,11,0.989847196257281,30776.467433749,39132.3025881785
"QN0202","Sunnyside",18,"Queens",1,46879,21055,6366,3680,5974,46645,46747,81960,14,0.128073748526101,0.135796412039506,0.0787216291954564,46,33,70.3939930459267,0,"QN02",TRUE,3,9122248,4,40860,7,1.71106520968238,27397.553135162,23879.8613686878
"QN0203","Woodside",14,"Queens",1,46947,18812,8477,3358,4129,46495,46716,75617,14,0.0888052478761157,0.1805653183377,0.0718811542084083,83,47,100.112893262615,0,"QN02",TRUE,1,7473043,4,17385,7,1.18191901827003,39720.9954948658,14709.1295860916
"QN0301","Jackson Heights",20,"Queens",1,93975,35581,16375,10048,12318,93562,93709,79884,20,0.131656014193797,0.174248470337856,0.10722555997823,110,58,61.7185421654695,0,"QN03",TRUE,4,8289765,2,17169,1,1.4102797998211,66635.713006682,12174.1799054187
"QN0302","East Elmhurst",10,"Queens",1,29093,8647,4309,2770,4225,28350,28685,80116,10,0.149029982363316,0.148111229505379,0.0965661495555168,67,36,123.741106107998,0,"QN03",TRUE,5,0,0,8081,12,1.0317649249312,28197.3144240583,7832.21042384131
"QN0303","North Corona",10,"Queens",1,38521,9738,3240,2912,6621,38291,38472,80006,10,0.172912694889138,0.0841099659925755,0.0756914119359534,49,24,62.3036785130189,0,"QN03",TRUE,1,3789908,1,3758,2,0.500797197798861,76919.3601108596,7504.03559867632
"QN0401","Elmhurst",23,"Queens",1,100015,33039,13881,8491,14839,99136,99802,72467,23,0.149683263395739,0.138789181622757,0.0850784553415763,140,77,76.9884517322402,0,"QN04",TRUE,5,34258333,5,25533,2,1.51020660153361,66226.0381450029,16906.9582758222
"QN0402","Corona",17,"Queens",1,67341,20432,9579,9178,13547,65933,66838,69520,17,0.205466155036173,0.142246179890409,0.137317095065681,150,54,80.188889383882,0,"QN04",TRUE,4,4981726,1,10404,2,0.86180512595918,78139.4748900457,12072.3347849904
"QN0501","Maspeth",20,"Queens",1,40680,14746,6849,3926,5126,40374,40455,87267,18,0.126962896913855,0.168362831858407,0.0970461006056112,81,11,27.0403146509341,0,"QN05",TRUE,3,0,0,17594,2,2.09174875423514,19447.8423460923,8411.14400779617
"QN0502","Ridgewood",19,"Queens",1,66747,25112,7619,5811,8978,66482,66678,87554,18,0.135044072079661,0.114147452319954,0.0871501844686403,70,39,58.4295923412288,0,"QN05",TRUE,4,6077480,5,11386,1,1.52623951089204,43732.9786862799,7460.16592988424
"QN0503","Glendale",13,"Queens",1,35585,12880,5838,3341,3209,35419,35558,94437,13,0.0906010898105537,0.164057889560208,0.0939591653073851,21,13,36.5322467331741,0,"QN05",TRUE,1,0,0,8590,0,1.07633418357394,33061.2931774042,7980.79270461999
"QN0504","Middle Village",14,"Queens",1,34057,12976,8239,4207,2778,33603,33715,94141,13,0.082671190072315,0.241917961065273,0.124781254634436,9,6,17.6175235634378,0,"QN05",TRUE,3,0,0,4211,0,1.25341878840747,27171.2856987496,3359.61135970387
"QN0601","Rego Park",8,"Queens",1,29744,12637,6580,3600,3384,29612,29733,84920,8,0.114277995407267,0.221221086605702,0.121077590555948,11,6,20.1721355567509,0,"QN06",TRUE,1,3286942,1,17259,1,0.724336842766078,41063.7679099884,23827.3120749896
"QN0602","Forest Hills",24,"Queens",1,93621,40992,19661,10452,9048,93137,93205,107850,24,0.0971472132450047,0.210006302004892,0.112139906657368,52,30,32.044092671516,0,"QN06",TRUE,6,9382540,3,37517,0,2.07883457358255,45035.3295013074,18047.1310592768
"QN0701","College Point",7,"Queens",1,30120,9642,6540,2703,3237,29574,29607,91833,7,0.109454250355042,0.217131474103586,0.0912959773026649,8,1,3.32005312084993,0,"QN07",TRUE,3,0,0,21347,5,2.39286681309968,12587.4118171178,8921.09827556487
"QN0702","Whitestone-Beechhurst",7,"Queens",1,29547,11007,7382,2944,2065,29348,29382,103344,7,0.0703625459997274,0.249839239178258,0.100197399768566,10,7,23.6910684671879,0,"QN07",TRUE,3,0,0,5481,0,1.88811509070068,15648.9401231548,2902.89507615025
"QN0703","Bay Terrace-Clearview",5,"Queens",1,23195,10403,7029,3650,2349,23154,23175,103249,5,0.101451153148484,0.30303944815693,0.157497303128371,3,2,8.62254796292304,0,"QN07",TRUE,6,0,0,3135,0,1.41040842564992,16445.5909211629,2222.76040258012
"QN0704","Murray Hill-Broadway Flushing",15,"Queens",1,53912,19740,11930,4647,10319,53047,53110,72788,15,0.19452560936528,0.221286541029826,0.087497646394276,21,14,25.9682445466686,0,"QN07",TRUE,3,0,0,13236,0,2.02496196142163,26623.7099891748,6536.41907955033
"QN0705","East Flushing",14,"Queens",1,30771,11132,8075,3854,5085,30664,30751,61333,13,0.16582963735977,0.262422410711384,0.125329257585119,19,10,32.4981313574469,0,"QN07",TRUE,0,0,0,5483,0,1.13564638944685,27095.5821160035,4828.08737909223
"QN0706","Queensboro Hill",5,"Queens",1,20405,6216,3695,1944,3459,20391,20402,71064,5,0.169633661909666,0.181083067875521,0.0952847760023527,7,3,14.7022788532222,0,"QN07",TRUE,2,0,0,5541,0,0.94796371952772,21525.0853800247,5845.16040630811
"QN0707","Flushing-Willets Point",14,"Queens",1,61079,26505,14708,7975,13143,60291,60305,55738,13,0.217992735234115,0.240802894611896,0.1322444241771,37,14,22.9211349236235,0,"QN07",TRUE,4,14885315,1,48471,24,1.38222723999832,44188.8267229304,35067.3164276946
"QN0801","Kew Gardens Hills",8,"Queens",1,35598,12834,6468,3820,3735,34340,35585,85291,8,0.108765288293535,0.181695600876454,0.107348601939019,7,3,8.42743974380583,0,"QN08",TRUE,4,0,0,9924,1,1.2304991726214,28929.7228247327,8065.01964471733
"QN0802","Pomonok-Electchester-Hillcrest",8,"Queens",1,34432,12434,6503,4674,4360,32059,34308,78614,8,0.135999251380268,0.18886500929368,0.136236446309899,8,2,5.80855018587361,0,"QN08",TRUE,5,0,0,13467,1,1.32626536773218,25961.62188784,10154.0764975471
"QN0803","Fresh Meadows-Utopia",6,"Queens",1,20679,7952,4152,1554,1800,20677,20679,97257,6,0.0870532475697635,0.200783403452778,0.0751487015813144,9,5,24.1791189129068,0,"QN08",TRUE,3,0,0,6431,1,1.19074467874703,17366.4433434711,5400.82195182854
"QN0804","Jamaica Estates-Holliswood",8,"Queens",1,23270,8841,5160,2111,2692,22630,22961,87536,8,0.11895713654441,0.221744735711216,0.0919385044205392,12,8,34.3790287924366,0,"QN08",TRUE,1,0,0,9544,1,1.41366180385503,16460.7970142103,6751.26113896101
"QN0805","Jamaica Hills-Briarwood",10,"Queens",1,37121,14186,7028,4236,5130,36526,36534,92556,10,0.140447900125938,0.189326796153121,0.115946789292166,17,6,16.1633576681663,0,"QN08",TRUE,4,0,0,7845,6,0.99163626217508,37434.0889053188,7911.16692605873
"QN0901","Kew Gardens",9,"Queens",1,24548,10568,4567,2791,2301,24339,24483,89550,8,0.0945396277579194,0.18604366954538,0.113997467630601,16,11,44.8101678344468,0,"QN09",TRUE,1,2350074,2,8609,1,0.72762101019645,33737.3435566028,11831.7089245068
"QN0902","Richmond Hill",13,"Queens",1,32785,10389,5217,3651,3278,32223,32396,88385,13,0.101728578965335,0.159127649839866,0.112699098654155,19,10,30.5017538508464,0,"QN09",TRUE,1,1608148,3,12076,0,1.08577813139533,30194.9349061472,11121.9775484714
"QN0903","South Richmond Hill",9,"Queens",1,23493,6508,3467,2550,2797,23348,23462,85086,8,0.119796128148021,0.147575873664496,0.108686386497315,18,6,25.5395224109309,0,"QN09",TRUE,1,0,0,2135,0,0.568509673761598,41323.8350801603,3755.43301818168
"QN0904","Ozone Park (North)",10,"Queens",1,25562,7417,3540,2619,4823,25327,25539,80586,10,0.190429186243929,0.138486816368046,0.102549042640667,17,8,31.2964556763946,0,"QN09",TRUE,4,0,0,11095,0,0.648792716947091,39399.3325330201,17100.9934454995
"QN0905","Woodhaven",13,"Queens",1,39914,11883,5824,3974,4248,39836,39904,93448,13,0.106637212571543,0.145913714486145,0.0995890136327185,11,3,7.51615974344841,0,"QN09",TRUE,2,2528344,3,2869,0,0.85110687761973,46896.5779146639,3370.9044955948
"QN1001","South Ozone Park",25,"Queens",1,80840,22848,14458,8360,9641,80219,80818,100469,25,0.120183497675114,0.17884710539337,0.103442302457373,93,40,49.480455220188,0,"QN10",TRUE,3,2338522,4,10619,4,2.93548386386927,27538.9011654946,3617.46154720914
"QN1002","Ozone Park",7,"Queens",1,23862,7518,3791,3080,2430,23561,23862,86696,6,0.103136539196129,0.158871846450423,0.129075517559299,17,10,41.9076355712011,0,"QN10",TRUE,2,3305604,4,3937,2,0.900617337933483,26495.1594811096,4371.44593400086
"QN1003","Howard Beach-Lindenwood",4,"Queens",1,31308,11346,7530,6066,2165,31308,31293,100809,4,0.0691516545291938,0.24051360674588,0.19384526890998,3,1,3.19407180273413,0,"QN10",TRUE,3,0,0,3810,1,1.8869404705006,16591.9383729653,2019.14159962303
"QN1101","Auburndale",13,"Queens",1,34216,12682,7552,3396,3365,33581,33953,94848,13,0.100205473333135,0.220715454758008,0.100020616734898,17,10,29.2260930558803,0,"QN11",TRUE,2,0,0,6513,2,1.98949847237488,17198.3042335067,3273.68936967585
"QN1102","Bayside",13,"Queens",1,35395,12688,7175,3449,3937,35278,35296,108454,13,0.111599297012302,0.202712247492584,0.0977164551223935,17,8,22.6020624381975,0,"QN11",TRUE,5,0,0,12524,3,2.52561338511012,14014.4173327054,4958.7953856421
"QN1103","Douglaston-Little Neck",6,"Queens",1,25623,10088,6890,3204,1498,25536,25536,122147,6,0.0586622807017544,0.268899036022324,0.12546992481203,5,2,7.80548725754205,0,"QN11",TRUE,5,0,0,6580,0,2.44451637985651,10481.8279031143,2691.7389689924
"QN1104","Oakland Gardens-Hollis Hills",5,"Queens",1,24840,9834,5922,2323,1851,24840,24840,102446,5,0.0745169082125604,0.238405797101449,0.0935185185185185,5,2,8.05152979066023,0,"QN11",TRUE,3,0,0,2366,0,1.42170339856202,17471.9987482089,1664.20084695098
"QN1201","Jamaica",15,"Queens",1,56742,18224,8438,6584,10259,55997,56489,61143,14,0.1832062431916,0.148708187938388,0.116553665315371,83,49,86.3557858376511,0,"QN12",TRUE,3,22770637,6,23049,25,1.67975389122311,33779.9485367963,13721.6529876391
"QN1202","South Jamaica",14,"Queens",1,42675,12660,5456,3846,5874,42469,42628,74002,13,0.138312651581153,0.127850029291154,0.0902223890400676,29,13,30.4628002343292,0,"QN12",TRUE,3,0,0,2949,1,1.35826282587964,31418.8087805193,2171.15564367314
"QN1203","Baisley Park",20,"Queens",1,43885,13205,6302,4793,5385,43598,43845,85631,19,0.123514840130281,0.14360259769853,0.109316911848557,28,13,29.6228779765296,0,"QN12",TRUE,5,0,0,3661,8,1.71992434603195,25515.6571864613,2128.58199748513
"QN1204","Springfield Gardens (North)-Rochdale Village",6,"Queens",1,33511,12948,5597,4502,4615,33348,33486,77057,6,0.138389108792131,0.167019784548357,0.134444245356268,15,9,26.8568529736504,0,"QN12",TRUE,4,0,0,5209,6,1.23623563938979,27107.2916297261,4213.59798571345
"QN1205","St. Albans",23,"Queens",1,54727,16417,8915,6023,5140,54190,54412,101281,22,0.094851448606754,0.162899482887788,0.110692494302727,26,5,9.1362581541104,0,"QN12",TRUE,5,0,0,4861,0,2.66431465769233,20540.7420035745,1824.48420120554
"QN1206","Hollis",10,"Queens",1,22264,6848,4028,2671,2641,21629,21913,85188,10,0.122104581811457,0.180919870643191,0.121891114863323,20,9,40.4240028745958,0,"QN12",TRUE,2,0,0,2181,0,0.87771217056264,25365.9465445581,2484.8692693892
"QN1301","Glen Oaks-Floral Park-New Hyde Park",6,"Queens",1,22157,8972,8043,3629,1838,21506,21591,110908,6,0.0854645215288757,0.363000406192174,0.168079292297717,3,1,4.51324637811978,0,"QN13",TRUE,2,0,0,15994,1,1.62927565053197,13599.2948723966,9816.63231435261
"QN1302","Bellerose",6,"Queens",1,26891,8726,6780,3860,1903,26418,26467,104693,6,0.0720342190930426,0.252128965081254,0.14584199191446,6,3,11.1561488974006,0,"QN13",TRUE,4,0,0,6813,1,1.98440174719053,13551.1874236513,3433.27655785715
"QN1303","Queens Village",20,"Queens",1,55339,16816,11819,6869,5257,55046,55158,104046,19,0.0955019438287977,0.213574513453442,0.124533159287864,31,14,25.2986139973617,0,"QN13",TRUE,3,0,0,7837,2,2.49855195087455,22148.4288051846,3136.6167900799
"QN1304","Cambria Heights",13,"Queens",1,19981,6567,4803,2716,1498,19775,19971,112672,13,0.0757522123893805,0.240378359441469,0.135997195934104,6,2,10.0095090335819,0,"QN13",TRUE,5,0,0,1314,0,1.18633969504557,16842.5621122225,1107.60855890397
"QN1305","Laurelton",11,"Queens",1,27708,8789,5104,2745,1536,27510,27588,114800,11,0.0558342420937841,0.184206727298975,0.0994997825141366,17,8,28.872527789808,0,"QN13",TRUE,1,0,0,2074,0,1.42908521294577,19388.6268985217,1451.27804921084
"QN1306","Springfield Gardens (South)-Brookville",7,"Queens",1,24458,6819,3113,1919,2475,23947,24347,115929,5,0.10335323840147,0.127279417777414,0.0788187456360127,20,8,32.7091340256767,0,"QN13",TRUE,3,0,0,10113,7,2.0602641748075,11871.2931569978,4908.59382192816
"QN1307","Rosedale",8,"Queens",1,28309,8410,4797,3027,2929,28195,28309,120880,8,0.1038836673169,0.169451411211982,0.106927125649087,9,6,21.1946730721679,0,"QN13",TRUE,1,0,0,2937,1,1.69432356537832,16708.1427529334,1733.43513601206
"QN1401","Far Rockaway-Bayswater",11,"Queens",1,62827,20742,10883,9446,12952,60855,61157,63990,11,0.212833785227179,0.173221704044439,0.154454927481727,353,50,79.5836185079663,0,"QN14",TRUE,7,1617351,3,11169,3,2.16923802347432,28962.7045626714,5148.81256880762
"QN1402","Rockaway Beach-Arverne-Edgemere",9,"Queens",1,42621,15989,6892,6494,10874,41401,41396,58538,9,0.262650660612062,0.161704324159452,0.156875060392308,17,7,16.4238286290796,0,"QN14",TRUE,5,1306143,5,4034,1,1.81154693956218,23527.4058149996,2226.82609647142
"QN1403","Breezy Point-Belle Harbor-Rockaway Park-Broad Channel",7,"Queens",1,25783,9963,5980,3308,2014,25198,25296,120977,7,0.0799269783316136,0.231935771632471,0.130771663504111,21,15,58.1778691385797,0,"QN14",TRUE,2,326972,3,5754,3,2.48341002081018,10382.0954993121,2316.97542966458
"SI0101","St. George-New Brighton",6,"Staten Island",1,21009,7342,3172,2742,5854,20643,20641,70476,6,0.283582812575692,0.150982912085297,0.132842401046461,8,5,23.7993240991956,0,"SI01",TRUE,2,1,1,6338,1,0.950876131191781,22094.3604648782,6665.4317971535
"SI0102","Tompkinsville-Stapleton-Clifton-Fox Hills",5,"Staten Island",1,18170,6083,2518,2084,4756,17467,17497,51778,5,0.272284880059541,0.138580077050083,0.119106132479854,7,4,22.0143093010457,0,"SI01",TRUE,2,1,1,4408,0,0.869543036212755,20896.0330234354,5069.32931025334
"SI0103","Rosebank-Shore Acres-Park Hill",7,"Staten Island",1,23027,8820,3671,2672,3736,22994,22972,70751,7,0.162477167956858,0.159421548616841,0.116315514539439,5,0,0,0,"SI01",TRUE,2,0,0,2624,2,1.2644608525679,18210.923614785,2075.19275481807
"SI0104","West New Brighton-Silver Lake-Grymes Hill",12,"Staten Island",1,35957,12905,5371,3943,3499,34929,35506,107570,11,0.100174639983967,0.149372862029647,0.111051653241706,8,3,8.34329894040103,0,"SI01",TRUE,6,0,0,9730,1,3.06182771991766,11743.6391884802,3177.84045676537
"SI0105","Westerleigh-Castleton Corners",8,"Staten Island",1,31542,10804,5470,3079,2321,31410,31542,119026,8,0.073893664438077,0.173419567560713,0.097615877243041,16,5,15.8518800329719,0,"SI01",TRUE,3,0,0,4628,1,2.74510786752375,11490.2588612857,1685.90824963637
"SI0106","Port Richmond",6,"Staten Island",1,20577,6431,2322,2312,4048,20552,20553,81299,6,0.196963799143636,0.112844437964718,0.112489660876758,20,8,38.8783593332361,0,"SI01",TRUE,3,0,0,5512,1,1.29982123146188,15830.6384769985,4240.58314065295
"SI0107","Mariner's Harbor-Arlington-Graniteville",8,"Staten Island",1,32272,10865,4756,3992,5091,32209,32255,85529,8,0.15806141140675,0.147372335151215,0.123763757556968,14,6,18.5919682697075,0,"SI01",TRUE,3,0,0,6391,0,3.20639813262084,10064.8761211764,1993.20225862785
"SI0201","Grasmere-Arrochar-South Beach-Dongan Hills",9,"Staten Island",1,35372,13038,7010,4359,3833,34708,34922,80169,9,0.110435634435865,0.198179350899016,0.124821029723384,11,8,22.6167590184327,0,"SI02",TRUE,8,0,0,13837,1,2.87365897833774,12309.0458076765,4815.11553886745
"SI0202","New Dorp-Midland Beach",6,"Staten Island",1,29103,9591,4773,3102,2631,29028,29103,96225,6,0.0906366267052501,0.164003710957633,0.10658694979899,22,14,48.105006356733,0,"SI02",TRUE,2,0,0,7891,0,2.23038308409187,13048.4311002788,3537.95724881627
"SI0203","Todt Hill-Emerson Hill-Lighthouse Hill-Manor Heights",9,"Staten Island",1,33910,10543,7771,3822,3733,32726,32731,111523,9,0.114068324879301,0.229165437923916,0.116770034523846,9,4,11.7959304040106,0,"SI02",TRUE,4,0,0,4888,0,6.68299917415719,5074.06915911769,731.408140659607
"SI0204","New Springville-Willowbrook-Bulls Head-Travis",9,"Staten Island",1,42601,14974,8113,4654,5413,42294,42568,96241,9,0.127985056982078,0.190441538931011,0.109330952828416,13,8,18.7789019037112,0,"SI02",TRUE,2,0,0,35975,5,7.51073850782708,5672.01214043129,4789.80861369488
"SI0301","Oakwood-Richmondtown",5,"Staten Island",1,21154,7934,4630,2501,1912,21088,21149,111581,5,0.0906676783004552,0.218871135482651,0.118256182325405,6,2,9.45447669471495,0,"SI03",TRUE,1,0,0,1720,0,2.00648051528965,10542.8384869944,857.222378634316
"SI0302","Great Kills-Eltingville",11,"Staten Island",1,58253,19882,10435,5844,4200,58212,58253,118504,11,0.0721500721500721,0.179132405198016,0.100321013510034,17,7,12.0165485039397,0,"SI03",TRUE,3,0,0,7854,0,4.18770543696574,13910.4817367976,1875.4900788081
"SI0303","Arden Heights-Rossville",7,"Staten Island",1,31824,10776,5418,3429,1718,31822,31806,111900,7,0.0539878071774244,0.170248868778281,0.107809847198642,1,0,0,0,"SI03",TRUE,2,0,0,2300,1,2.43105936718835,13090.5894070395,946.08960646653
"SI0304","Annadale-Huguenot-Prince's Bay-Woodrow",7,"Staten Island",1,42159,14447,7253,4329,2169,41956,42150,112231,7,0.0516970159214415,0.172039184990156,0.10270462633452,5,5,11.859863848763,0,"SI03",TRUE,5,0,0,5144,0,6.47194901450142,6514.11188585326,794.814666876092
"SI0305","Tottenville-Charleston",4,"Staten Island",1,17425,6138,2546,1682,1334,17392,17425,146847,3,0.0767019319227231,0.146111908177905,0.0965279770444763,64,3,17.2166427546628,0,"SI03",TRUE,4,0,0,7205,2,4.54739660571062,3831.86282413055,1584.42305009243
