"nta2020","ntaname","n_tracts","boroname","n_boroughs","pop_total","households","pop_65plus","pop_disabled","pov_below","pov_universe","dis_universe","med_hh_income_hhwtd","inc_tracts_used","poverty_rate","pct_65plus","disability_rate","events_311_raw","events_311","events_per_100k","ntatype","cdta2020","is_residential","restrooms","subway_riders","n_stations","jobs","hotels","area_sqmi","pop_density","jobs_density","l_sub","l_jobs","l_hotel","l_rest","l_dens","inc10k","pov","old","boro","pred","resid_ratio","n_projects","park_acres","got","l_park","need","need_abs","coverage","med_hours","n_late","pct_unacceptable","n_insp","intervention","capex","excess","annual_cost","per_excess"
"QN0302","East Elmhurst",10,"Queens",1,29093,8647,4309,2770,4225,28350,28685,80116,10,0.149029982363316,0.148111229505379,0.0965661495555168,67,36,123.741106107998,0,"QN03",TRUE,5,0,0,8081,12,1.0317649249312,28197.3144240583,7832.21042384131,0,2.20618431870769,2.56494935746154,1.79175946922805,10.2470174829433,8.0116,14.9029982363316,14.8111229505379,"Queens",10.0866370090511,3.56907857075615,1,22.3044422526693,1,3.14864399702037,3.56907857075615,36,66.8542655847008,8,1,30.7692307692308,26,"Reconstruct or repair",1656500,25.9133629909489,7092.44564961215,273.698386893643
"BX1201","Williamsbridge-Olinville",20,"Bronx",1,57663,21433,8320,8574,14755,56623,57306,57055,19,0.260583155254932,0.144286630941852,0.149617841063763,78,39,67.634358253993,0,"BX12",TRUE,5,3008483,4,5204,2,1.30001313749638,44355.7055977525,4003.03646932529,8.009523582193,1.82519424531429,1.09861228866811,1.79175946922805,10.7000191735521,5.7055,26.0583155254932,14.4286630941852,"Bronx",13.2841150090887,2.93583727431726,2,60.3483264201114,1,4.11656789156905,2.93583727431726,39,63.2356427323953,8,0,20.9302325581395,43,"Reconstruct or repair",1656500,25.7158849909113,7092.44564961215,275.800177676903
"QN1401","Far Rockaway-Bayswater",11,"Queens",1,62827,20742,10883,9446,12952,60855,61157,63990,11,0.212833785227179,0.173221704044439,0.154454927481727,353,50,79.5836185079663,0,"QN14",TRUE,7,1617351,3,11169,3,2.16923802347432,28962.7045626714,5148.81256880762,7.38916300857858,2.49889173435466,1.38629436111989,2.07944154167984,10.2737987583003,6.399,21.2833785227179,17.3221704044439,"Queens",25.6193146226998,1.95165252218332,4,136.440241327935,1,4.92318921411286,1.95165252218332,50,53.3925431875161,8,1,21.9178082191781,73,"Reconstruct or repair",1656500,24.3806853773002,7092.44564961215,290.904276883685
"MN0102","Tribeca-Civic Center",5,"Manhattan",1,22563,9638,3064,1476,1631,20861,22089,229813,5,0.0781841714203538,0.13579754465275,0.0668205894336548,100,58,257.05801533484,0,"MN01",TRUE,3,32268036,6,128636,14,0.487052853242001,46325.5678512352,264110.966897642,10.3818634116528,4.86473052312285,2.70805020110221,1.38629436111989,10.7434708951839,22.9813,7.81841714203538,13.579754465275,"Manhattan",33.9013750194886,1.71084506061061,0,16.0031203874612,0,2.83339687941617,1.71084506061061,58,75.9126112414072,8.33333333333333,1,27.2727272727273,11,"Reconstruct or repair",1656500,24.0986249805114,7092.44564961215,294.309142341018
"BK0401","Bushwick (West)",13,"Brooklyn",1,52698,22293,3892,5530,9610,52404,52442,93387,13,0.183382947866575,0.0738547952483965,0.1054498302887,84,51,96.7778663326881,0,"BK04",TRUE,3,7724182,4,31937,3,0.829828780159744,63504.666576948,38486.2525421835,8.95224066135897,3.4945966459207,1.38629436111989,1.38629436111989,11.0588844183316,9.3387,18.3382947866575,7.38547952483965,"Brooklyn",29.9989909642093,1.70005718061805,1,12.1215783968472,1,2.57425808091767,1.70005718061805,51,48.7647240879156,8,0,40,35,"Reconstruct or repair",1656500,21.0010090357907,7092.44564961215,337.719279941499
"BK1303","Brighton Beach",8,"Brooklyn",1,28327,13743,7834,5656,6974,28053,28066,47868,8,0.248600862652836,0.27655593603276,0.201524976840305,42,24,84.7248208423059,0,"BK13",TRUE,1,3271871,2,18776,4,0.486548084463023,58220.3504742249,38590.2248915892,8.09342286034224,2.98446908127528,1.6094379124341,0.693147180559945,10.9720074130839,4.7868,24.8600862652836,27.655593603276,"Brooklyn",6.28145869041952,3.82076857985308,0,30.3143455138525,0,3.44407631567442,3.82076857985308,24,38.0736204173516,8,0,72.7272727272727,11,"Reconstruct or repair",1656500,17.7185413095805,7092.44564961215,400.28383407483
"MN1102","East Harlem (North)",12,"Manhattan",1,63246,28197,8951,11290,19846,62593,62806,44772,12,0.317064208457815,0.141526736868735,0.17975989555138,403,99,156.531638364482,0,"MN11",TRUE,6,8787117,2,15977,1,0.936901556049318,67505.4914698751,17053.0189611073,9.08115574702534,2.8318594868285,0.693147180559945,1.94591014905531,11.1199790421607,4.4772,31.7064208457815,14.1526736868735,"Manhattan",33.1670820813852,2.98488723720327,5,70.1850271015041,1,4.26528250278495,2.98488723720327,99,78.0361145904016,8,0,7.46268656716418,67,"Extend operating hours",0,65.8329179186148,51100,776.207429589735
"QN0104","Astoria (East)-Woodside (North)",14,"Queens",1,36805,16717,4995,3732,4371,36741,36802,79887,14,0.118967910508696,0.135715256079337,0.101407532199337,187,57,154.870262192637,0,"QN01",TRUE,2,5068165,2,11956,2,0.934129122353612,39400.3346210499,12799.0871003742,8.53093138874156,2.56155900130908,1.09861228866811,1.09861228866811,10.581554968343,7.9887,11.8967910508696,13.5715256079337,"Queens",20.5213907137266,2.77758953060979,1,8.77583447156678,1,2.27991347016302,2.77758953060979,57,34.3738314598681,7.66666666666667,0,27.2727272727273,22,"Build new / modular unit",1200000,36.4786092862734,80658.8491162309,2211.12730705395
"QN0402","Corona",17,"Queens",1,67341,20432,9579,9178,13547,65933,66838,69520,17,0.205466155036173,0.142246179890409,0.137317095065681,150,54,80.188889383882,0,"QN04",TRUE,4,4981726,1,10404,2,0.86180512595918,78139.4748900457,12072.3347849904,8.51373240981392,2.43396417105043,1.09861228866811,1.6094379124341,11.2662634460163,6.952,20.5466155036173,14.2246179890409,"Queens",31.0621510764202,1.73845011142812,1,9.12541020632313,1,2.31504812637668,1.73845011142812,54,62.1706066600452,8,0,5.55555555555556,36,"Extend operating hours",0,22.9378489235798,51100,2227.75902702323
"SI0101","St. George-New Brighton",6,"Staten Island",1,21009,7342,3172,2742,5854,20643,20641,70476,6,0.283582812575692,0.150982912085297,0.132842401046461,8,5,23.7993240991956,0,"SI01",TRUE,2,1,1,6338,1,0.950876131191781,22094.3604648782,6665.4317971535,0.000999500333083533,1.99306632593309,0.693147180559945,1.09861228866811,10.0031229317508,7.0476,28.3582812575692,15.0982912085297,"Staten Island",2.99124850180785,1.67154283469866,1,27.400248519281,1,3.34639789580778,1.67154283469866,5,40.0886644170552,8.16666666666667,0,25,12,"Reconstruct or repair",1656500,2.00875149819215,7092.44564961215,3530.77304783357
"BK0201","Brooklyn Heights",6,"Brooklyn",1,26031,12601,4704,1969,1161,24286,26031,181460,6,0.0478053199374125,0.180707617840267,0.0756405823825439,41,24,92.197764204218,0,"BK02",TRUE,8,1574849,1,17780,6,0.358058132071354,72700.4853916083,49656.7412032882,7.3625494536448,2.93279247378012,1.94591014905531,2.19722457733622,11.1941170951094,18.146,4.78053199374125,18.0707617840267,"Brooklyn",11.3390672976638,2.1165762024311,1,12.8362140723289,1,2.62728936308077,2.1165762024311,24,89.5719507199641,8,2,0,22,"Extend operating hours",0,12.6609327023362,51100,4036.0375654292
"QN0203","Woodside",14,"Queens",1,46947,18812,8477,3358,4129,46495,46716,75617,14,0.0888052478761157,0.1805653183377,0.0718811542084083,83,47,100.112893262615,0,"QN02",TRUE,1,7473043,4,17385,7,1.18191901827003,39720.9954948658,14709.1295860916,8.91919136330691,2.91153511475324,2.07944154167984,0.693147180559945,10.5896603559421,7.5617,8.88052478761157,18.05653183377,"Queens",27.9648129327027,1.68068351156525,1,11.0979769126874,1,2.49303824132511,1.68068351156525,47,12.2836344344727,7.33333333333333,0,20,30,"Build new / modular unit",1200000,19.0351870672973,80658.8491162309,4237.35521122374
"MN0301","Chinatown-Two Bridges",7,"Manhattan",1,38006,18246,9769,4945,13212,37707,37742,36726,6,0.350385869997613,0.257038362363837,0.131021143553601,48,27,71.0414145134979,0,"MN03",TRUE,5,3996884,1,14668,16,0.413990352108793,91804.0717770456,35430.7773726702,8.29352050013216,2.75162041580358,2.83321334405622,1.79175946922805,11.4274228231984,3.6726,35.0385869997613,25.7038362363837,"Manhattan",14.9594256508195,1.80488212784565,1,15.3845830001628,1,2.79634083173005,1.80488212784565,27,93.465177007428,8,0,19.6428571428571,56,"Extend operating hours",0,12.0405743491805,51100,4243.98359397847
"SI0102","Tompkinsville-Stapleton-Clifton-Fox Hills",5,"Staten Island",1,18170,6083,2518,2084,4756,17467,17497,51778,5,0.272284880059541,0.138580077050083,0.119106132479854,7,4,22.0143093010457,0,"SI01",TRUE,2,1,1,4408,0,0.869543036212755,20896.0330234354,5069.32931025334,0.000999500333083533,1.68787933874066,0,1.09861228866811,9.94736246727437,5.1778,27.2284880059541,13.8580077050083,"Staten Island",2.41417515833275,1.65688060627815,0,13.1138052241609,0,2.64715341229643,1.65688060627815,4,36.3877342909295,7.83333333333333,0,25,16,"Reconstruct or repair",1656500,1.58582484166725,7092.44564961215,4472.40165701752
"BX1203","Wakefield-Woodlawn",16,"Bronx",1,49552,18594,8769,7874,8587,49001,49265,85993,16,0.175241321605682,0.176965611882467,0.159829493555262,79,31,62.5605424604456,0,"BX12",TRUE,3,2290926,3,8895,6,1.42213390294408,34843.4137583094,6254.68528778176,7.7371477911005,2.29202957905453,1.94591014905531,1.38629436111989,10.458648109461,8.5993,17.5241321605682,17.6965611882467,"Bronx",13.5449087577509,2.28868282204268,2,19.8760228975404,1,3.03860127061618,2.28868282204268,31,32.3219494531066,8.33333333333333,0,30,10,"Build new / modular unit",1200000,17.4550912422491,80658.8491162309,4620.935404852
"BK1002","Dyker Heights",17,"Brooklyn",1,39148,13587,7739,4634,7677,38873,38938,78684,17,0.197489259897615,0.197685705527741,0.119009707740511,24,16,40.8705425564524,0,"BK10",TRUE,4,0,0,15173,0,1.04450300760751,37480.0261127734,14526.5259070479,0,2.78334318513764,0,1.6094379124341,10.5315901135863,7.8684,19.7489259897615,19.7685705527741,"Brooklyn",6.28327918544386,2.54644104261137,1,17.8660496209018,1,2.93736399040028,2.54644104261137,16,44.9793556486622,8,0,0,5,"Extend operating hours",0,9.71672081455614,51100,5258.97583919974
"BK0703","Sunset Park (Central)",14,"Brooklyn",1,44499,13497,6183,3711,11523,44158,44484,66011,13,0.26094931835681,0.138946942627924,0.0834232533045589,49,30,67.4172453313558,0,"BK07",TRUE,1,2868392,1,13407,4,0.672717365319422,66148.1363408403,19929.6178323478,7.96185543962109,2.66771419957934,1.6094379124341,0.693147180559945,11.0996671133859,6.6011,26.094931835681,13.8946942627924,"Brooklyn",15.2000290343806,1.97368044048756,0,23.8601557427736,0,3.21326635085673,1.97368044048756,30,27.2200755250059,8,0,0,6,"Build new / modular unit",1200000,14.7999709656194,80658.8491162309,5449.93292916607
"BK0204","Clinton Hill",7,"Brooklyn",1,29205,13664,3553,2544,2641,26882,29175,129174,7,0.0982441782605461,0.12165725047081,0.0871979434447301,34,22,75.3295668549906,0,"BK02",TRUE,5,4862834,3,11585,2,0.522505281514049,55894.171854825,22172.0246854356,8.48958229477415,2.53250562858728,1.09861228866811,1.79175946922805,10.9312332843007,12.9174,9.82441782605461,12.165725047081,"Brooklyn",13.2283434411141,1.66309561722016,0,7.35569253947295,0,2.122943047837,1.66309561722016,22,87.9333086623066,8,0,18.6046511627907,43,"Extend operating hours",0,8.7716565588859,51100,5825.58148018626
"BK1703","East Flatbush-Rugby",16,"Brooklyn",1,36352,14124,7385,4175,6138,35699,35883,71290,16,0.171937589288215,0.203152508802817,0.116350360895131,34,18,49.5158450704225,0,"BK17",TRUE,3,0,0,5682,1,0.975852046022332,37251.5486831988,5822.60397276451,0,1.89941734393456,0.693147180559945,1.38629436111989,10.5254756424926,7.129,17.1937589288215,20.3152508802817,"Brooklyn",5.66553773016445,3.17710354379328,3,4.72501550602532,1,1.74484525791267,3.17710354379328,18,33.3160465243297,8,0,14.8148148148148,27,"Build new / modular unit",1200000,12.3344622698355,80658.8491162309,6539.30810696838
"BX0102","Melrose",8,"Bronx",1,41043,15978,5240,8885,17401,40900,41024,31028,8,0.425452322738386,0.127670979216919,0.216580538221529,24,16,38.9835051044027,0,"BX01",TRUE,5,6771434,3,20580,4,0.619539281925913,66247.6152802013,33218.2326454339,8.8206158286183,3.07176695982999,1.6094379124341,1.79175946922805,11.1011698421991,3.1028,42.5452322738386,12.7670979216919,"Bronx",10.2966411204946,1.55390479407438,1,10.2245388492205,1,2.41810235030962,1.55390479407438,16,75.8812168173652,8,0,13.6363636363636,44,"Extend operating hours",0,5.7033588795054,51100,8959.63257434563
"SI0202","New Dorp-Midland Beach",6,"Staten Island",1,29103,9591,4773,3102,2631,29028,29103,96225,6,0.0906366267052501,0.164003710957633,0.10658694979899,22,14,48.105006356733,0,"SI02",TRUE,2,0,0,7891,0,2.23038308409187,13048.4311002788,3537.95724881627,0,2.185039529139,0,1.09861228866811,9.47649981795223,9.6225,9.06366267052501,16.4003710957633,"Staten Island",5.06881853373682,2.76198485047737,0,105.185624955399,0,4.66518874141067,2.76198485047737,14,18.6035312727733,8,0,28.125,32,"Build new / modular unit",1200000,8.93118146626318,80658.8491162309,9031.1510768103
"BK0701","Windsor Terrace-South Slope",8,"Brooklyn",1,25036,10712,3782,2470,1801,24706,25036,147547,8,0.0728972719177528,0.151062470043138,0.098657932577089,20,13,51.9252276721521,0,"BK07",TRUE,2,2981796,2,4176,0,0.549251682415983,45582.0178645145,7603.07184063799,8.00061639464688,1.6440325571986,0,1.09861228866811,10.7272905108868,14.7547,7.28972719177528,15.1062470043138,"Brooklyn",8.06964873478267,1.61097470624291,0,11.4724504006824,0,2.52352224405101,1.61097470624291,13,50.6667416864269,8,0,9.09090909090909,11,"Extend operating hours",0,4.93035126521733,51100,10364.3730945705
"QN1206","Hollis",10,"Queens",1,22264,6848,4028,2671,2641,21629,21913,85188,10,0.122104581811457,0.180919870643191,0.121891114863323,20,9,40.4240028745958,0,"QN12",TRUE,2,0,0,2181,0,0.87771217056264,25365.9465445581,2484.8692693892,0,1.15719561276701,0,1.09861228866811,10.1412022884148,8.5188,12.2104581811457,18.0919870643191,"Queens",4.57619814398756,1.96669805738736,0,4.85814378459769,0,1.76783279310222,1.96669805738736,9,39.4674613157518,7.66666666666667,0,13.6363636363636,22,"Extend operating hours",0,4.42380185601244,51100,11551.1502692078
"QN1403","Breezy Point-Belle Harbor-Rockaway Park-Broad Channel",7,"Queens",1,25783,9963,5980,3308,2014,25198,25296,120977,7,0.0799269783316136,0.231935771632471,0.130771663504111,21,15,58.1778691385797,0,"QN14",TRUE,2,326972,3,5754,3,2.48341002081018,10382.0954993121,2316.97542966458,5.79292823888661,1.91013492196338,1.38629436111989,1.09861228866811,9.24793432992196,12.0977,7.99269783316136,23.1935771632471,"Queens",9.05017790677875,1.65742598151189,2,158.869369348472,1,5.07435704019184,1.65742598151189,15,11.5863655913099,7.66666666666667,0,19.047619047619,21,"Build new / modular unit",1200000,5.94982209322125,80658.8491162309,13556.5144389993
"QN0705","East Flushing",14,"Queens",1,30771,11132,8075,3854,5085,30664,30751,61333,13,0.16582963735977,0.262422410711384,0.125329257585119,19,10,32.4981313574469,0,"QN07",TRUE,0,0,0,5483,0,1.13564638944685,27095.5821160035,4828.08737909223,0,1.86918336619286,0,0,10.2071628777332,6.1333,16.582963735977,26.2422410711384,"Queens",4.82503122741919,2.07252544671069,1,4.42669162616152,1,1.69132967131122,2.07252544671069,10,6.65932591745033,NA,NA,NA,NA,"Build new / modular unit",1200000,5.17496877258081,80658.8491162309,15586.3450893841
"BX0201","Hunts Point",6,"Bronx",1,14219,5245,2046,3462,3950,13816,13942,40045,4,0.285900405327157,0.143891975525705,0.248314445560178,10,5,35.1642168928898,0,"BX02",TRUE,3,0,0,20741,0,1.61549885409558,8801.61565200266,12838.758719895,0,3.07919987879525,0,1.38629436111989,9.08280418948339,4.0045,28.5900405327157,14.3891975525705,"Bronx",2.11540498596084,2.36361360268277,1,16.9898199147888,1,2.88980603761711,2.36361360268277,5,35.4284564580614,8,0,4.54545454545455,22,"Extend operating hours",0,2.88459501403916,51100,17714.7917649789
"SI0106","Port Richmond",6,"Staten Island",1,20577,6431,2322,2312,4048,20552,20553,81299,6,0.196963799143636,0.112844437964718,0.112489660876758,20,8,38.8783593332361,0,"SI01",TRUE,3,0,0,5512,1,1.29982123146188,15830.6384769985,4240.58314065295,0,1.87364662870024,0.693147180559945,1.38629436111989,9.66976565206706,8.1299,19.6963799143636,11.2844437964718,"Staten Island",3.79848409316466,2.10610333064075,2,26.6994376746909,1,3.32141211243456,2.10610333064075,8,32.8974474258626,8,0,4.34782608695652,23,"Build new / modular unit",1200000,4.20151590683534,80658.8491162309,19197.5589060627
"MN0203","West Village",7,"Manhattan",1,31913,18404,5375,2023,1987,31435,31848,183262,7,0.0632097979958645,0.168426659981826,0.063520472243155,100,60,188.01115532855,0,"MN02",TRUE,11,16063682,2,38988,12,0.517133834845608,61711.2976363802,75392.475550628,9.68437847676954,3.68857940910493,2.56494935746154,2.484906649788,11.0302385034267,18.3262,6.32097979958645,16.8426659981826,"Manhattan",33.8734144764234,1.77130061812225,2,6.97689693219138,1,2.07654948022265,1.77130061812225,60,99.820887907702,9,4,14.2857142857143,35,"Monitor / already served",NA,26.1265855235766,NA,NA
"MN0502","Midtown-Times Square",14,"Manhattan",1,23035,13384,5013,2613,2571,22694,23006,155770,12,0.113289856349696,0.217625352724115,0.113579066330522,144,84,364.662470154113,0,"MN05",TRUE,11,133253725,10,647628,162,0.880701253950633,26155.2937465117,735354.919837893,11.8000178010617,6.47485936284583,5.09375020080676,2.484906649788,10.1718451191775,15.577,11.3289856349696,21.7625352724115,"Manhattan",43.5491963519375,1.92885304521269,0,10.9433808305409,0,2.48017721952119,1.92885304521269,84,84.8506982533362,13.1428571428571,5,0,11,"Monitor / already served",NA,40.4508036480625,NA,NA
