park_name;type;location;geo_local_area;summer_hours;winter_hours;wheelchair_access;note;geom;geo_point_2d
;LargeAPT;Vancouver Art Gallery;Downtown;6am - 10pm;6am - 10pm;Yes;;"{""coordinates"": [-123.11984855327826, 49.28295538959993], ""type"": ""Point""}";49.28295538959993, -123.11984855327826
;SmallAPT;Robson St and Richards St;Downtown;24hrs - 24hrs;24hrs - 24hrs;No;;"{""coordinates"": [-123.11803855424995, 49.28031868986395], ""type"": ""Point""}";49.28031868986395, -123.11803855424995
;LargeAPT;Bute at Davie;West End;24hrs - 24hrs;24hrs - 24hrs;Yes;;"{""coordinates"": [-123.13309096598624, 49.282049830174515], ""type"": ""Point""}";49.282049830174515, -123.13309096598624
;LargeAPT;Bute St, Nelson Park;West End;24hrs - 24hrs;24hrs - 24hrs;Yes;;"{""coordinates"": [-123.13066155087947, 49.28337239139535], ""type"": ""Point""}";49.28337239139535, -123.13066155087947
Andy Livingstone Park;Park - Field House;South side, fieldhouse;Downtown;10:00 am - 11:00 pm;10:00 am - 11:00 pm;Yes;;"{""coordinates"": [-123.10359902275324, 49.27782096548095], ""type"": ""Point""}";49.27782096548095, -123.10359902275324
Balaclava Park;Park - Field House;Central, field house;Dunbar-Southlands;Dawn to Dusk;Dawn to Dusk;No;;"{""coordinates"": [-123.17546094914353, 49.245233993113295], ""type"": ""Point""}";49.245233993113295, -123.17546094914353
Chaldecott Park;Park - Field House;East side fieldhouse;Dunbar-Southlands;Dawn to Dusk;Dawn to Dusk;No;;"{""coordinates"": [-123.19112496215543, 49.24942695917802], ""type"": ""Point""}";49.24942695917802, -123.19112496215543
Garden Park;Park - Field House;North east corner, fieldhouse;Grandview-Woodland;Dawn to Dusk;Dawn to Dusk;No;;"{""coordinates"": [-123.05833399382524, 49.268285997582815], ""type"": ""Point""}";49.268285997582815, -123.05833399382524
Gordon Park;Park - Field House;East side;Victoria-Fraserview;Dawn to Dusk;Dawn to Dusk;No;;"{""coordinates"": [-123.06949997797808, 49.22387004403736], ""type"": ""Point""}";49.22387004403736, -123.06949997797808
Grays Park;Park - Public Washroom;Centre west by parking lot;Kensington-Cedar Cottage;Dawn to Dusk;Dawn to Dusk;No;;"{""coordinates"": [-123.08522025523621, 49.24096092890344], ""type"": ""Point""}";49.24096092890344, -123.08522025523621
Harbour Green Park;Park - Public Washroom;Central;Downtown;Dawn to Dusk;Dawn to Dusk;No;;"{""coordinates"": [-123.12146699909354, 49.28980401354857], ""type"": ""Point""}";49.28980401354857, -123.12146699909354
MacLean Park;Park - Field House;North west corner, fieldhouse;Strathcona;Dawn to Dusk;Dawn to Dusk;No;;"{""coordinates"": [-123.08936604005851, 49.27900702156459], ""type"": ""Point""}";49.27900702156459, -123.08936604005851
McBride Park;Park - Field House;Central, field house;Kitsilano;Dawn to Dusk;Dawn to Dusk;Yes;;"{""coordinates"": [-123.18014096216841, 49.26810696562739], ""type"": ""Point""}";49.26810696562739, -123.18014096216841
Memorial West Park;Park - Field House;Central, field house;Dunbar-Southlands;Dawn to Dusk;Dawn to Dusk;No;;"{""coordinates"": [-123.1884550035118, 49.2433349838613], ""type"": ""Point""}";49.2433349838613, -123.1884550035118
Moberly Park;Park - Field House;South west corner at Community Hall;Sunset;Dawn to Dusk;Dawn to Dusk;Yes;;"{""coordinates"": [-123.08735497868791, 49.21525299478923], ""type"": ""Point""}";49.21525299478923, -123.08735497868791
Nanaimo Park;Park - Field House;North side, fieldhouse;Victoria-Fraserview;Dawn to Dusk;Dawn to Dusk;No;;"{""coordinates"": [-123.05742904218603, 49.22824199783262], ""type"": ""Point""}";49.22824199783262, -123.05742904218603
Norquay Park;Park - Field House;West side, field house;Renfrew-Collingwood;Dawn to Dusk;Dawn to Dusk;No;;"{""coordinates"": [-123.05142495965826, 49.23797498982322], ""type"": ""Point""}";49.23797498982322, -123.05142495965826
Quilchena Park;Park - Field House;North east corner, fieldhouse;Arbutus Ridge;Dawn to Dusk;Dawn to Dusk;Yes;;"{""coordinates"": [-123.14872394440481, 49.24464304772313], ""type"": ""Point""}";49.24464304772313, -123.14872394440481
Slocan Park;Park - Field House;North side;Renfrew-Collingwood;Dawn to Dusk;Dawn to Dusk;Yes;;"{""coordinates"": [-123.04795201778296, 49.24443797709505], ""type"": ""Point""}";49.24443797709505, -123.04795201778296
Sunrise Park;Park - Field House;North west corner, fieldhouse;Hastings-Sunrise;Dawn to Dusk;Dawn to Dusk;No;;"{""coordinates"": [-123.0360179829702, 49.26692299064806], ""type"": ""Point""}";49.26692299064806, -123.0360179829702
Sunset Beach Park;Park - Field House;Concession;West End;Dawn to Dusk;7:00 am - Dusk;Yes;;"{""coordinates"": [-123.1379500438107, 49.27883701378158], ""type"": ""Point""}";49.27883701378158, -123.1379500438107
Trafalgar Park;Park - Field House;North side, fieldhouse;Arbutus Ridge;Dawn to Dusk;Dawn to Dusk;Yes;;"{""coordinates"": [-123.16347197280245, 49.25155496544428], ""type"": ""Point""}";49.25155496544428, -123.16347197280245
Vanier Park;Park - Field House;Burrard Civic Marina;Kitsilano;Dawn to Dusk;Dawn to Dusk;Yes;;"{""coordinates"": [-123.13985594322915, 49.275196010470154], ""type"": ""Point""}";49.275196010470154, -123.13985594322915
Woodland Park;Park - Field House;Central, field house;Grandview-Woodland;Dawn to Dusk;Dawn to Dusk;No;;"{""coordinates"": [-123.07322000486613, 49.278368970968174], ""type"": ""Point""}";49.278368970968174, -123.07322000486613
Britannia;Community Center;1661 Napier St;Grandview-Woodland;as per CC operating hours;as per CC operating hours;;Maintained by Rec Center;"{""coordinates"": [-123.07065277917624, 49.27504267038139], ""type"": ""Point""}";49.27504267038139, -123.07065277917624
Dunbar;Community Center;4747 Dunbar St;Dunbar-Southlands;as per CC operating hours;as per CC operating hours;;Maintained by Rec Center;"{""coordinates"": [-123.1882519609546, 49.24281542583472], ""type"": ""Point""}";49.24281542583472, -123.1882519609546
Evelyne Saller Centre;Community Center;320 Alexander St;Strathcona;as per CC operating hours;as per CC operating hours;;Maintained by Rec Center;"{""coordinates"": [-123.09708430739617, 49.2838745131322], ""type"": ""Point""}";49.2838745131322, -123.09708430739617
Gathering Place;Community Center;609 Helmcken St;Downtown;as per CC operating hours;as per CC operating hours;;Maintained by Rec Center;"{""coordinates"": [-123.12348216441735, 49.27798999137303], ""type"": ""Point""}";49.27798999137303, -123.12348216441735
Kitsilano War Memorial;Community Center;2690 Larch St;Kitsilano;as per CC operating hours;as per CC operating hours;;Maintained by Rec Center;"{""coordinates"": [-123.16185934533652, 49.26234325331214], ""type"": ""Point""}";49.26234325331214, -123.16185934533652
Spanish Banks Beach Park;Park - Field House;West, fieldhouse;West Point Grey;Dawn to Dusk;Dawn to Dusk;Yes;;"{""coordinates"": [-123.22267905551811, 49.27747198504818], ""type"": ""Point""}";49.27747198504818, -123.22267905551811
Kitsilano Beach Park;Park - Public Washroom;Lifeguard station;Kitsilano;Dawn to Dusk;Dawn to Dusk;Yes;;"{""coordinates"": [-123.15370297407691, 49.27447199236721], ""type"": ""Point""}";49.27447199236721, -123.15370297407691
Rupert Park;Park - Field House;South side, fieldhouse;Hastings-Sunrise;Dawn to Dusk;Dawn to Dusk;Yes;;"{""coordinates"": [-123.03060498029191, 49.27013500332388], ""type"": ""Point""}";49.27013500332388, -123.03060498029191
Stanley Park;Park - Field House;Prospect Point Picnic, fieldhouse;;Dawn to Dusk;Dawn to Dusk;Yes;;"{""coordinates"": [-123.14838804055674, 49.31055002745345], ""type"": ""Point""}";49.31055002745345, -123.14838804055674
Stanley Park;Park - Public Washroom;SP Brewing;;Dawn to Dusk;Dawn to Dusk;Yes;;"{""coordinates"": [-123.14658004093583, 49.29229302081527], ""type"": ""Point""}";49.29229302081527, -123.14658004093583
Stanley Park;Park - Public Washroom;Lumberman's Arch;;Dawn to Dusk;Dawn to Dusk;Yes;;"{""coordinates"": [-123.13070797861168, 49.30292598376159], ""type"": ""Point""}";49.30292598376159, -123.13070797861168
Stanley Park;Park - Public Washroom;Info Booth;;Dawn to Dusk;Dawn to Dusk;Yes;;"{""coordinates"": [-123.13143296597215, 49.297753013370894], ""type"": ""Point""}";49.297753013370894, -123.13143296597215
Stanley Park;Park - Public Washroom;Totems;;Dawn to Dusk;Dawn to Dusk;Yes;;"{""coordinates"": [-123.12127801954023, 49.29944002244882], ""type"": ""Point""}";49.29944002244882, -123.12127801954023
Stanley Park;Park - Public Washroom;Chilco - Lost Lagoon;;Dawn to Dusk;Dawn to Dusk;Yes;;"{""coordinates"": [-123.13859102966137, 49.2939220370603], ""type"": ""Point""}";49.2939220370603, -123.13859102966137
Empire Fields - Hastings Park;Park - Field House;West Side;Hastings-Sunrise;;;;;"{""coordinates"": [-123.03430857894679, 49.28250644914341], ""type"": ""Point""}";49.28250644914341, -123.03430857894679
CRAB Park at Portside;Park - Portland Loo;101 E Waterfront Rd;Downtown;24 hrs;24 hrs;Yes;;"{""coordinates"": [-123.10183295751148, 49.28458764705696], ""type"": ""Point""}";49.28458764705696, -123.10183295751148
Musqueam Park;Park - Public Washroom;4000 SW Marine Dr;Dunbar-Southlands;;;;;"{""coordinates"": [-123.18992303549682, 49.22943227927681], ""type"": ""Point""}";49.22943227927681, -123.18992303549682
Langara Golf Course;Park - Public Washroom;Exterior of Building;Oakridge;;;;;"{""coordinates"": [-123.1125147594454, 49.223887357607616], ""type"": ""Point""}";49.223887357607616, -123.1125147594454
;LargeAPT;Robson St and Granville St;Downtown;6am - 10pm;6am - 10pm;Yes;;"{""coordinates"": [-123.12006655436043, 49.28162689042019], ""type"": ""Point""}";49.28162689042019, -123.12006655436043
;SmallAPT;Powell St and Main St;Downtown;24hrs - 24hrs;24hrs - 24hrs;No;;"{""coordinates"": [-123.09985255600299, 49.28327564457818], ""type"": ""Point""}";49.28327564457818, -123.09985255600299
;LargeAPT;Main St and Terminal Ave;Strathcona;6am - 10pm;6am - 10pm;Yes;;"{""coordinates"": [-123.09976255831502, 49.273133087824995], ""type"": ""Point""}";49.273133087824995, -123.09976255831502
Brewers Park;Park - Field House;North east corner fieldhouse;Kensington-Cedar Cottage;Dawn to Dusk;Dawn to Dusk;No;;"{""coordinates"": [-123.06542594968943, 49.247854989502486], ""type"": ""Point""}";49.247854989502486, -123.06542594968943
Carnarvon Park;Park - Field House;West side, field house;Arbutus Ridge;Dawn to Dusk;Dawn to Dusk;No;;"{""coordinates"": [-123.17260900971546, 49.25674201569476], ""type"": ""Point""}";49.25674201569476, -123.17260900971546
Columbia Park;Park - Portland Loo;West Side;Oakridge;Dawn to Dusk Weekends only;Dawn to Dusk Weekends only;Yes;;"{""coordinates"": [-123.11313783023915, 49.2317747997683], ""type"": ""Point""}";49.2317747997683, -123.11313783023915
Fraser River Park;Park - Public Washroom;West corner;Kerrisdale;Dawn to Dusk;Closed;No;;"{""coordinates"": [-123.14985600420111, 49.20739499780086], ""type"": ""Point""}";49.20739499780086, -123.14985600420111
Granville Park;Park - Field House;Central, field house;Fairview;Dawn to Dusk;Dawn to Dusk;No;;"{""coordinates"": [-123.14196994941648, 49.25849301101233], ""type"": ""Point""}";49.25849301101233, -123.14196994941648
Hadden Park;Park - Field House;West, caretaker house (actually in Kits);Kitsilano;Dawn to Dusk;Dawn to Dusk;Yes;;"{""coordinates"": [-123.15030998197221, 49.27746099218739], ""type"": ""Point""}";49.27746099218739, -123.15030998197221
Hastings Community Park;Park - Field House;Central, field house;Hastings-Sunrise;Dawn to Dusk;Closed;No;;"{""coordinates"": [-123.03787394911473, 49.28064797025612], ""type"": ""Point""}";49.28064797025612, -123.03787394911473
John Hendry (Trout Lake) Park;Park - Field House;At Trout Lake;Kensington-Cedar Cottage;Dawn to Dusk;Dawn to Dusk;Yes;;"{""coordinates"": [-123.0613879883137, 49.25392603796801], ""type"": ""Point""}";49.25392603796801, -123.0613879883137
Jonathan Rogers Park;Park - Field House;North side, fieldhouse;Mount Pleasant;Dawn to Dusk;Dawn to Dusk;No;;"{""coordinates"": [-123.1076200160498, 49.26449802893671], ""type"": ""Point""}";49.26449802893671, -123.1076200160498
Locarno Park;Park - Field House;Concession at fieldhouse;West Point Grey;Dawn to Dusk;Dawn to Dusk;No;;"{""coordinates"": [-123.20655501267096, 49.27506599115432], ""type"": ""Point""}";49.27506599115432, -123.20655501267096
Maple Grove Park;Park - Field House;Central, field house;Kerrisdale;Dawn to Dusk;Dawn to Dusk;Yes;;"{""coordinates"": [-123.15958297476698, 49.22338402069528], ""type"": ""Point""}";49.22338402069528, -123.15958297476698
Memorial South Park;Park - Field House;Oval;Sunset;Dawn to Dusk;Dawn to Dusk;Yes;;"{""coordinates"": [-123.08438800219717, 49.230738034136294], ""type"": ""Point""}";49.230738034136294, -123.08438800219717
Montgomery Park;Park - Field House;North east corner;Oakridge;Dawn to Dusk;Dawn to Dusk;No;;"{""coordinates"": [-123.12924098629415, 49.2318260455406], ""type"": ""Point""}";49.2318260455406, -123.12924098629415
Pandora Park;Park - Field House;South side, fieldhouse;Grandview-Woodland;9:00 am - 7:00 pm;Closed;No;;"{""coordinates"": [-123.05747804862285, 49.2822799973955], ""type"": ""Point""}";49.2822799973955, -123.05747804862285
Riverfront Park;Park - Public Washroom;North side;Killarney;Dawn to Dusk;Dawn to Dusk;No;;"{""coordinates"": [-123.05184697138017, 49.2057680363815], ""type"": ""Point""}";49.2057680363815, -123.05184697138017
Ross Park;Park - Field House;South west corner, fieldhouse;Sunset;Dawn to Dusk;Dawn to Dusk;Yes;;"{""coordinates"": [-123.08279803559799, 49.216699980120325], ""type"": ""Point""}";49.216699980120325, -123.08279803559799
West Point Grey Park;Park - Field House;Centre;West Point Grey;Dawn to Dusk;Dawn to Dusk;No;;"{""coordinates"": [-123.20457956432331, 49.2665415424518], ""type"": ""Point""}";49.2665415424518, -123.20457956432331
Champlain Heights;Community Center;3350 Maquinna Drive;Killarney;as per CC operating hours;as per CC operating hours;;Maintained by Rec Center;"{""coordinates"": [-123.03206634777003, 49.21444806144973], ""type"": ""Point""}";49.21444806144973, -123.03206634777003
Coal Harbour;Community Center;480 Broughton St;Downtown;as per CC operating hours;as per CC operating hours;;Maintained by Rec Center;"{""coordinates"": [-123.12505292931655, 49.29029937888676], ""type"": ""Point""}";49.29029937888676, -123.12505292931655
Hillcrest;Community Center;4575 Clancy Loranger Way;Riley Park;as per CC operating hours;as per CC operating hours;;Maintained by Rec Center;"{""coordinates"": [-123.10801095525639, 49.24386283539728], ""type"": ""Point""}";49.24386283539728, -123.10801095525639
Kerrisdale;Community Center;5851 West Boulevard;Kerrisdale;as per CC operating hours;as per CC operating hours;;Maintained by Rec Center;"{""coordinates"": [-123.157092907393, 49.233185354157136], ""type"": ""Point""}";49.233185354157136, -123.157092907393
Ray-Cam Co-Operative Center;Community Center;920 E Hastings St;Strathcona;as per CC operating hours;as per CC operating hours;;Maintained by Rec Center;"{""coordinates"": [-123.08408933364618, 49.28073616037553], ""type"": ""Point""}";49.28073616037553, -123.08408933364618
Thunderbird;Community Center;2311 Cassiar St;Hastings-Sunrise;as per CC operating hours;as per CC operating hours;;Maintained by Rec Center;"{""coordinates"": [-123.03210372093348, 49.26360783508792], ""type"": ""Point""}";49.26360783508792, -123.03210372093348
Trout Lake;Community Center;3360 Victoria Drive;Kensington-Cedar Cottage;as per CC operating hours;as per CC operating hours;;Maintained by Rec Center;"{""coordinates"": [-123.0655282767287, 49.25529203109934], ""type"": ""Point""}";49.25529203109934, -123.0655282767287
West Point Grey;Community Center;4397 W 2nd Av;West Point Grey;as per CC operating hours;as per CC operating hours;;Maintained by Rec Center;"{""coordinates"": [-123.20453347756238, 49.271797159807804], ""type"": ""Point""}";49.271797159807804, -123.20453347756238
Kitsilano Beach Park;Park - Field House;Kitsilano Showboat concession;Kitsilano;Dawn to Dusk;Dawn to Dusk;Yes;;"{""coordinates"": [-123.15754296825493, 49.273014033021276], ""type"": ""Point""}";49.273014033021276, -123.15754296825493
Queen Elizabeth Park;Park - Field House;Fieldhouse;Riley Park;Dawn to Dusk;Dawn to Dusk;No;;"{""coordinates"": [-123.11157705659876, 49.2389380168478], ""type"": ""Point""}";49.2389380168478, -123.11157705659876
Queen Elizabeth Park;Park - Public Washroom;Lookout;Riley Park;7:30 am - 9:00 pm;7:30 am - 9:00 pm;No;;"{""coordinates"": [-123.1129392155845, 49.24221158928431], ""type"": ""Point""}";49.24221158928431, -123.1129392155845
Queen Elizabeth Park;Park - Public Washroom;"Under ""Seasons""";Riley Park;7:30 am - 9:00 pm;7:30 am - 9:00 pm;No;;"{""coordinates"": [-123.11176444175848, 49.24182883201318], ""type"": ""Point""}";49.24182883201318, -123.11176444175848
VanDusen Botanical Garden;Park - Other Facilities;At front entrance;Shaughnessy;;;No;;"{""coordinates"": [-123.12863834069155, 49.23851044913808], ""type"": ""Point""}";49.23851044913808, -123.12863834069155
Stanley Park;Park - Public Washroom;Prospect Point;;Dawn to Dusk;Dawn to Dusk;Yes;;"{""coordinates"": [-123.1426488314594, 49.312411041972126], ""type"": ""Point""}";49.312411041972126, -123.1426488314594
Stanley Park;Park - Field House;2nd Beach, fieldhouse;;Dawn to Dusk;Dawn to Dusk;Yes;;"{""coordinates"": [-123.15058105411318, 49.2955311006131], ""type"": ""Point""}";49.2955311006131, -123.15058105411318
Stanley Park;Park - Public Washroom;Pitch & Putt Golf Course;;Dawn to Dusk;Dawn to Dusk;Yes;;"{""coordinates"": [-123.14659902498151, 49.293035036480276], ""type"": ""Point""}";49.293035036480276, -123.14659902498151
Stanley Park;Park - Field House;3rd Beach, fieldhouse;;Dawn to Dusk;Dawn to Dusk;Yes;;"{""coordinates"": [-123.15593104827661, 49.303152991481056], ""type"": ""Point""}";49.303152991481056, -123.15593104827661
Stanley Park;Park - Public Washroom;Train, Picnic Shelter;;Dawn to Dusk;Dawn to Dusk;Yes;;"{""coordinates"": [-123.1329230416995, 49.30206900196531], ""type"": ""Point""}";49.30206900196531, -123.1329230416995
Stanley Park;Park - Public Washroom;Pavilion;;Dawn to Dusk;Dawn to Dusk;Yes;;"{""coordinates"": [-123.13405101599089, 49.29954903031209], ""type"": ""Point""}";49.29954903031209, -123.13405101599089
Sunset Beach;Park - Vancouver Aquatic Center;Vancouver Aquatic Center;West End;;;;;"{""coordinates"": [-123.1354245669431, 49.27677906038726], ""type"": ""Point""}";49.27677906038726, -123.1354245669431
Kingcrest Park;Park - Public Washroom;Playground;Kensington-Cedar Cottage;Dawn to Dusk;Dawn to Dusk;Yes;;"{""coordinates"": [-123.07460205675565, 49.247311891660345], ""type"": ""Point""}";49.247311891660345, -123.07460205675565
Vancouver Technical Secondary;Park - Public Washroom;NE of synturf field;Renfrew-Collingwood;;;;;"{""coordinates"": [-123.05008933604122, 49.260558155229134], ""type"": ""Point""}";49.260558155229134, -123.05008933604122
Coopers' Park;Park - Portland Loo;East side of baskeball court;Downtown;24 hrs;24 hrs;Yes;;"{""coordinates"": [-123.11441858743608, 49.27304228604446], ""type"": ""Point""}";49.27304228604446, -123.11441858743608
Kinross Corridor - South;Park - Portland Loo;Central;Killarney;24 hours;24 hours;Yes;;"{""coordinates"": [-123.03719454359039, 49.20494028165919], ""type"": ""Point""}";49.20494028165919, -123.03719454359039
;SmallAPT;Richards St and Davie St, Emery Barnes Park;Downtown;24hrs - 24hrs;24hrs - 24hrs;No;;"{""coordinates"": [-123.12409855430492, 49.27604879058913], ""type"": ""Point""}";49.27604879058913, -123.12409855430492
;SmallAPT;Bute St and Davie St;West End;24hrs - 24hrs;24hrs - 24hrs;No;;"{""coordinates"": [-123.1331255518689, 49.28184849172984], ""type"": ""Point""}";49.28184849172984, -123.1331255518689
;ComfortStation;Victory Square;Downtown;6:00am - Midnight;6:00am - Midnight;No;;"{""coordinates"": [-123.11011655435033, 49.282584988709225], ""type"": ""Point""}";49.282584988709225, -123.11011655435033
;ComfortStation;Main St and E Hastings St;Downtown;8am (female) 6am (male) - Midnight;8am (female) 6am (male) - Midnight;No;;"{""coordinates"": [-123.09983455686556, 49.281101387409784], ""type"": ""Point""}";49.281101387409784, -123.09983455686556
;SmallAPT;W Hastings St and Carral St - Pigeon Park;Downtown;9am - 9pm;9am - 9pm;No;;"{""coordinates"": [-123.104586555944, 49.2816327884418], ""type"": ""Point""}";49.2816327884418, -123.104586555944
;SmallAPT;Nelson St and Howe St;Downtown;24hrs - 24hrs;24hrs - 24hrs;No;;"{""coordinates"": [-123.12350055300314, 49.27969079080763], ""type"": ""Point""}";49.27969079080763, -123.12350055300314
Adanac Park;Park - Field House;East side, fieldhouse;Hastings-Sunrise;Dawn to Dusk;Dawn to Dusk;No;;"{""coordinates"": [-123.02407196073857, 49.27588096678511], ""type"": ""Point""}";49.27588096678511, -123.02407196073857
Barclay Heritage Square;Community Center;Barclay Manor (WECC);West End;as per CC operating hours;as per CC operating hours;No;Maintained by Rec Center;"{""coordinates"": [-123.13256051081169, 49.28721486906602], ""type"": ""Point""}";49.28721486906602, -123.13256051081169
Beaconsfield Park;Park - Field House;East side, fieldhouse;Renfrew-Collingwood;Dawn to Dusk;Dawn to Dusk;No;;"{""coordinates"": [-123.0499339599333, 49.25523298883689], ""type"": ""Point""}";49.25523298883689, -123.0499339599333
Bobolink Park;Park - Field House;North side, fieldhouse;Victoria-Fraserview;Dawn to Dusk;Dawn to Dusk;No;;"{""coordinates"": [-123.0564149547593, 49.2156069853625], ""type"": ""Point""}";49.2156069853625, -123.0564149547593
Braemar Park;Park - Field House;East edge, fieldhouse;South Cambie;Dawn to Dusk;Dawn to Dusk;No;;"{""coordinates"": [-123.12448302133969, 49.247420993345145], ""type"": ""Point""}";49.247420993345145, -123.12448302133969
Burrard View Park;Park - Field House;Fieldhouse;Hastings-Sunrise;Dawn to Dusk;Dawn to Dusk;No;;"{""coordinates"": [-123.0496489708471, 49.29036396132682], ""type"": ""Point""}";49.29036396132682, -123.0496489708471
Clinton Park;Park - Field House;North east corner, fieldhouse;Hastings-Sunrise;Dawn to Dusk;Dawn to Dusk;No;;"{""coordinates"": [-123.04978202766654, 49.27114503208771], ""type"": ""Point""}";49.27114503208771, -123.04978202766654
Collingwood Park;Park - Field House;South corner, fieldhouse;Renfrew-Collingwood;Dawn to Dusk;Dawn to Dusk;No;;"{""coordinates"": [-123.03671596074693, 49.23652996299787], ""type"": ""Point""}";49.23652996299787, -123.03671596074693
David Lam Park;Park - Public Washroom;West side;Downtown;10:00 am - Dusk;10:00 am - Dusk;No;;"{""coordinates"": [-123.12541503573891, 49.272383006623514], ""type"": ""Point""}";49.272383006623514, -123.12541503573891
Elm Park;Park - Field House;Central, field house;Kerrisdale;Dawn to Dusk;Dawn to Dusk;No;;"{""coordinates"": [-123.16328394393362, 49.233431978269714], ""type"": ""Point""}";49.233431978269714, -123.16328394393362
English Bay Beach Park;Park - Field House;Bathhouse;West End;7:00 am - Dusk;10:00 am - Dusk;Yes;;"{""coordinates"": [-123.14280496653114, 49.28615403907862], ""type"": ""Point""}";49.28615403907862, -123.14280496653114
Falaise Park;Park - Field House;Community Hall;Renfrew-Collingwood;Dawn to Dusk;Dawn to Dusk;No;;"{""coordinates"": [-123.02940598630023, 49.25512303377224], ""type"": ""Point""}";49.25512303377224, -123.02940598630023
Fraserview Golf Course;Park - Public Washroom;Kerr Road @13th hole;Killarney;Dawn to Dusk;Dawn to Dusk;No;;"{""coordinates"": [-123.04229966821495, 49.21129535127276], ""type"": ""Point""}";49.21129535127276, -123.04229966821495
Grandview Park;Park - Public Washroom;North East Corner;Grandview-Woodland;Dawn to Dusk;Dawn to Dusk;Yes;;"{""coordinates"": [-123.06995444645655, 49.27376163002459], ""type"": ""Point""}";49.27376163002459, -123.06995444645655
Jones Park;Park - Field House;North west corner, fieldhouse;Kensington-Cedar Cottage;Dawn to Dusk;Dawn to Dusk;No;;"{""coordinates"": [-123.06832802681417, 49.23620495798543], ""type"": ""Point""}";49.23620495798543, -123.06832802681417
Oak Park;Park - Field House;East side field house;Marpole;Dawn to Dusk;Dawn to Dusk;No;;"{""coordinates"": [-123.12764097866085, 49.216285994146425], ""type"": ""Point""}";49.216285994146425, -123.12764097866085
Oppenheimer Park;Park - Field House;North east corner;Strathcona;Tue - Sat 9:00 am - 8:00 pm;Tue - Sat 9:00 am - 5:00 pm;No;;"{""coordinates"": [-123.09382210202949, 49.282726316667315], ""type"": ""Point""}";49.282726316667315, -123.09382210202949
Prince Edward Park;Park - Field House;Sout east corner, fieldhouse;Riley Park;Dawn to Dusk;Dawn to Dusk;No;;"{""coordinates"": [-123.09705699407515, 49.2511909708645], ""type"": ""Point""}";49.2511909708645, -123.09705699407515
Strathcona Park;Park - Field House;South side, fieldhouse;Strathcona;Dawn to Dusk;Dawn to Dusk;No;;"{""coordinates"": [-123.08618899110523, 49.274557005731424], ""type"": ""Point""}";49.274557005731424, -123.08618899110523
Tatlow Park;Park - Field House;South, field house;Kitsilano;Dawn to Dusk;Dawn to Dusk;No;;"{""coordinates"": [-123.1695119500403, 49.269476011035984], ""type"": ""Point""}";49.269476011035984, -123.1695119500403
Trillium Park;Park - Field House;Fieldhouses North of Fields;Strathcona;Dawn to 10:15 pm;Dawn to 10:15 pm;Yes;;"{""coordinates"": [-123.09279211961659, 49.27490778897944], ""type"": ""Point""}";49.27490778897944, -123.09279211961659
Victoria Park;Park - Field House;West side;Grandview-Woodland;Dawn to Dusk;Dawn to Dusk;No;;"{""coordinates"": [-123.06741301627554, 49.27174404161037], ""type"": ""Point""}";49.27174404161037, -123.06741301627554
Winona Park;Park - Field House;Fieldhouse;Marpole;Dawn to Dusk;Dawn to Dusk;No;;"{""coordinates"": [-123.1129489448175, 49.2157179794086], ""type"": ""Point""}";49.2157179794086, -123.1129489448175
Carnegie Centre;Community Center;401 Main St;Downtown;as per CC operating hours;as per CC operating hours;;Maintained by Rec Center;"{""coordinates"": [-123.1001272122058, 49.28105198363573], ""type"": ""Point""}";49.28105198363573, -123.1001272122058
Creekside;Community Center;1 Athletes Way;Mount Pleasant;as per CC operating hours;as per CC operating hours;;Maintained by Rec Center;"{""coordinates"": [-123.10558600026903, 49.271786998950255], ""type"": ""Point""}";49.271786998950255, -123.10558600026903
Douglas Park;Community Center;801 W 22nd Av;South Cambie;as per CC operating hours;as per CC operating hours;;Maintained by Rec Center;"{""coordinates"": [-123.1224846980371, 49.25211550271029], ""type"": ""Point""}";49.25211550271029, -123.1224846980371
False Creek;Community Center;1318 Cartwright St;Fairview;as per CC operating hours;as per CC operating hours;;Maintained by Rec Center;"{""coordinates"": [-123.13402027146624, 49.26939706950529], ""type"": ""Point""}";49.26939706950529, -123.13402027146624
Hastings;Community Center;3096 E Hastings St;Hastings-Sunrise;as per CC operating hours;as per CC operating hours;;Maintained by Rec Center;"{""coordinates"": [-123.03930991502807, 49.28080523369717], ""type"": ""Point""}";49.28080523369717, -123.03930991502807
Kensington;Community Center;5175 Dumfries St;Kensington-Cedar Cottage;as per CC operating hours;as per CC operating hours;;Maintained by Rec Center;"{""coordinates"": [-123.07466320602174, 49.23716575410908], ""type"": ""Point""}";49.23716575410908, -123.07466320602174
Killarney;Community Center;6260 Killarney St;Killarney;as per CC operating hours;as per CC operating hours;;Maintained by Rec Center;"{""coordinates"": [-123.04396930018117, 49.227036528639395], ""type"": ""Point""}";49.227036528639395, -123.04396930018117
Marpole-Oakridge;Community Center;990 W 59th Av;Marpole;as per CC operating hours;as per CC operating hours;;Maintained by Rec Center;"{""coordinates"": [-123.12867950214907, 49.21677185719457], ""type"": ""Point""}";49.21677185719457, -123.12867950214907
Mount Pleasant;Community Center;1 Kingsway;Mount Pleasant;as per CC operating hours;as per CC operating hours;;Maintained by Rec Center;"{""coordinates"": [-123.10022103999769, 49.26431464836041], ""type"": ""Point""}";49.26431464836041, -123.10022103999769
Renfrew Park;Community Center;2929 E 22nd Av;Renfrew-Collingwood;as per CC operating hours;as per CC operating hours;;Maintained by Rec Center;"{""coordinates"": [-123.04253597366501, 49.25139334511461], ""type"": ""Point""}";49.25139334511461, -123.04253597366501
Roundhouse;Community Center;181 Roundhouse Mews;Downtown;as per CC operating hours;as per CC operating hours;;Maintained by Rec Center;"{""coordinates"": [-123.12187292336921, 49.27331410684991], ""type"": ""Point""}";49.27331410684991, -123.12187292336921
Strathcona;Community Center;601 Keefer St;Strathcona;as per CC operating hours;as per CC operating hours;;Maintained by Rec Center;"{""coordinates"": [-123.09154620769537, 49.27977979182844], ""type"": ""Point""}";49.27977979182844, -123.09154620769537
Sunset;Community Center;6810 Main St;Sunset;as per CC operating hours;as per CC operating hours;;Maintained by Rec Center;"{""coordinates"": [-123.10061043466422, 49.22286659360109], ""type"": ""Point""}";49.22286659360109, -123.10061043466422
West End;Community Center;870 Denman St;West End;as per CC operating hours;as per CC operating hours;;Maintained by Rec Center;"{""coordinates"": [-123.13607377734198, 49.28991296095057], ""type"": ""Point""}";49.28991296095057, -123.13607377734198
Spanish Banks Beach Park;Park - Field House;East, fieldhouse;West Point Grey;Dawn to Dusk;Dawn to Dusk;Yes;;"{""coordinates"": [-123.21492003723965, 49.27624397436314], ""type"": ""Point""}";49.27624397436314, -123.21492003723965
Jericho Beach Park;Park - Public Washroom;Service Yard - public exterior attached to service building;West Point Grey;Dawn - 11:00 pm;Dawn - 11:00 pm;Yes;;"{""coordinates"": [-123.20282013106964, 49.27442916398478], ""type"": ""Point""}";49.27442916398478, -123.20282013106964
Jericho Beach Park;Park - Field House;Concession/fieldhouse;West Point Grey;Dawn to Dusk;Dawn to Dusk;Yes;;"{""coordinates"": [-123.19165896021171, 49.27158002043445], ""type"": ""Point""}";49.27158002043445, -123.19165896021171
New Brighton Park;Park - Field House;North east corner, fieldhouse;Hastings-Sunrise;Dawn to Dusk;Dawn to Dusk;Yes;;"{""coordinates"": [-123.03602500739287, 49.2893339689014], ""type"": ""Point""}";49.2893339689014, -123.03602500739287
Rupert Park;Park - Public Washroom;Pitch & Putt (north side);Hastings-Sunrise;Dawn to Dusk;Dawn to Dusk;Yes;;"{""coordinates"": [-123.03068295983304, 49.27305000034845], ""type"": ""Point""}";49.27305000034845, -123.03068295983304
VanDusen Botanical Garden;Park - Other Facilities;Floral hall;Shaughnessy;;;No;;"{""coordinates"": [-123.12955764644593, 49.23865943194846], ""type"": ""Point""}";49.23865943194846, -123.12955764644593
Stanley Park;Park - Field House;Ceperley Picnic Shelter;;Dawn to Dusk;Dawn to Dusk;Yes;;"{""coordinates"": [-123.14868000781655, 49.29359490461841], ""type"": ""Point""}";49.29359490461841, -123.14868000781655
Stanley Park;Other Facilities;Aquarium plaza;;Dawn to Dusk;Dawn to Dusk;Yes;Not Managed by PB;"{""coordinates"": [-123.13070000527493, 49.29986799505516], ""type"": ""Point""}";49.29986799505516, -123.13070000527493
Stanley Park;Park - Public Washroom;Brockton Oval;;Dawn to Dusk;Dawn to Dusk;Yes;;"{""coordinates"": [-123.1260230030714, 49.29962596371272], ""type"": ""Point""}";49.29962596371272, -123.1260230030714
Robson Park;Park - Field House;South East Corner Fieldhouse;Mount Pleasant;;;;;"{""coordinates"": [-123.09133535945465, 49.25773293061713], ""type"": ""Point""}";49.25773293061713, -123.09133535945465
Spanish Banks - Extension;Park - Portable Toilet;West Parking Lot;;;;;;"{""coordinates"": [-123.2316979575523, 49.27855190506317], ""type"": ""Point""}";49.27855190506317, -123.2316979575523
Oak Meadows Park;Park - Public Washroom;NW Corner;South Cambie;Dawn to Dusk;Dawn to Dusk;Yes;Has Team Storage;"{""coordinates"": [-123.12696035775168, 49.239023555593874], ""type"": ""Point""}";49.239023555593874, -123.12696035775168
Riley Park;Park - Field House;Fieldhouse;Riley Park;Dawn to Dusk;Dawn to Dusk;No;;"{""coordinates"": [-123.10360324008157, 49.242037351407895], ""type"": ""Point""}";49.242037351407895, -123.10360324008157
s??q?lxen?m ts'exwts'a?xwi7 (Rainbow);Park - Public Washroom;872 Richards St;Downtown;Dawn to Dusk;Dawn to Dusk;Yes;;"{""coordinates"": [-123.11893195123973, 49.27898586086035], ""type"": ""Point""}";49.27898586086035, -123.11893195123973
China Creek North Park;Park - Public Washroom;south-east corner;Mount Pleasant;Dawn to Dusk;Dawn to Dusk;Yes;;"{""coordinates"": [-123.08153102730606, 49.26449424499932], ""type"": ""Point""}";49.26449424499932, -123.08153102730606
Mccleery Golf Course;Park - Public Washroom;Unsure of exact location;Kerrisdale;;;;;"{""coordinates"": [-123.16787418477044, 49.22102317203254], ""type"": ""Point""}";49.22102317203254, -123.16787418477044
Kerrisdale Park;Park - Public Washroom;Ice Rink;Shaughnessy;;;;;"{""coordinates"": [-123.15353285764631, 49.23543806888743], ""type"": ""Point""}";49.23543806888743, -123.15353285764631
West Fraserlands Childare Centre;Park - Public Washroom;West Fraserlands Childcare Centre;Killarney;;;;;"{""coordinates"": [-123.04464654205405, 49.20617033163431], ""type"": ""Point""}";49.20617033163431, -123.04464654205405
